gene_names,Hox_8,Hox_2,Hox_3,Hox_7,Hox_5,Hox_6,Hox_10,Hox_9,Hox_1,Hox_4,No_hox_7,No_hox_8,No_hox_9,No_hox_2,No_hox_3,No_hox_4,No_hox_10,No_hox_6,No_hox_1,No_hox_5
TC002563,6.02215917137515,5.517372929344551,1.6334887489283012,3.1142752754471004,2.5290174284133307,1.783074609079728,3.0006548455320305,2.187240733565041,4.384045374340799,2.8308525600388426,2.260037582839394,2.257895443181716,1.1623013069195414,2.7535970206521,2.0025142380742684,2.2631440216460366,1.1769949690106976,3.8258964823265074,2.66570274828471,1.6590254300860556
TC012888,1.8395560033423277,2.6861707523916336,2.912501946668649,2.8073261947839234,2.069985282568676,2.844550930420185,3.0694982258449843,2.7689715763770555,2.711535193984577,2.4544425171770428,1.66614421667106,2.771660096376308,2.4837738188296155,2.6100067700914114,1.662366462833981,1.6689575493934654,1.7027859454668932,2.002905761028916,1.1723815205407382,1.1401041028298804
Thor,2.767496462918504,2.622033314941236,2.7507888109813137,3.02945050548529,2.8689946404581397,3.09747409738849,3.3228095084874423,2.9220369897208065,2.933838981985131,3.02074491125922,2.0065464682722505,2.004476407045224,2.652093169115007,2.6100067700914114,2.769534087314214,1.6689575493934654,2.816142923294055,3.107654934409267,1.1723815205407382,1.1401041028298804
TC031366,4.299577433277593,4.424943406540845,4.5331538227527,4.378814616549561,4.49575973614618,4.520324587065848,4.323932731685278,4.568159532912726,4.323835132080857,4.510817547005309,4.146778993309521,3.873202801885504,3.8987395778906997,4.365575995187469,4.382373744476404,3.9642282101816044,4.376528152367293,4.072354942912077,3.148313876349847,3.9922628725406177
TC032020,2.449925764051138,2.4799190694097577,2.557782805377764,2.7207777657825893,2.894858492136233,2.64226890405972,3.0006548455320305,2.6826502107805936,2.742179661106598,2.4544425171770428,0.0,1.664204678111126,2.0270750710205108,1.1313560308035928,2.0025142380742684,2.2631440216460366,2.5033232625550084,2.25627000499111,2.66570274828471,2.89130194183645
en,3.8943668191351803,3.8013415178858687,3.6984645585812075,3.7849668654044764,4.03242752439871,3.6580494729599073,4.049018476939255,3.942356193168226,3.80734552479547,3.7842601230551964,3.1116746532680453,3.284245000526454,3.646853784072521,2.879134254410108,3.2820620299269514,3.4386996662804363,3.7761478018738774,3.7781956688218337,3.6020898813653224,3.493667420368431
Osi3,5.185042409829487,5.324077198772494,4.810715688811644,5.490037413582377,5.354277371414137,5.574812098893807,5.5744595269624515,5.0920780560421885,4.858854825101954,4.980353994887152,4.359922171172806,5.209281334864904,4.968586008085215,4.92355638722944,4.89353890712751,4.647838720110859,4.45777347478114,4.660659604699073,4.682357138387251,5.0099455371322525
ect,5.176924997310172,5.191241684769416,5.15177598428512,5.447575098297746,5.188478952446521,5.5917265918402395,5.495336285061007,5.004643177324251,4.939139378806151,5.067808106736194,4.779311948730466,5.161349102812256,4.889122546993828,4.997144708787054,4.756498301095804,4.668262431259715,4.668113446386095,4.619389389859488,5.042441256865344,4.806021923534612
Osi7,5.776024340761161,5.762895816265101,5.63933786123227,6.197086130224823,5.674614616179422,5.985821089733573,6.221177783249205,5.619216648321714,5.070935625475784,5.409644649562615,5.100387860948431,5.098010451420539,5.199475475620991,5.473462644953881,5.436076337881232,4.933122346194213,5.232725379220096,5.0001999519108224,5.559304925459131,5.323990050936646
Osi8,6.302205528190951,6.109265506004302,6.149718203849881,6.642975877227082,6.152803867978099,6.499707735199411,6.707380673912371,6.145057621446862,5.62024854658472,5.9735667199643485,5.373360984170726,5.939934891051876,5.943140300993922,6.114719888857343,6.049510277195049,5.43481987024394,5.702224756811607,5.338857947126812,6.202045883974049,5.641113824339412
CG9411,4.089540123052547,3.934626269997788,3.8458148132904624,4.189793035169525,3.477911563165124,4.062651840698488,4.2172320228008875,4.149555103257869,3.4920135329568915,3.5592399849286087,2.899601183550748,3.433028608586448,3.386580259691715,4.018116400143374,3.497667088842111,3.2898857882327013,3.7233525922819353,3.619703428663625,3.769625578888624,3.670911237649233
TC007826,3.5737479056320183,3.8510072519462435,2.912501946668649,2.7504673599961476,1.8779012609306953,2.734011642724456,3.866854090877464,2.5881674166663706,1.8902383257699933,2.0347009641405185,0.0,1.664204678111126,1.1623013069195414,2.442284926118722,2.2558648098380703,2.2631440216460366,2.3004265196279556,2.25627000499111,2.0397939969739234,1.6590254300860556
TC034592,2.88165210137462,2.9800944285287994,3.4264725776397396,2.52134055152138,2.9446619470828352,3.1175861649940733,2.8742060939991743,2.8980983312148814,3.005925165096293,3.0421335155380067,0.0,1.1444570255726072,1.6853920561100812,2.990655125545016,3.1072225615998956,2.633319401290453,2.0456039741750236,2.002905761028916,3.148313876349847,2.454058142981572
TC007085,4.11343080842793,4.259073381822165,3.7536153195722894,4.007727102703967,3.823842260062503,4.151452403132949,3.8767950855455755,3.9076532090047524,4.272912452855624,4.158148346955785,2.6301012000836064,3.4998665597802083,2.9219921854518613,4.222377537692879,3.497667088842111,3.505549816629888,3.7233525922819353,3.359648919794132,4.397756037439569,3.426842854800411
TC005430,3.8845220809285035,3.5344669865797744,3.4558072656009298,3.8356443247536847,3.6948616107513206,3.6809801916162104,3.805038873664448,3.623717293404708,3.731744040843518,3.494075151463962,2.899601183550748,3.1093892775871645,2.9219921854518613,3.543787623539662,3.2820620299269514,3.4386996662804363,3.4071768697391285,3.1988926812637963,3.7168386874285866,3.426842854800411
TC032050,2.88165210137462,2.622033314941236,2.1730976167846863,2.6260228408090573,2.5290174284133307,3.1373016993375344,2.631285676579059,3.0752565027768717,2.5786032008350945,2.9536891551597586,2.462090979489322,3.0089751972846077,2.2812726865496544,1.9878156422503623,2.4578290776966436,1.1484547577024717,2.3004265196279556,1.662733234389562,2.0397939969739234,1.6590254300860556
TC005470,3.141453456043413,2.8032849575441015,2.834910715418653,2.6586156730126405,2.920070235587152,2.64226890405972,2.7898731892185156,2.187240733565041,3.2870080494583944,2.930299367833443,1.66614421667106,2.627881781447697,2.9219921854518613,1.9878156422503623,2.4578290776966436,0.0,2.0456039741750236,0.0,2.49719542604005,1.9989472905658339
GC,3.0081535795665997,3.169361477336745,3.0297772973510693,3.282316340284655,2.8689946404581397,3.2824228497035426,2.9008073801802747,3.0338216335250747,3.156310214532849,2.976544340741135,2.6301012000836064,3.2006340956805572,2.9219921854518613,2.6100067700914114,2.2558648098380703,2.009548646768774,3.1547039081795525,2.002905761028916,2.66570274828471,2.252173047062443
5-HT2B,3.240391441274912,3.2781767324187547,3.2114215396622923,3.3488033281443084,3.16212377870211,3.1756036331791804,3.1544851597603913,3.2932098698787553,3.2330719632712968,3.2851576302227135,2.7739026295078646,3.0089751972846077,3.134312102327972,2.879134254410108,2.4578290776966436,2.633319401290453,2.816142923294055,2.25627000499111,3.047711405644143,2.765668407814658
TC010127,4.252770539932158,4.135793184274211,4.103235575050705,4.161658679964912,4.040579777346055,4.085602125760981,4.285241785436121,4.085143844514077,4.0302084480363,4.185499422439794,3.960826426641143,4.0741394735510905,4.203475197328457,3.4143768215193147,3.2820620299269514,3.3670583730052317,3.7761478018738774,3.359648919794132,3.9130794579340358,3.9104850116016237
TC009466,5.1065879367390385,6.281884197782809,3.154462383590367,1.3209193735687415,3.4192145708762895,4.7626509369335635,5.630803095999706,2.5881674166663706,3.637706258609548,2.6907859806520924,2.260037582839394,3.1093892775871645,1.6853920561100812,1.1313560308035928,1.1429116774260601,2.2631440216460366,3.5458499771696417,1.1432199782574997,1.1723815205407382,1.6590254300860556
kar,3.560156663461353,3.225248470193945,3.051667884714537,3.3161122974127903,3.448993672323152,3.299167189799868,3.305446268299114,3.3253280250479245,3.214426836762276,3.395062313976605,3.679473405600907,2.89734099610226,3.134312102327972,1.9878156422503623,1.1429116774260601,3.1149882261601682,2.0456039741750236,2.895625805991387,2.9358442657528094,3.355230945858714
CG14285,2.8262023371576706,2.8032849575441015,2.658935013452987,2.5923318224096534,2.4119986401201543,3.0345907029839263,3.0914316308138527,2.407663702297301,2.5048639113994304,2.7491871011416213,2.6301012000836064,1.1444570255726072,2.9219921854518613,2.442284926118722,1.1429116774260601,2.2631440216460366,2.3004265196279556,1.662733234389562,2.0397939969739234,2.252173047062443
wupA,4.648886718794418,4.73262981379298,4.118252725854899,4.337797481281776,4.2906915710664135,4.464957034308862,4.385266141082915,4.344189544532333,4.155239503465664,4.36415431339469,4.212449506542686,3.621470268016256,4.326878727815848,3.7611336730956006,3.497667088842111,3.6828537633011518,3.66761392643288,3.9566992952040203,4.250207001257181,3.9922628725406177
TC004159,2.5297194902846463,2.2197710982068712,2.5926495147577104,2.404404652476722,2.8689946404581397,2.9674860565530485,2.72942157218502,2.822639099643793,2.425251161837415,3.1036842688763295,2.260037582839394,1.1444570255726072,2.2812726865496544,2.442284926118722,1.662366462833981,1.6689575493934654,2.5033232625550084,2.002905761028916,2.294421874173465,1.9989472905658339
fat-spondin,3.5737479056320183,2.5883529819749547,2.721098555653753,3.007070350810442,2.8689946404581397,3.3789249313937857,2.8742060939991743,3.0124420740302535,3.028843618383609,3.198531885806854,2.462090979489322,2.004476407045224,3.134312102327972,2.442284926118722,1.1429116774260601,2.009548646768774,2.816142923294055,2.769958330056334,2.49719542604005,1.6590254300860556
fd96Ca,4.065064673929241,4.106203853460396,4.147626959053049,4.307434029070078,4.404133496514631,4.449309145699654,4.22424495045046,3.7956747574101306,3.9432991267308557,3.82376922956131,3.679473405600907,3.6771418366209145,4.267079309874893,3.4143768215193147,3.006819183888132,3.9642282101816044,3.919622188504012,3.9149709065240534,4.038512485068145,3.6152489549527256
TC014513,3.518238162910223,3.7273852942788817,3.6400937387635404,3.4979233233142666,3.5333534035579803,3.5733792400499227,3.373160457266522,3.386626011105416,3.637706258609548,3.395062313976605,3.286547482591985,3.284245000526454,3.134312102327972,2.7535970206521,2.2558648098380703,3.1149882261601682,3.1547039081795525,2.626197590037222,2.49719542604005,3.1032826391435115
if,6.479506332886254,6.525078854874029,6.473351675460806,6.36246380842766,6.381009169961512,6.395716025061161,6.419327954980801,6.145999440258632,6.325932873119265,6.296649572214485,6.150171947855181,5.978620772990396,6.21856120634406,5.99139669255691,5.779257077441655,6.082500264665104,6.21321369438519,5.9037305859357,6.035359964784387,5.9391778963120245
Hexo2,3.3642727946768742,2.654616146916589,2.658935013452987,2.7207777657825893,2.894858492136233,2.920109725061499,2.7898731892185156,2.6521371836870804,2.542413087533145,2.8308525600388426,1.14608804439965,2.257895443181716,2.4837738188296155,2.240648901539056,0.0,2.7771542552550508,2.6719155593267985,1.662733234389562,2.0397939969739234,1.6590254300860556
vkg,4.9283840232198495,4.874556196082603,4.952979163854102,4.644462253257623,4.941326492797306,5.042401620492207,4.958150671029103,4.9281006889950625,4.836806040861557,4.6929314945825515,4.464003931349721,4.599894649942963,4.581701342320638,4.338529940207818,4.071910044384765,4.835427234603481,4.45777347478114,4.5541033881194375,4.5263074385710835,4.45532072351243
TC007822,3.812753754925821,4.1924680915788475,3.8935868887770404,4.024231264175951,3.7826698480635734,3.736106922568188,4.097771215864531,3.8532305616832385,4.062962055048264,4.093727966146588,3.4353434671294485,3.3614013263441245,3.7025626460832233,3.6027105840352993,3.006819183888132,3.5682096830959957,3.5458499771696417,3.5607518203695836,3.7168386874285866,4.103611967720614
cmpy,2.934188052251692,3.2432042969273596,3.3650881424060133,2.9607489516226884,3.5333534035579803,3.363474182183704,3.269788297446875,3.22570265898021,2.958449628678479,2.8308525600388426,1.14608804439965,2.459903132019709,3.033776559688834,2.442284926118722,1.1429116774260601,2.009548646768774,3.4071768697391285,2.458242944320711,2.8098679588574798,3.1945025045904094
TC001789,3.503865540873066,3.611237169589318,3.4982563233763506,3.651709178575739,3.7286996201536002,3.610547616249455,3.373160457266522,3.669557232610945,3.4920135329568915,3.5592399849286087,2.6301012000836064,3.1093892775871645,3.386580259691715,3.3427961838064353,2.625777733252747,3.1149882261601682,3.1547039081795525,3.282497649213479,2.8098679588574798,3.493667420368431
Cubn,2.88165210137462,2.6861707523916336,2.404717032000018,3.5252532868461257,3.1222509820971527,3.2480688254252983,3.4518242912415618,2.7689715763770555,2.5786032008350945,2.415611208157985,2.899601183550748,2.627881781447697,2.2812726865496544,2.6100067700914114,1.662366462833981,2.2631440216460366,2.9421666675027756,2.002905761028916,2.294421874173465,1.1401041028298804
TC016298,3.6640410555068854,3.3606042102740945,3.411476096339028,3.815680455633884,3.6357889647796653,3.634580571389516,3.9529539258066646,3.444382590526198,3.6253045173448726,3.6438768410682507,3.5021864062496015,3.284245000526454,3.2256571872044986,3.1821466385685167,3.3592120388435283,3.2898857882327013,3.329891574555676,3.007249419129333,2.9358442657528094,2.454058142981572
Mlc1,3.735433733905756,4.060110523829185,3.603362512359422,3.627665024271852,3.4920628448188196,3.808510102393383,3.7835544742542506,3.862509180879621,3.53389870010861,3.3800820286834137,3.1116746532680453,3.284245000526454,3.2256571872044986,2.990655125545016,2.4578290776966436,3.1149882261601682,2.816142923294055,2.769958330056334,3.472446161757052,1.1401041028298804
TC033609,3.054589413712907,2.9800944285287994,2.8076488583715347,2.7504673599961476,3.015004277735296,2.734011642724456,2.72942157218502,2.6826502107805936,2.8288517815314402,2.777156531285017,2.6301012000836064,1.664204678111126,2.652093169115007,2.240648901539056,2.0025142380742684,2.633319401290453,1.1769949690106976,2.002905761028916,2.66570274828471,1.1401041028298804
Acsf2,3.546378151272344,3.5476783135598957,3.5255865670035287,3.3647566222071044,3.5467465523543122,3.3789249313937857,3.047072937790584,3.3716501631253566,3.156310214532849,3.494075151463962,2.899601183550748,2.89734099610226,3.386580259691715,3.1821466385685167,3.006819183888132,2.633319401290453,2.9421666675027756,2.895625805991387,3.047711405644143,2.454058142981572
Pvr,4.885684749756744,4.712361072930328,4.401858269825269,4.319690262849348,4.749170789603012,4.627043933357492,4.544423230488978,4.467488046777432,4.594090536864029,4.705040347159022,4.359922171172806,3.9167501699162424,4.383303054991326,4.310732013879892,4.107668760301131,4.183568000038873,4.45777347478114,4.035269678003512,3.8675103653668783,3.6152489549527256
Calx,3.4594650528947732,3.5210787810313686,3.4264725776397396,3.2293792820008487,3.559962692804151,3.363474182183704,3.4668408546643157,3.2080889508653856,3.2513758026731034,3.438702015385462,3.5648399374218944,3.0089751972846077,3.2256571872044986,3.4143768215193147,2.895198213171213,2.9028783369155895,3.2461291853537837,2.458242944320711,2.9358442657528094,1.9989472905658339
TC033236,3.313047764326305,2.9566707114948154,2.937083138293063,3.5518561510184594,3.1222509820971527,3.09747409738849,3.11289426858937,2.8484300561485685,3.418053475611418,3.3016173760445384,2.899601183550748,3.3614013263441245,2.9219921854518613,2.442284926118722,2.895198213171213,2.633319401290453,2.5033232625550084,2.626197590037222,2.294421874173465,2.454058142981572
TC033129,4.344291055815172,4.178597640062647,4.133047694273578,4.024231264175951,4.2906915710664135,4.49553686171109,4.391197554146088,4.216570433646315,4.1024507807474295,4.137132643634487,3.919094615869396,4.037053041086591,4.170088807922798,3.0909775208684254,3.5603120737789373,4.004290609018064,3.874046897540696,4.108113929761916,3.661109293242718,3.2780924592588456
side,3.3807808331073717,3.465658122365551,3.3164432259679457,3.0937340540663523,3.3728141292899325,3.5983110164648138,3.5247488564895306,3.4856111333610054,2.856149873460655,3.2514023704780968,2.260037582839394,3.3614013263441245,3.2256571872044986,1.9878156422503623,3.1072225615998956,3.505549816629888,2.3004265196279556,3.107654934409267,2.0397939969739234,1.9989472905658339
TC031533,3.054589413712907,2.8570704320871116,2.9845038594220714,2.8073261947839234,3.0592924580556224,2.7043561771421762,2.9008073801802747,2.945415960916841,2.771912899787078,2.8566566803365783,2.260037582839394,2.771660096376308,0.0,2.879134254410108,2.625777733252747,2.2631440216460366,2.816142923294055,2.458242944320711,1.1723815205407382,3.0028987820819855
TC002126,3.2953725661108235,3.43675175440879,2.7507888109813137,3.282316340284655,3.20046750876007,2.7628129318731385,3.1944150993151457,3.0124420740302535,3.005925165096293,3.2851576302227135,2.0065464682722505,3.1093892775871645,1.6853920561100812,2.879134254410108,2.625777733252747,2.465263524398122,3.054071201880046,3.007249419129333,2.8098679588574798,2.252173047062443
Or47a,3.240391441274912,2.8032849575441015,2.557782805377764,3.3647566222071044,2.231051258435977,2.5760701211262527,2.9008073801802747,2.3252292226809823,2.8007875404591305,2.976544340741135,2.0065464682722505,1.664204678111126,0.0,1.9878156422503623,2.2558648098380703,2.633319401290453,2.0456039741750236,2.895625805991387,2.0397939969739234,1.1401041028298804
TC031632,4.404887042369284,4.9121425672805605,4.282800144859193,4.542609274637486,4.621427984774552,4.428056965558244,4.481606388658858,4.784645086249357,4.671530401793921,4.5813501883855885,4.386975696991985,4.702092822259092,3.94230975890076,4.282139214371352,3.9963116584976532,4.07989983152625,4.45777347478114,4.176010283630215,3.9984245405837795,4.0678557263608415
TC031833,2.9082650404115236,2.775266995564378,2.937083138293063,3.1344030338415845,2.842444048921198,3.01271903284393,2.818781628221154,3.22570265898021,2.958449628678479,2.9988888174273116,2.899601183550748,3.1093892775871645,2.0270750710205108,2.7535970206521,2.4578290776966436,2.7771542552550508,2.0456039741750236,2.458242944320711,2.294421874173465,1.9989472905658339
TC031517,5.986529245948258,5.683949829510745,5.787379707573944,5.870510602976845,5.814824320078121,5.818812872354873,5.709779234556605,5.8232799936557305,5.808455509689576,5.742281748794357,5.5713750393496815,5.390691543138112,5.042197215976702,5.6797634614683705,5.1467433916035725,5.574829588885719,5.476164741558553,5.482002595003587,5.295518840194046,5.413184413480152
TC032675,3.0770229824449955,3.0253574487246757,2.7507888109813137,2.8611252955437503,2.758281052026752,2.8180403994283116,3.0694982258449843,3.1150426132588187,2.742179661106598,2.6287614654213156,2.6301012000836064,2.459903132019709,2.0270750710205108,2.442284926118722,2.2558648098380703,2.7771542552550508,2.5033232625550084,2.626197590037222,2.0397939969739234,2.252173047062443
HGTX,5.386899153260316,5.401006364314027,5.457727096101486,5.407343141529432,5.467645150446627,5.437917746906613,5.5413130822017855,5.477286345740271,5.430134433652095,5.456141620051087,5.018672001949447,5.232412543153149,4.511832577418927,5.224603167891166,5.134238256329055,5.007823603966917,4.787194177637568,5.307594973759859,4.952084333741389,4.981154194736096
TC011745,3.560156663461353,3.635571128186857,4.08798946677097,3.5252532868461257,3.4192145708762895,3.622636289948637,3.692680297183663,3.3410083660220637,3.4920135329568915,3.6438768410682507,3.1116746532680453,2.89734099610226,2.2812726865496544,2.990655125545016,3.1072225615998956,2.9028783369155895,2.6719155593267985,3.6753723659703446,2.49719542604005,2.765668407814658
TC032101,3.5737479056320183,3.5607173747660075,3.4701580992950745,3.6397593648526345,3.7614299965491917,3.363474182183704,3.356656903130149,3.3253280250479245,3.3214142024541875,3.507452266043052,3.286547482591985,2.771660096376308,1.6853920561100812,2.6100067700914114,2.625777733252747,2.633319401290453,2.816142923294055,2.769958330056334,2.49719542604005,1.9989472905658339
TC032105,2.7051280810101246,2.7464413431947277,3.0073967670310213,2.9367579584619894,3.0592924580556224,2.8180403994283116,2.8742060939991743,2.990595424614536,2.742179661106598,2.930299367833443,2.462090979489322,2.627881781447697,1.6853920561100812,2.6100067700914114,2.2558648098380703,2.009548646768774,2.3004265196279556,2.25627000499111,2.0397939969739234,2.252173047062443
TC003191,5.799621543747475,5.629813180042604,5.70548458712041,5.825599853792756,5.98417104149193,5.717634723464857,5.784441402512777,5.720699676809218,5.8293291761678505,5.767554918698807,5.459155610389678,5.669878508780735,5.0838959192988025,5.4375767030486255,5.2965026053494055,5.129654231728496,5.3775097179529405,5.508327298652021,5.249769652636249,5.2029235756850225
TC013996,4.005512094726694,3.9522955537170135,3.8458148132904624,3.8648621619984227,3.9647003683175703,4.015107994275035,4.195893234229462,3.724051526778177,3.9701740674659765,4.086307093034225,3.6237983769192312,3.6771418366209145,3.5251610165611593,4.055190327871264,3.3592120388435283,3.627173732411176,3.1547039081795525,3.4981060037270595,3.9130794579340358,3.556304809404111
TC034001,4.500155569419138,4.548053432556316,4.2039071056340225,4.295025714155051,4.4428838415121135,4.449309145699654,4.414577527888543,4.558996733452826,4.317609813640479,4.294054941889103,4.274071881879459,3.873202801885504,3.5251610165611593,4.055190327871264,4.327517676339612,4.07989983152625,3.608584115433054,4.142638235404713,4.184498680058427,3.8214191097299937
Dgk,3.3970207759479574,3.3606042102740945,3.3962512922036487,3.173482481830603,3.3241554800618602,3.1373016993375344,3.421097257169157,3.430253158382447,3.3381833075663545,3.608477275004103,2.899601183550748,3.284245000526454,2.2812726865496544,3.0909775208684254,3.5603120737789373,2.633319401290453,1.7027859454668932,3.282497649213479,2.66570274828471,2.454058142981572
Nlg1,2.736798420061951,2.8829158547609435,2.4452353713393467,2.7793008388518934,2.6979603339175595,2.4677512056383812,2.9519767850793035,2.6826502107805936,2.647276437312986,2.9536891551597586,2.0065464682722505,2.627881781447697,1.1623013069195414,2.240648901539056,2.0025142380742684,2.009548646768774,0.0,1.1432199782574997,2.294421874173465,1.1401041028298804
TC034002,4.022892060069989,4.23296116806996,3.991283020241517,3.9738784306630883,3.982067017706398,4.006959521877825,4.040656831578196,3.9758951621295493,3.6620576551246837,4.01691812426738,3.679473405600907,3.873202801885504,2.9219921854518613,3.265693982593083,3.7276632855171967,3.505549816629888,2.3004265196279556,3.5607518203695836,3.8675103653668783,3.8214191097299937
mav,3.141453456043413,3.0686601382522665,3.114603417142498,3.1142752754471004,2.9921022460102438,2.844550930420185,3.047072937790584,2.5881674166663706,3.214426836762276,2.7491871011416213,2.0065464682722505,2.771660096376308,1.6853920561100812,2.7535970206521,2.2558648098380703,3.0145465962189255,1.7027859454668932,3.007249419129333,2.49719542604005,3.0028987820819855
CG42340,4.698317675270595,4.518667457175024,4.3559216338236455,4.899502083860456,4.375505503712399,4.670112633610662,4.6082973872432165,4.7919637424731105,4.855213622881966,4.544352715834584,4.438981365954891,4.24137765415326,3.5251610165611593,3.711063701679159,3.914527322625899,3.627173732411176,3.874046897540696,4.484255568370381,3.9130794579340358,4.5495742913386525
pyx,3.0316410082633194,3.206964327581597,2.912501946668649,3.192464035362572,3.2553598485622968,3.194218148502448,2.9519767850793035,3.171902561451416,3.2693506247968465,3.3494309426746156,2.7739026295078646,3.1093892775871645,2.4837738188296155,2.990655125545016,2.625777733252747,2.465263524398122,2.0456039741750236,2.895625805991387,2.8098679588574798,3.2780924592588456
CG9372,3.413001192130523,1.9352816913590538,2.1730976167846863,2.3621763310454424,2.758281052026752,2.7628129318731385,2.7898731892185156,2.6521371836870804,2.647276437312986,2.930299367833443,2.462090979489322,2.004476407045224,2.2812726865496544,1.1313560308035928,2.4578290776966436,2.465263524398122,2.0456039741750236,0.0,1.1723815205407382,1.6590254300860556
TC005469,3.978862309186409,3.3917624242313686,2.937083138293063,2.984177836244144,3.3728141292899325,3.585922825429464,3.11289426858937,3.6119212860641756,3.2330719632712968,3.52065279306118,3.202928770477915,2.627881781447697,2.4837738188296155,2.442284926118722,2.895198213171213,3.7856960010526826,2.6719155593267985,1.662733234389562,3.239714200639151,2.454058142981572
TC004677,3.854392642597481,3.0253574487246757,3.4264725776397396,3.33259139476668,3.477911563165124,3.363474182183704,3.305446268299114,3.6119212860641756,3.4482970126241113,3.6322156698533696,3.286547482591985,2.89734099610226,2.9219921854518613,2.7535970206521,2.769534087314214,3.4386996662804363,3.2461291853537837,2.626197590037222,2.8098679588574798,3.0028987820819855
LanB2,6.579232575471803,6.179662470151041,6.289924072040677,6.172560863249479,6.186601758744114,6.363682122853571,6.274740858675077,6.369467632425658,6.252026990121078,6.353796384776825,5.90792656451856,5.839238605970065,5.814091657197899,5.838536874001173,5.861598619269176,6.35972753046704,5.992814812168961,6.019263845821506,5.969201374803295,5.839076817073508
TC032048,3.6640410555068854,2.5173854399860076,2.7507888109813137,2.8073261947839234,3.2553598485622968,3.299167189799868,3.2877762108141146,3.5632945192055594,2.771912899787078,3.3016173760445384,2.462090979489322,2.257895443181716,2.7961208578102594,1.6486036829857538,2.4578290776966436,3.5682096830959957,2.5033232625550084,2.458242944320711,2.0397939969739234,2.454058142981572
Karl,3.9041155825506064,3.2608433907880547,3.154462383590367,3.3488033281443084,3.237395129032271,3.8760231326505417,3.305446268299114,3.8987859712415593,3.5061710825858965,4.008902412399676,2.260037582839394,2.89734099610226,3.2256571872044986,2.442284926118722,2.4578290776966436,3.7355963657013436,3.329891574555676,3.007249419129333,2.0397939969739234,2.454058142981572
TC031272,5.206372119669847,5.1284256581116185,5.2832560205247505,4.9558672976866935,5.332209514686469,5.198118549976501,5.234790255699882,5.14211806126541,5.067991284933995,5.287453262432138,4.623555433447378,4.846573195911051,4.53566870618471,4.757823832309361,5.252764583873839,5.090670234819166,4.958712969361729,4.75694702296001,4.761687502579437,4.593566308943313
TC032383,5.6920037862901385,5.350383330048996,5.518330636248436,5.365424477868564,5.34550858054494,5.5488915150038265,5.585268604824896,5.5062594239641784,5.458468674809229,5.484141287304004,4.848946433056655,5.123829287390315,4.8027953018477305,5.0656869978908565,5.095756277806549,5.167175328030491,5.290918190178457,5.230606814471214,5.13847310315468,5.214555654566946
TC033130,4.995731871435451,4.938617198010046,4.920101315950263,4.691745412904169,4.944619585825066,5.000880109537472,4.958150671029103,5.078482593686266,4.810452553924046,4.7933027847280325,4.274071881879459,4.555899732764285,4.383303054991326,4.466989640260799,4.530910844992181,4.835427234603481,4.602795498794813,4.459845048126172,4.281509935186697,4.715000635968132
TC034787,4.121269195218785,4.07571222801784,3.5652304863866373,4.282461496444582,3.7062686448898874,3.7984822482709864,3.7615983419857355,3.4159212206801604,3.753933921681571,3.8042097848059284,3.1116746532680453,3.4998665597802083,3.2256571872044986,3.4143768215193147,3.2820620299269514,3.9642282101816044,3.66761392643288,3.359648919794132,3.6020898813653224,3.426842854800411
CG32017,3.259056386521001,3.43675175440879,2.937083138293063,3.02945050548529,2.9686633929149586,2.541251381628001,3.0914316308138527,3.805500390615618,2.742179661106598,2.8043649103102815,1.66614421667106,2.627881781447697,2.652093169115007,2.6100067700914114,2.4578290776966436,2.633319401290453,2.0456039741750236,2.002905761028916,2.294421874173465,2.454058142981572
TC004193,3.3807808331073717,3.716359061352283,3.5908127073424247,3.3804594000083426,3.4192145708762895,3.2653933551834755,3.436578788390698,3.22570265898021,3.4920135329568915,3.142709308464135,2.260037582839394,3.6771418366209145,2.652093169115007,2.442284926118722,2.625777733252747,3.1149882261601682,3.66761392643288,2.458242944320711,2.9358442657528094,3.1945025045904094
TC034623,3.978862309186409,3.9522955537170135,3.3650881424060133,3.7205560829610667,3.598594359620118,3.669580558080348,3.7615983419857355,3.5632945192055594,3.685830130733169,3.7111248067701164,3.0112493092271087,3.6771418366209145,3.3093522660871617,3.3427961838064353,3.2820620299269514,3.1149882261601682,3.608584115433054,3.107654934409267,3.7168386874285866,3.1945025045904094
TC003939,5.292266584470284,5.017102684333768,4.9785246780480765,4.906300569178947,5.710406846896697,5.141869821294442,5.34999938503038,5.352190673719209,5.099911833014773,5.215455623225451,4.684841593957665,5.002003166073319,5.042197215976702,4.559058935191939,4.774691142892841,5.050104619678852,5.004913754070745,4.598097483720825,4.852744667987933,4.593566308943313
TC012038,4.715703527303598,3.150016166160636,3.4558072656009298,3.698129673497966,3.8438097472224966,3.9736849671615815,3.5927149746253475,4.436759797437844,3.7648469060600958,4.01691812426738,2.462090979489322,3.562515708850644,3.8054540910998513,3.1821466385685167,3.3592120388435283,3.5682096830959957,3.7761478018738774,2.626197590037222,3.3234556464166496,2.252173047062443
TC011448,3.098964308735121,3.0472431655428527,2.9845038594220714,2.9607489516226884,2.9446619470828352,3.1373016993375344,2.9519767850793035,2.945415960916841,3.0946065096456086,2.930299367833443,2.260037582839394,2.89734099610226,2.652093169115007,1.9878156422503623,2.625777733252747,2.633319401290453,2.9421666675027756,2.002905761028916,2.294421874173465,1.9989472905658339
spz6,3.313047764326305,3.0472431655428527,3.173811500097691,3.1344030338415845,3.5197784405069665,3.2304388569800735,3.11289426858937,3.2430114867099045,3.0512485630210895,3.2164677682762535,2.0065464682722505,3.3614013263441245,2.9219921854518613,2.6100067700914114,2.895198213171213,2.9028783369155895,2.6719155593267985,2.002905761028916,2.66570274828471,2.252173047062443
TC033844,3.201982732100028,2.9081100865313294,3.0073967670310213,3.2293792820008487,2.8689946404581397,2.9674860565530485,2.4003299820572486,2.5545795219507315,3.115600304534791,3.0421335155380067,0.0,2.771660096376308,2.4837738188296155,2.240648901539056,2.2558648098380703,2.7771542552550508,2.6719155593267985,1.1432199782574997,2.0397939969739234,1.6590254300860556
TC000909,3.758141875005089,3.598844473574327,3.4701580992950745,3.4839730427517495,3.585882241636797,3.4091281837300427,3.4962139641074215,3.2600258092345893,3.3381833075663545,3.480516660658469,2.0065464682722505,3.1093892775871645,2.7961208578102594,2.6100067700914114,2.769534087314214,3.1149882261601682,3.2461291853537837,2.895625805991387,2.9358442657528094,2.252173047062443
GluRIA,4.416577754551341,4.219644835709788,3.8458148132904624,4.161658679964912,4.126124473221521,4.186245039008881,4.361182284391533,4.12854231147726,4.1404392044646965,4.238054721520364,3.1116746532680453,4.037053041086591,3.755331116450255,3.7611336730956006,3.956255342352333,4.042809644438025,4.083617971734225,3.6753723659703446,3.8675103653668783,3.8214191097299937
TC006619,3.746852260529572,3.770313230373959,3.652043659578783,3.9565145182148482,3.982067017706398,3.7467767555888774,3.934451049111815,3.5879034438257453,3.6253045173448726,3.7431256085182723,3.4353434671294485,3.562515708850644,2.9219921854518613,2.990655125545016,3.3592120388435283,3.3670583730052317,3.2461291853537837,3.4981060037270595,3.8197651732159987,3.426842854800411
Fer3,2.88165210137462,3.1101652745471426,3.2114215396622923,3.6030284757519038,3.0807220836661897,2.673794316911359,3.2877762108141146,3.2430114867099045,3.0512485630210895,3.2164677682762535,2.7739026295078646,2.771660096376308,2.7961208578102594,1.6486036829857538,3.1072225615998956,2.9028783369155895,2.0456039741750236,2.626197590037222,2.49719542604005,2.89130194183645
dpr7,3.874579459417545,3.5344669865797744,3.2476681865290065,3.6154226180335782,3.598594359620118,3.5347758676127214,3.4668408546643157,3.3716501631253566,3.4332895737019933,3.52065279306118,3.286547482591985,3.284245000526454,3.033776559688834,2.6100067700914114,3.3592120388435283,3.1149882261601682,2.6719155593267985,3.282497649213479,3.148313876349847,3.355230945858714
TC016404,3.2953725661108235,2.7464413431947277,2.937083138293063,2.9607489516226884,3.0807220836661897,2.9440784291705677,2.9519767850793035,2.7122596948598687,2.8827225384877164,2.8566566803365783,2.462090979489322,2.004476407045224,2.4837738188296155,1.6486036829857538,3.006819183888132,2.9028783369155895,2.0456039741750236,2.25627000499111,2.8098679588574798,2.765668407814658
TC032415,4.680624199194868,4.098667666376141,4.154837650372175,4.295025714155051,3.9380714554476466,3.7677808417564687,4.373296715004155,3.862509180879621,4.14786673482159,4.071298066953727,4.000886236110786,3.433028608586448,3.755331116450255,3.9395714713230254,3.674931226176854,3.7355963657013436,4.120734164042564,3.4312718456372884,3.047711405644143,4.171503371253783
TC032015,3.27737932536981,2.830539260895806,2.779622913370614,3.282316340284655,2.894858492136233,2.7908078763542994,2.7601041109136166,3.095347411792206,2.711535193984577,2.9988888174273116,2.899601183550748,2.257895443181716,2.4837738188296155,2.6100067700914114,3.006819183888132,2.633319401290453,2.5033232625550084,2.002905761028916,2.0397939969739234,2.454058142981572
TC032781,3.444215723451628,3.1101652745471426,3.411476096339028,3.4261403507748867,3.1814794126781503,3.156636034817075,3.5927149746253475,3.0547536588495507,3.3868666649999226,3.1233871458056663,3.1116746532680453,2.627881781447697,2.2812726865496544,2.990655125545016,3.5603120737789373,2.7771542552550508,2.9421666675027756,2.626197590037222,2.294421874173465,2.89130194183645
Phyhd1,3.098964308735121,2.8829158547609435,3.051667884714537,3.1142752754471004,3.356856214007954,2.8955523844494495,3.0241331973963614,2.8980983312148814,2.982469111251835,2.9988888174273116,2.6301012000836064,2.004476407045224,2.2812726865496544,2.990655125545016,2.2558648098380703,2.7771542552550508,2.5033232625550084,2.002905761028916,2.294421874173465,2.6219521033381037
TC012783,3.6390640848814853,3.69393501956585,3.6400937387635404,3.686725000822168,3.559962692804151,3.4808712174205345,3.5105831868560142,3.7956747574101306,3.637706258609548,3.7842601230551964,3.0112493092271087,3.1093892775871645,3.3093522660871617,3.1821466385685167,3.4308338774291283,3.505549816629888,3.4071768697391285,2.626197590037222,3.5393674886501763,3.2780924592588456
lmd,3.560156663461353,3.421979067676789,3.4982563233763506,3.440915092677302,3.448993672323152,3.1175861649940733,3.5247488564895306,3.4159212206801604,3.2513758026731034,3.5963933610566476,2.260037582839394,2.459903132019709,2.652093169115007,2.7535970206521,3.1072225615998956,3.4386996662804363,2.6719155593267985,2.002905761028916,2.66570274828471,3.2780924592588456
TC031232,3.4892833305783766,3.4798038854024758,3.720891156642539,3.675188759649389,3.647885961102351,3.703396857983529,3.605770947560109,3.4856111333610054,3.6000298638129653,3.608477275004103,2.6301012000836064,2.771660096376308,2.9219921854518613,3.0909775208684254,3.1984585436718374,3.4386996662804363,3.054071201880046,2.458242944320711,3.148313876349847,3.0028987820819855
Ndae1,4.203664715196895,3.69393501956585,3.9655710406958518,3.9738784306630883,3.8137069857922263,3.7144195244956415,4.057310784564091,3.5252069752385395,3.934177878019336,4.01691812426738,3.4353434671294485,3.6771418366209145,3.134312102327972,3.7611336730956006,3.619262945593032,3.4386996662804363,3.7233525922819353,3.1988926812637963,3.5393674886501763,3.7737231819159422
TC031443,3.923332544777577,3.6593269849026226,3.5255865670035287,3.815680455633884,3.559962692804151,3.5733792400499227,3.8260713851807653,3.9076532090047524,3.742900528851283,3.8983919830699896,3.3637104561743296,2.771660096376308,2.4837738188296155,3.89785743628594,3.619262945593032,3.4386996662804363,3.1547039081795525,2.626197590037222,3.472446161757052,3.0028987820819855
TC008350,3.0316410082633194,2.9081100865313294,3.154462383590367,3.154133646096566,2.787129630724323,2.8955523844494495,3.0241331973963614,2.7689715763770555,2.8007875404591305,2.777156531285017,2.462090979489322,2.004476407045224,1.6853920561100812,2.7535970206521,3.006819183888132,2.009548646768774,2.816142923294055,1.1432199782574997,2.49719542604005,2.89130194183645
TC009970,3.6640410555068854,3.5210787810313686,3.411476096339028,3.651709178575739,3.3073951679749083,3.4669284758998953,3.436578788390698,3.498984709458628,3.4482970126241113,3.700226187615121,3.4353434671294485,2.627881781447697,2.9219921854518613,3.265693982593083,3.1984585436718374,3.1149882261601682,3.2461291853537837,2.626197590037222,3.3234556464166496,3.556304809404111
TC031532,2.736798420061951,2.775266995564378,2.484175705538897,2.6901796573717722,2.758281052026752,2.256200428685183,2.7898731892185156,2.5881674166663706,2.5786032008350945,2.8043649103102815,2.6301012000836064,1.1444570255726072,2.2812726865496544,1.9878156422503623,2.0025142380742684,2.009548646768774,1.7027859454668932,2.895625805991387,1.1723815205407382,2.454058142981572
TC031568,3.676299427187287,3.670996583276929,3.5908127073424247,3.564896813303252,3.1222509820971527,2.8703767657406236,3.5105831868560142,3.2080889508653856,3.418053475611418,3.1616651912917435,2.899601183550748,0.0,3.2256571872044986,2.990655125545016,2.2558648098380703,3.0145465962189255,2.6719155593267985,3.4981060037270595,2.49719542604005,3.0028987820819855
TC000863,4.644269434840625,4.45187109154769,4.276458308336692,4.418215425831157,4.469671230653223,4.33232949374138,4.51872734446428,4.521482153342278,4.3781848907738095,4.846933855718996,3.782307105485898,3.3614013263441245,4.297425948557606,3.854327309220645,4.459397671882366,4.247153315785799,4.045070887859528,4.072354942912077,3.6020898813653224,4.171503371253783
TC033785,3.758141875005089,3.0896280254875146,2.937083138293063,3.2110919909397606,3.219101765354323,3.3789249313937857,3.1339059238707705,3.3253280250479245,3.2870080494583944,3.2514023704780968,3.0112493092271087,1.1444570255726072,2.7961208578102594,2.442284926118722,3.1072225615998956,3.1149882261601682,2.3004265196279556,2.25627000499111,2.294421874173465,2.454058142981572
TC000520,3.3642727946768742,3.206964327581597,3.2476681865290065,3.0937340540663523,3.448993672323152,3.4808712174205345,3.656354220974069,3.3716501631253566,3.4482970126241113,3.438702015385462,3.202928770477915,2.004476407045224,2.7961208578102594,3.1821466385685167,2.895198213171213,3.1149882261601682,2.816142923294055,2.769958330056334,3.239714200639151,3.1945025045904094
TC010597,3.6516305492999535,3.130289218914948,3.4982563233763506,3.395919407830662,3.5467465523543122,3.585922825429464,3.6807176284344543,3.2767554809766075,3.753933921681571,3.3648739172164106,3.0112493092271087,2.257895443181716,3.458269297928702,3.265693982593083,2.895198213171213,3.2062557883445617,2.5033232625550084,2.895625805991387,3.239714200639151,3.355230945858714
CG34384,3.7803457853885174,3.493752333750005,3.114603417142498,3.395919407830662,3.356856214007954,3.4238944693970823,3.356656903130149,3.498984709458628,3.6499560788497716,3.6892074785446063,2.899601183550748,2.257895443181716,3.587857400410095,3.0909775208684254,3.2820620299269514,2.633319401290453,2.6719155593267985,3.359648919794132,3.047711405644143,3.493667420368431
IA-2,4.671658662155746,4.590574088208511,4.4130201240653975,4.5714318857404495,4.398473087706487,4.609283296405565,4.559529685113585,4.507043236674789,4.626706954216815,4.567636042021158,4.180153230124466,3.873202801885504,4.267079309874893,4.365575995187469,4.327517676339612,4.07989983152625,3.874046897540696,4.269923154362355,4.424822390890465,4.265409925792033
TC015188,4.286426091097274,4.164532089842189,4.183171456622227,4.154499649142474,4.169874018452574,4.361448198297507,4.342730939159158,4.196933137231766,4.3422818836113555,4.317971566747952,3.8755451309732094,3.6771418366209145,3.587857400410095,3.543787623539662,4.1421928133987205,3.627173732411176,4.045070887859528,3.6753723659703446,3.8675103653668783,4.45532072351243
TC011797,3.201982732100028,3.3606042102740945,3.154462383590367,3.4111440381326834,3.2553598485622968,3.3477809559716905,3.6439462493537547,3.550759167235419,3.560878193910132,3.480516660658469,2.899601183550748,2.771660096376308,2.652093169115007,2.879134254410108,3.4308338774291283,2.633319401290453,3.054071201880046,3.007249419129333,3.4007231131334996,3.2780924592588456
TC001726,3.2213714789712466,3.6825315714619,3.578103400887503,3.2293792820008487,3.20046750876007,2.9903582756663196,3.4053722741938226,3.669557232610945,3.402581642523504,3.438702015385462,2.7739026295078646,2.627881781447697,3.033776559688834,2.7535970206521,3.006819183888132,1.6689575493934654,2.6719155593267985,3.107654934409267,2.49719542604005,3.355230945858714
Nost,4.473065082878609,4.548053432556316,4.373396087180913,4.407115566195648,4.469671230653223,4.165515051238636,4.408783580402281,3.880812067731093,4.4241343748610396,4.341329522142791,4.076490845553796,3.6771418366209145,4.13554915334134,3.6583539752807495,3.497667088842111,3.3670583730052317,3.66761392643288,3.6753723659703446,3.3234556464166496,4.0307734143914145
TC033775,4.445220217981232,4.07571222801784,3.9120745128583065,4.361441437248749,3.9470267800675276,4.406343305046184,4.188677903352792,3.843865042774032,4.285888283948711,4.263331625947294,4.076490845553796,3.3614013263441245,4.099773699703083,3.808815730246804,3.2820620299269514,2.9028783369155895,3.7233525922819353,3.7781956688218337,3.4007231131334996,4.171503371253783
CG32206,3.8943668191351803,3.6825315714619,3.5255865670035287,3.627665024271852,3.7062686448898874,3.622636289948637,3.668610119822157,3.7656049692629554,3.8968374239538384,3.53368133400766,3.1116746532680453,3.284245000526454,3.587857400410095,3.543787623539662,3.2820620299269514,2.7771542552550508,3.5458499771696417,3.1988926812637963,2.9358442657528094,3.426842854800411
GIIIspla2,3.9137702244084704,3.841269481632219,3.675523447381111,3.742490560680394,3.863386326552665,4.006959521877825,3.896385428170327,3.871702498179267,3.742900528851283,4.008902412399676,3.6237983769192312,3.284245000526454,3.7025626460832233,3.854327309220645,3.497667088842111,3.0145465962189255,3.329891574555676,3.4312718456372884,3.148313876349847,3.355230945858714
bin,3.6640410555068854,3.507508896326726,4.190131223248015,3.5116816680379443,3.6948616107513206,3.8282690872392404,4.203056876831837,3.9508469794650614,3.7648469060600958,3.494075151463962,2.260037582839394,2.627881781447697,3.386580259691715,3.1821466385685167,3.7276632855171967,3.0145465962189255,2.9421666675027756,3.5607518203695836,2.8098679588574798,3.1945025045904094
CG14989,5.237537165686801,5.092677490023952,5.205957123954369,5.3824033798419535,5.05058282817273,5.290662290395649,5.359026868359664,5.246893876429442,5.260514720657559,4.927175869794685,4.488415622511317,4.846573195911051,5.3666133178513205,4.643361528221249,4.827364285427214,4.800619563629714,4.876626411707346,4.9709871390215215,4.742437072610413,4.676138253021661
HLH4C,5.6386647362560085,5.462816722973557,5.6823598011789835,5.6008284606160705,5.529968711254281,4.994805182400169,5.711360026662084,5.684026601278162,5.84436428129996,5.463685186930593,5.35325293594649,4.758746872139605,5.056290867397237,4.844119597485195,5.533525926945504,5.050104619678852,5.077466600138476,5.1346882018354325,5.070832698295859,4.873307960406003
TC001083,3.546378151272344,3.4513093820145193,3.6638524644514305,3.3647566222071044,3.573006442746279,3.669580558080348,3.4816352529538626,3.4013808882199528,3.637706258609548,3.52065279306118,2.6301012000836064,3.0089751972846077,3.3093522660871617,3.543787623539662,3.3592120388435283,2.9028783369155895,3.054071201880046,3.007249419129333,3.148313876349847,3.355230945858714
TC034346,3.5871569001432326,3.5735886048678034,3.4412474832535,3.33259139476668,3.823842260062503,3.5606763122957386,3.4962139641074215,3.356446624948701,3.5474794308857054,3.5592399849286087,2.899601183550748,2.89734099610226,3.134312102327972,3.4811741578514863,3.3592120388435283,2.7771542552550508,3.054071201880046,3.107654934409267,3.239714200639151,3.0028987820819855
NfI,4.181858027184828,4.052217432079155,3.9391804689384853,4.0404674549499,3.750638465537858,3.9651904042093653,4.049018476939255,4.008345675612764,3.9612957640351376,4.071298066953727,3.4353434671294485,3.2006340956805572,3.587857400410095,3.4811741578514863,4.03482507088214,3.2898857882327013,3.4789152787096635,3.7281050145669656,3.472446161757052,3.556304809404111
TC008308,5.132482857745694,4.748554114987938,4.8437239757368715,5.343787243649289,4.931381642646218,4.8186936450981595,5.023088653605952,4.845210201223231,5.019663200578517,4.980353994887152,4.359922171172806,4.271713225116367,4.747179190908368,4.6229427477387945,4.737968337125224,4.247153315785799,4.532911109697887,4.619389389859488,4.397756037439569,4.404638641957433
TC031113,3.8845220809285035,3.4798038854024758,3.742825814776534,3.7849668654044764,3.477911563165124,3.7144195244956415,3.5927149746253475,3.7026088314258634,3.753933921681571,3.5963933610566476,3.1116746532680453,2.89734099610226,3.134312102327972,3.4143768215193147,3.619262945593032,3.0145465962189255,3.5458499771696417,3.359648919794132,3.661109293242718,3.355230945858714
TC014856,5.160489779919283,5.067158214249489,5.05730948280858,5.261771158502505,5.082593368202927,5.222676349740249,5.0448560623062475,5.047905583396459,5.0620764681029815,5.042365444662194,4.413316567082898,4.486050532055289,4.855480548702497,4.827445937164174,4.719088520636073,4.626989168634254,4.98974942922925,4.9408951912948496,4.886966167655346,4.656125627971433
up,4.766117867530978,4.935345947043579,4.737233830642406,4.557124419458569,4.593797612701583,4.644494626872264,4.794502988301853,4.704380590207921,4.457261892752842,4.5630225439742835,4.684841593957665,3.8276723760197724,3.94230975890076,3.4811741578514863,4.553655540954478,4.183568000038873,3.963210596214996,3.9149709065240534,4.397756037439569,3.952209661553632
Sobp,2.736798420061951,3.2432042969273596,2.779622913370614,2.8611252955437503,2.6979603339175595,2.9674860565530485,2.8742060939991743,2.5545795219507315,2.90860733603377,2.777156531285017,2.462090979489322,2.257895443181716,2.2812726865496544,1.6486036829857538,2.625777733252747,1.6689575493934654,2.0456039741750236,2.25627000499111,2.294421874173465,1.9989472905658339
CG43078,3.2953725661108235,3.3284438533553082,3.2996878009061557,3.154133646096566,2.9686633929149586,3.4091281837300427,3.269788297446875,2.8980983312148814,2.933838981985131,3.142709308464135,2.7739026295078646,2.627881781447697,2.4837738188296155,1.9878156422503623,3.1984585436718374,2.465263524398122,2.0456039741750236,2.895625805991387,2.8098679588574798,1.9989472905658339
Mlp84B,3.923332544777577,4.4303872640938495,3.709740725331988,4.072169772375703,4.155502460959227,4.115405468295197,4.486994495764267,4.085143844514077,4.070985534755716,4.071298066953727,3.782307105485898,3.433028608586448,3.587857400410095,3.3427961838064353,3.619262945593032,3.4386996662804363,3.5458499771696417,3.619703428663625,3.6020898813653224,3.6152489549527256
CG15080,4.910813691171225,5.6016046114640705,4.679410332324985,4.864798585819018,4.986471255812527,4.9448296137078325,5.023088653605952,4.8825310754378695,4.855213622881966,4.782222570228863,4.438981365954891,4.486050532055289,4.667859233191199,4.643361528221249,4.680224676127769,4.416742350043438,4.483451785343267,4.700293881446473,4.640199928546114,4.171503371253783
Mgat4a,5.082993445483862,5.014078735925028,5.240512803182658,5.051123458692819,4.9077850016491675,4.988693124843662,5.169079893365,4.8555275330934595,4.988227402805518,5.062209860168543,4.644404283655657,4.555899732764285,4.766063671828902,4.466989640260799,4.618941241587838,4.538951424332631,5.091366231605558,4.7195370942341475,4.682357138387251,4.733879762678374
twi,4.259592876109435,4.297006109224058,4.503179087192114,3.982448615740332,4.11864311303125,4.039162443045455,4.251814958704265,4.1142844055835734,4.1404392044646965,4.03275933061319,3.960826426641143,3.6771418366209145,4.0241378941524415,3.4811741578514863,3.619262945593032,3.627173732411176,3.7233525922819353,4.142638235404713,3.4007231131334996,3.355230945858714
TC031462,3.503865540873066,3.169361477336745,3.2476681865290065,3.395919407830662,3.4342149668644755,3.4808712174205345,3.5105831868560142,3.3410083660220637,3.3868666649999226,3.480516660658469,3.3637104561743296,2.459903132019709,3.134312102327972,2.7535970206521,2.769534087314214,3.0145465962189255,3.054071201880046,3.107654934409267,2.8098679588574798,2.765668407814658
inv,6.403583270627505,6.321983331788337,6.272788387396523,6.388192524500956,6.411042239818661,6.315249316279327,6.386099530815482,6.351233861294811,6.407191102994239,6.346051946275794,5.854010321643027,5.978620772990396,6.141234199691126,5.9150554727917655,5.867660412534481,5.911384878465478,6.093994170220511,6.141385666103641,5.657383859396398,5.961343137039648
TC008029,4.159565186455988,3.934626269997788,4.176162911962951,4.1179149253988125,4.0075642601364,4.137189172886783,4.049018476939255,4.121438769300239,4.155239503465664,4.024870095089619,3.732211519756861,3.1093892775871645,3.94230975890076,3.711063701679159,3.497667088842111,3.6828537633011518,3.5458499771696417,3.4981060037270595,2.49719542604005,3.0028987820819855
CG11617,3.16203966513484,3.0896280254875146,3.0940618793149217,2.984177836244144,3.2553598485622968,3.4527885822580844,3.174649416308117,2.990595424614536,3.3043590915787013,3.3016173760445384,2.6301012000836064,2.257895443181716,2.9219921854518613,2.442284926118722,2.2558648098380703,2.633319401290453,2.6719155593267985,2.769958330056334,2.0397939969739234,1.9989472905658339
TC007325,4.174482161714161,3.8796642255774074,3.865198353120297,3.9565145182148482,3.9470267800675276,3.8853062620559573,3.7726366658776747,3.824866686229856,3.6499560788497716,3.959410082488135,3.286547482591985,3.433028608586448,3.8054540910998513,3.3427961838064353,3.006819183888132,3.5682096830959957,3.054071201880046,3.282497649213479,3.4007231131334996,3.6152489549527256
CG7702,3.626337692575564,2.9566707114948154,2.834910715418653,3.192464035362572,3.3406395083297635,3.3789249313937857,3.174649416308117,3.2430114867099045,3.1361624073265286,3.3800820286834137,2.0065464682722505,2.627881781447697,2.7961208578102594,2.6100067700914114,2.4578290776966436,3.0145465962189255,2.6719155593267985,2.25627000499111,2.49719542604005,2.89130194183645
pnr,5.126786101362149,5.070026062493032,4.913394012882688,5.021375676972599,4.8766045915462595,5.073857672477159,4.913560807215696,4.8555275330934595,5.019663200578517,4.771018207705233,4.55826663902517,4.5331544880569465,4.436713004783678,4.490813777601053,4.20785863161903,4.688277349573066,3.963210596214996,4.775139934880616,4.424822390890465,4.676138253021661
Neto,4.293023381756774,4.363019358044946,4.477494972445148,4.585537532561881,4.31566693415704,4.226458717922911,4.251814958704265,4.0397761668251135,4.478752513554783,4.429660018722869,4.1122523453139905,3.7298768461889615,4.0241378941524415,3.6027105840352993,3.674931226176854,3.627173732411176,3.054071201880046,3.7281050145669656,4.114167216434756,3.7737231819159422
sing,3.9514828218116365,4.067941802261623,3.974215365250219,3.8932504961820653,4.0075642601364,4.023190605377309,3.856813279728996,3.7656049692629554,4.0302084480363,3.7741340337415954,3.6237983769192312,3.4998665597802083,3.3093522660871617,3.4143768215193147,3.4308338774291283,3.2898857882327013,3.1547039081795525,3.7281050145669656,3.8197651732159987,3.556304809404111
Kr,5.8368176798406495,6.0497920801107306,5.843352990172246,5.931880755795684,5.831214409298264,5.798561697145676,5.8661661411129264,5.786203178467564,5.885558736820325,5.6639268607312045,5.175927738055125,5.071507295802285,5.110759358732653,5.104665005641681,5.388433849951988,5.760596004217283,5.599728980042279,5.55898472638388,5.601346116353322,5.179245459410424
TC033401,5.386899153260316,5.317391098628727,5.308505043952806,5.348152306218889,5.2676957097898205,5.288393290877922,5.34999938503038,5.29212227455018,5.245813433219995,5.307420397592607,4.831987104873952,4.599894649942963,4.953190455844178,4.663371711256984,4.810113017045241,4.933122346194213,4.876626411707346,5.028583542970956,5.272905847122983,4.840230761589709
TC012797,3.626337692575564,3.647519597477087,3.4843058968639573,3.8932504961820653,3.793122960628423,3.808510102393383,3.805038873664448,3.691712561114435,3.7968889926454996,3.6554035953225874,3.3637104561743296,3.0089751972846077,3.033776559688834,3.0909775208684254,3.006819183888132,3.3670583730052317,3.329891574555676,3.1988926812637963,3.472446161757052,3.1945025045904094
TC000663,4.318985729611696,4.178597640062647,4.581197594757281,4.210386234582683,4.040579777346055,3.9736849671615815,4.22424495045046,4.303433023406773,4.1625583119851335,4.440172286846189,3.6237983769192312,3.958480036863989,3.94230975890076,3.6027105840352993,3.7276632855171967,3.4386996662804363,3.329891574555676,3.4312718456372884,3.4007231131334996,3.670911237649233
Mef2,5.549172084347175,5.581202462062114,5.645829456131934,5.51430662935323,5.551702155419993,5.418162967172183,5.50120032245154,5.2987334983587715,5.456471210411863,5.575552244784286,5.373360984170726,5.220913819117639,5.235212661443656,4.810489545059746,5.171294083833406,5.077330371758427,5.118598986240768,5.014492447590855,4.742437072610413,4.905325998731036
org-1,4.562326659211603,4.657655203048927,4.780431399147893,4.63561984927589,4.426460068836159,4.7510553972092255,4.54948411387033,4.680212705215479,4.598815664873851,4.386469738115909,4.076490845553796,4.0741394735510905,4.13554915334134,3.854327309220645,4.071910044384765,4.042809644438025,3.826294900704713,3.9566992952040203,3.3234556464166496,3.8214191097299937
TC000897,3.7803457853885174,3.3606042102740945,3.578103400887503,3.5518561510184594,3.142386097225128,3.194218148502448,3.1944150993151457,3.498984709458628,3.2693506247968465,3.438702015385462,1.66614421667106,2.004476407045224,2.0270750710205108,1.6486036829857538,1.1429116774260601,1.1484547577024717,2.5033232625550084,2.002905761028916,2.294421874173465,2.454058142981572
TC034397,4.089540123052547,3.9610144817944777,4.344100016480523,4.140025973121697,4.11110535992999,4.115405468295197,4.057310784564091,4.085143844514077,4.046719345394991,4.185499422439794,3.0112493092271087,3.433028608586448,3.386580259691715,3.265693982593083,2.895198213171213,3.2898857882327013,3.4071768697391285,3.359648919794132,3.8197651732159987,4.0678557263608415
TC032099,3.532407136193747,3.225248470193945,3.3962512922036487,3.4261403507748867,3.3406395083297635,3.4091281837300427,3.305446268299114,3.4159212206801604,3.2693506247968465,3.494075151463962,2.260037582839394,2.257895443181716,2.652093169115007,2.879134254410108,2.895198213171213,2.633319401290453,2.0456039741750236,3.007249419129333,2.66570274828471,2.252173047062443
vnd,5.929305250016648,5.972718688281694,5.864373661166637,5.958255353183236,6.1969922854416515,6.002642852284217,6.045304335944172,6.12507171541209,5.822419586694549,6.054801665417786,5.54657341365984,5.57712444710834,5.710518854471431,5.5897991800241815,5.843189598922121,5.406236805437472,5.4181469229604335,5.739290033850358,5.617679877345448,5.554425023801672
dpr1,5.2627860640111805,4.88149600030695,4.6665722823550295,5.00616321841369,4.894046925234559,5.048194992310353,4.852079607463675,4.747226133130368,5.0009205512420065,4.910981480304059,4.180153230124466,4.301155578985866,4.3554888017104005,3.979614900814206,4.618941241587838,4.515675289909852,4.580039064452559,4.142638235404713,4.550147324624633,4.323447468783192
Ppn,6.351244324770821,6.105205385242941,6.065119153638138,6.09927412018656,6.200744050273449,6.200737695529817,6.132966413582552,6.081854677304483,6.124169196252198,6.122180368635174,5.611391257077446,5.7946358889315706,5.925693444425972,5.708038647295911,5.779257077441655,5.951398355154829,5.687123920412272,5.575315888897371,5.8545827017249445,5.734727415106922
TC033843,5.662351383946435,5.7308788194398845,5.624575837049444,5.610926423313975,5.558842924187137,5.564524349237264,5.514750812594876,5.553324847991322,5.663434952268986,5.529132673242155,4.644404283655657,5.044282555262616,5.17492083998017,4.982853897167489,5.207025700608064,5.103834486001929,4.942825879013382,4.9709871390215215,5.295518840194046,4.981154194736096
TC000890,3.844144333309737,3.780763331521704,3.785302457821246,3.590478788849029,3.973421392602103,3.8571942744506953,3.7615983419857355,3.7656049692629554,3.9876976441572274,3.924999758006694,3.0112493092271087,2.89734099610226,2.4837738188296155,2.990655125545016,3.1072225615998956,2.2631440216460366,2.3004265196279556,2.626197590037222,2.8098679588574798,2.765668407814658
TC008480,3.9421871674917477,3.749079595603577,3.7642896524964056,3.8744147646503393,4.184041957145476,3.585922825429464,3.846670627258231,3.5252069752385395,3.731744040843518,3.8429534302693455,3.286547482591985,2.89734099610226,2.652093169115007,3.3427961838064353,3.4308338774291283,2.7771542552550508,2.6719155593267985,2.626197590037222,2.66570274828471,2.89130194183645
nau,4.159565186455988,3.889036916662689,3.835980302455515,3.8055470456630265,3.9647003683175703,3.610547616249455,4.159284420170527,3.7346028825123487,3.720461679991904,4.071298066953727,3.286547482591985,2.771660096376308,3.134312102327972,3.3427961838064353,3.1072225615998956,3.2062557883445617,2.816142923294055,3.007249419129333,2.9358442657528094,3.1945025045904094
TC014242,4.259592876109435,4.020006900917958,4.133047694273578,3.938843764500576,4.155502460959227,3.8666530186336443,4.136658062282817,4.000331234372185,4.110164792764319,4.071298066953727,3.679473405600907,2.89734099610226,3.386580259691715,3.4811741578514863,3.4308338774291283,3.2062557883445617,3.329891574555676,3.007249419129333,3.6020898813653224,3.6152489549527256
TC003326,5.301903403770262,5.308406185568932,5.397368890959459,5.085690674347158,5.073964347067699,5.2769704193605875,5.247429632712801,5.15234112800949,5.253191092677033,5.173655404449886,4.488415622511317,4.177797857081561,4.603946673089925,4.559058935191939,4.327517676339612,4.39040036053148,4.318449115105496,4.355768613798049,4.661500670810561,4.806021923534612
Dr,6.110329055500229,5.972718688281694,6.005968128234372,5.960618905556684,5.960645143315283,5.994827897109701,6.216423089333406,5.989378591419953,6.038567806439383,6.020945156227759,5.587574183427095,5.360976716496385,5.724964221010478,5.54158786719705,5.598872255410055,5.622661036564781,5.5398541630205065,5.307594973759859,5.550680353046635,5.685411274424776
bt,5.756432947918345,5.815892506476246,5.612941683423652,5.539800362556568,5.755246272743646,5.809413336020131,5.613534324650345,5.650602829005426,5.44844121347712,5.485980349168547,5.12620706892716,4.911671607957428,4.953190455844178,5.213236337917986,5.055733963776257,4.993323114972609,5.063371042414872,4.75694702296001,5.176964806693858,4.7706012635003265
TC032103,4.969334486836641,4.925467493345761,5.003433841120849,4.933041532801265,4.894046925234559,4.91558045250347,5.032475620895371,4.986800187177826,4.873288481239637,5.022119241638572,4.303515203292207,4.037053041086591,4.3554888017104005,3.979614900814206,4.355321811781325,3.9642282101816044,4.083617971734225,4.355768613798049,4.038512485068145,4.351250108193394
TC000916,5.34874182623205,5.396884293621714,5.2715650007319255,5.405288420770887,5.38860326736086,5.498631761857066,5.363510232019233,5.414739368826582,5.450454765876802,5.291924985320651,5.138870914104012,4.599894649942963,4.9055284310823835,4.739633648968148,4.999750390174607,4.7271440567950345,4.910273841546642,5.0001999519108224,4.852744667987933,4.8894451184425085
TC003944,5.362375986474318,5.506327034049729,5.376411827762901,5.198052893105091,5.354277371414137,5.308631294762959,5.195884367391231,5.097464905465417,5.223348143382769,5.391635361969805,4.535520816899375,4.5331544880569465,4.766063671828902,4.252704741863939,4.660211275979258,4.215865959344086,4.729425293285578,4.484255568370381,4.79911107050657,4.733879762678374
sls,7.094306181405885,7.021174425096611,6.839348812630911,6.788723337051127,6.960363889236903,7.03598809680363,6.867174832292266,6.869156835948679,6.897521249883618,6.881525694957198,6.177265798281056,6.364990547928482,6.338066846461848,6.027487506672835,6.528664462387026,5.863604443183752,6.235442214687473,6.278664616282417,6.3795023555576496,6.108840411606342
TC000659,4.8101994152283245,4.849880446924759,4.780431399147893,4.756760261326854,4.737106275369482,4.857883184712455,4.729198816445153,4.8555275330934595,4.787297553467767,4.829374490527306,3.679473405600907,4.177797857081561,4.297425948557606,3.7611336730956006,3.956255342352333,3.7355963657013436,3.963210596214996,3.6753723659703446,3.8675103653668783,4.103611967720614
TC005342,6.589870422501985,6.702241433654528,6.595041103533715,6.586525554945802,6.676058278446165,6.618826087710193,6.6974133915971015,6.660667735101618,6.594761722452052,6.651790412337343,5.975570927514639,6.209898322193007,6.379905183929422,5.964796015344344,6.136325050110358,5.968068704825372,5.987195099586342,6.241920987084534,6.211036789779241,6.089744029453248
TC032100,4.644269434840625,4.363019358044946,4.9333824486031626,4.282461496444582,4.464370850563008,4.193060626249436,4.6728078301215055,4.5817482106106295,4.6627250038966634,4.77850171394519,3.3637104561743296,3.621470268016256,3.7025626460832233,3.1821466385685167,3.3592120388435283,3.2062557883445617,3.1547039081795525,3.007249419129333,3.5393674886501763,3.426842854800411
TC006788,5.628339007029555,5.474351015367064,5.59096959579626,5.447575098297746,5.5534921336652125,5.483795329184124,5.703430957957223,5.469909986947243,5.460462157294982,5.642161715499224,4.929679648328499,5.044282555262616,5.235212661443656,4.968355893734734,5.095756277806549,5.154824063600205,4.926682308825274,5.014492447590855,5.272905847122983,4.9956534800301196
TC033845,4.428133371817,4.3154461874607275,4.445777084035764,4.527880333290723,4.32181451377103,4.344078917777287,4.348919292778753,4.344189544532333,4.457261892752842,4.218668715714042,3.8755451309732094,3.621470268016256,3.8054540910998513,4.018116400143374,3.956255342352333,3.9642282101816044,3.874046897540696,3.7781956688218337,3.8197651732159987,3.8669433249470893
robo2,7.099086918584282,7.094520677498446,7.094613053384748,7.216761901420109,7.113565175846004,7.185991083149434,7.123658859242098,7.091452676468388,7.1213143478905945,7.170770354489675,6.704938343463515,6.728493276568754,6.84038091842241,6.7345237162427045,6.842168708685129,6.922852809412264,6.8545919858524025,6.65777274979112,6.821539696216988,6.709220369309068
Kah,4.557290842090245,4.571898862017335,4.74920125212089,4.50789808231885,4.45904222667435,4.71946007077274,4.852079607463675,4.502183560436109,4.570124076778121,4.688862406548571,3.6237983769192312,3.779969630711433,3.7025626460832233,3.9395714713230254,3.7276632855171967,3.505549816629888,4.045070887859528,3.9566992952040203,3.7168386874285866,3.556304809404111
TC000655,5.292266584470284,5.162939879159293,5.205957123954369,5.205615618005818,5.167653877205166,5.131293953189033,5.190580642984409,5.305301300798386,5.053138124010674,5.280707960002978,3.8300123910176627,4.144424863425118,4.23578285377702,4.252704741863939,4.2989183074784405,4.277491398728871,3.963210596214996,3.9149709065240534,4.114167216434756,4.171503371253783
TC032109,6.392365904689755,6.291216630464478,6.288223656772068,6.313088420332728,6.291946497394333,6.337772372985788,6.359194148621024,6.328748379580235,6.374198675709138,6.312854025172268,5.936669789383779,5.832987301331289,5.839990597320984,5.9755213461200425,5.798869626728618,5.793940339692286,5.9050111872104605,5.805773835099945,5.848170306266422,5.755140435591603
TC032108,7.02185805734492,7.055181868059412,7.053113057805999,7.067316052104429,7.0697821744590765,7.026446127185813,7.132850472198744,7.107776457778798,7.072867181009332,7.038321913687206,6.424646129794864,6.473122094751004,6.617504755320578,6.557420403280927,6.597975944000252,6.514695010815161,6.632894623357901,6.513391234833372,6.536647513356295,6.456771339058851
TC032104,6.228102841559632,6.132296607619433,6.23761013966405,6.232781839132161,6.151821227380503,6.232166406968391,6.310944886183427,6.147880420983956,6.238398281308718,6.244679188446139,5.279508953745205,5.319931478073229,5.406837891753859,5.36169383371153,5.252764583873839,5.376812649117741,5.565954967338232,5.241974709836396,5.440929710128434,5.403657821385046
pb,4.702692557911342,4.488391734180077,4.396230272238798,4.401519089271348,4.398473087706487,4.444038293161622,4.659330197140755,4.6637700660287065,4.435299262834634,4.352807037742153,0.0,0.0,0.0,0.0,0.0,0.0,0.0,0.0,0.0,0.0
Dfd,4.494795865717286,4.508677050934579,4.4403915645854894,4.477155485293681,4.464370850563008,4.6002832699145015,4.636455785080897,4.554383656347966,4.675904194760519,4.413681464637898,0.0,0.0,0.0,0.0,0.0,0.0,0.0,0.0,0.0,0.0
Abd-B,5.700086886290327,5.491406776607142,5.637708356568027,5.669462179527963,5.56945937084134,5.408137279169171,5.52622114370013,5.596645071720622,5.553572960371637,5.706085549161024,0.0,0.0,0.0,0.0,0.0,0.0,0.0,0.0,0.0,0.0
Scr,5.524529927761815,5.70389851187572,5.592677002856061,5.569907953438868,5.630894719464916,5.659799578216529,5.6376279618152765,5.53441664534787,5.661807969703434,5.518517907475127,0.0,0.0,0.0,0.0,0.0,0.0,0.0,0.0,0.0,0.0
abd-A,6.903005245692868,6.797745316710351,6.848137144016314,6.796428784796684,6.743569165028753,6.790560367851322,6.842508254740098,6.769831592693502,6.804864021574253,6.935993918644464,0.0,0.0,0.0,0.0,0.0,0.0,0.0,0.0,0.0,0.0
Ubx,7.435436743517779,7.36434569380539,7.463688993545788,7.422328808781964,7.414390953276747,7.403381285290335,7.41584251124282,7.323750389429403,7.403006929029006,7.396755176523836,0.0,0.0,0.0,0.0,0.0,0.0,0.0,0.0,0.0,0.0
Antp,7.263626124589829,7.222829223910099,7.186387824341379,7.251769950727883,7.240443645799836,7.223753824808814,7.293131311315485,7.215463094835278,7.277886979664974,7.2111798165520105,0.0,0.0,0.0,0.0,0.0,0.0,0.0,0.0,0.0,0.0
TC032106,6.22524998399754,6.111289401353037,6.110856445274473,6.187724381550668,6.0784062046649305,6.1080897645592644,6.1665883547575255,6.085861592862337,6.174172869930316,6.051675867264118,5.246159937488566,5.232412543153149,5.29207515973858,5.290217513110008,5.183347041818296,5.415855556768173,5.302161146829714,5.042478835267159,5.201826713642189,5.191154597559428
TC012322,7.096300933537306,7.061455921803318,7.03149651064175,7.064188831562637,7.0483541959701235,7.075555389589325,7.011395871919899,6.995567240308558,7.096802705448872,6.985189217756788,6.39642217812648,6.47642278585454,6.518797795439015,6.483192324349587,6.388185275856051,6.381830775963098,6.437753904935808,6.314105864087414,6.356552277642034,6.4018634144863915
sand,3.8943668191351803,4.003504021757642,3.9391804689384853,4.048487753344498,3.573006442746279,3.6922513368511183,3.805038873664448,3.8898394015936772,3.9612957640351376,3.9337139809423745,3.5021864062496015,3.4998665597802083,3.033776559688834,3.265693982593083,3.674931226176854,3.0145465962189255,2.9421666675027756,3.282497649213479,3.7168386874285866,3.556304809404111
TC006176,4.312558060360842,4.212919576978374,4.048825151991588,4.527880333290723,3.8338758403825297,4.29622950077267,4.081782947330533,4.055128557382192,4.259766033622114,4.212122289685843,3.4353434671294485,3.3614013263441245,3.386580259691715,3.4143768215193147,3.9963116584976532,3.4386996662804363,2.9421666675027756,3.107654934409267,3.661109293242718,3.7236379152447276
TC007930,4.662612016531993,4.557659943922092,4.547810855911559,4.871836301111823,4.531176682619511,4.648810129683657,4.6410727181598626,4.4973001523683465,4.7352097221042575,4.785929633048695,4.464003931349721,4.271713225116367,4.383303054991326,4.417567858112779,4.1421928133987205,4.042809644438025,3.963210596214996,3.7781956688218337,4.217892441528799,4.203795358980878
TC010482,5.936957587992065,5.693206387565789,5.382745190981351,5.830989363697096,5.4850313105995765,5.653512454444443,5.867518233792294,5.595013152141522,5.768285714535903,5.710498906907897,5.363357500907567,5.340664671453551,5.18727352217373,5.390828833281637,5.082592683383728,5.14231833562864,5.256410397557235,5.014492447590855,5.421407085563708,5.422621105387235
TC006639,2.0460775260074873,1.6297525196787759,2.2722693700784626,1.0407158525510556,1.8779012609306953,2.388417126903709,2.210134771630656,1.6854306314151455,1.8902383257699933,1.4117955765981531,2.7739026295078646,4.177797857081561,1.1623013069195414,2.6100067700914114,4.459397671882366,2.2631440216460366,0.0,1.1432199782574997,2.0397939969739234,2.6219521033381037
Prdm13,2.767496462918504,2.058943673091007,2.3183954376973244,2.3621763310454424,2.4525455728701826,2.256200428685183,2.3560639696091488,2.620663729370759,2.425251161837415,1.8437146726794647,3.0112493092271087,3.0089751972846077,3.033776559688834,1.1313560308035928,3.2820620299269514,2.465263524398122,2.5033232625550084,3.107654934409267,2.49719542604005,3.7737231819159422
TC015292,2.3632085579533157,2.168982587066764,2.484175705538897,1.9389632012740436,2.0099654355908907,2.673794316911359,2.3097473550040877,1.8363708046283422,1.8902383257699933,1.770985236577306,3.1116746532680453,3.3614013263441245,1.6853920561100812,1.6486036829857538,2.2558648098380703,2.9028783369155895,3.054071201880046,3.107654934409267,1.1723815205407382,3.1032826391435115
TC014096,3.4892833305783766,2.3582809566911345,2.3624873730120695,2.444921760482396,2.9686633929149586,2.9440784291705677,2.596310209466166,1.9040765818406509,2.3829344854722634,2.6287614654213156,1.66614421667106,2.459903132019709,3.8531842130631464,3.89785743628594,3.497667088842111,2.633319401290453,3.054071201880046,3.4981060037270595,3.769625578888624,3.1032826391435115
TC006647,2.3168566011259175,3.2952147411551467,2.223912369551684,2.52134055152138,2.5290174284133307,1.6190830336663111,2.5600669847268605,2.519824154031491,2.742179661106598,2.9536891551597586,1.66614421667106,2.459903132019709,3.458269297928702,2.240648901539056,3.2820620299269514,3.5682096830959957,3.7233525922819353,3.8714251483524373,3.5393674886501763,3.7236379152447276
TC004635,3.054589413712907,2.2681043340591733,2.404717032000018,2.444921760482396,2.6000544885239965,3.055994224107587,2.3560639696091488,2.7689715763770555,2.542413087533145,2.777156531285017,2.0065464682722505,3.4998665597802083,3.3093522660871617,2.442284926118722,3.006819183888132,3.0145465962189255,2.9421666675027756,3.007249419129333,3.239714200639151,3.8214191097299937
TC005905,3.4287302462175546,2.8829158547609435,3.411476096339028,3.007070350810442,3.3728141292899325,3.1175861649940733,3.2877762108141146,2.990595424614536,3.3868666649999226,3.3337457370115815,3.202928770477915,3.4998665597802083,3.458269297928702,3.3427961838064353,3.3592120388435283,3.2898857882327013,3.963210596214996,3.5607518203695836,3.8197651732159987,3.9922628725406177
Myo61F,3.201982732100028,3.344653312313099,2.961074563123256,2.8345874944462057,3.559962692804151,3.01271903284393,3.174649416308117,3.430253158382447,3.2693506247968465,3.2164677682762535,3.8300123910176627,2.771660096376308,3.5251610165611593,3.854327309220645,3.006819183888132,3.8334049588870807,4.191073011778299,3.359648919794132,3.769625578888624,3.1945025045904094
TC009343,2.8262023371576706,2.8032849575441015,2.223912369551684,2.2236061354756727,2.6000544885239965,2.5051764261686813,2.2611808841932004,3.0338216335250747,2.5786032008350945,2.6907859806520924,3.1116746532680453,2.771660096376308,2.2812726865496544,3.1821466385685167,2.895198213171213,3.2062557883445617,3.7761478018738774,2.769958330056334,2.66570274828471,3.0028987820819855
TC030676,1.7600097135709571,2.058943673091007,2.0030398541464707,1.7977280160525968,1.8779012609306953,1.3080551102098406,1.3519110011228102,2.0833884605766286,2.244046631738005,1.9750018831725822,2.899601183550748,2.771660096376308,3.94230975890076,3.9395714713230254,1.1429116774260601,2.9028783369155895,1.7027859454668932,1.662733234389562,2.0397939969739234,2.252173047062443
CheA75a,2.3632085579533157,1.432920342909288,2.658935013452987,1.870836961223387,1.8046951233104167,1.9239236367018315,1.7534817247150467,1.6854306314151455,1.8902383257699933,2.2891572307305577,3.3637104561743296,3.6771418366209145,2.2812726865496544,4.982853897167489,2.625777733252747,2.465263524398122,2.0456039741750236,2.002905761028916,2.294421874173465,2.252173047062443
btv,2.8262023371576706,3.2608433907880547,2.861449044706302,2.9607489516226884,2.6337661253685516,2.844550930420185,2.7898731892185156,3.2080889508653856,3.0946065096456086,3.180268423074389,3.5021864062496015,3.7298768461889615,3.587857400410095,3.6027105840352993,3.4308338774291283,3.2898857882327013,3.919622188504012,2.895625805991387,3.047711405644143,1.6590254300860556
TC010513,2.1064170077104643,1.9352816913590538,1.5398185500217432,1.870836961223387,2.1801915220580947,2.157222742178066,2.0392109027668996,2.0271161868473855,2.3829344854722634,1.911511273806999,3.4353434671294485,2.771660096376308,2.0270750710205108,3.3427961838064353,3.006819183888132,3.505549816629888,1.7027859454668932,1.662733234389562,1.6973297440001587,1.1401041028298804
Elovl7,1.9818620654071037,2.5173854399860076,2.223912369551684,1.9389632012740436,2.4119986401201543,2.673794316911359,1.5727197421466466,2.235383811002106,2.3829344854722634,2.660254526035791,2.7739026295078646,3.0089751972846077,2.4837738188296155,3.4811741578514863,3.674931226176854,2.9028783369155895,2.816142923294055,1.662733234389562,2.294421874173465,1.9989472905658339
TC032892,4.318985729611696,4.339515646899166,4.276458308336692,4.282461496444582,4.4482990321515405,4.258777332453598,4.361182284391533,4.540415351047918,4.305041692626767,4.3809373935189555,4.848946433056655,4.357560770973971,4.8027953018477305,4.442584032188456,4.1421928133987205,4.467431787169599,5.0198515530008105,5.599323191687793,4.742437072610413,4.571812192837944
Ets96B,1.913238278210167,1.8671991409660058,2.887301260161622,2.271961382066051,2.3697379200977666,2.256200428685183,2.156342125192478,2.0833884605766286,2.0827090779613027,2.375210897070236,4.1122523453139905,2.771660096376308,2.7961208578102594,3.6027105840352993,1.662366462833981,1.6689575493934654,3.2461291853537837,3.359648919794132,2.66570274828471,2.6219521033381037
TC012355,2.7051280810101246,2.775266995564378,2.7507888109813137,2.6260228408090573,2.6663782532719424,2.7628129318731385,2.6977677347553284,2.5881674166663706,2.856149873460655,2.6907859806520924,3.782307105485898,3.1093892775871645,2.7961208578102594,3.265693982593083,2.895198213171213,2.633319401290453,2.9421666675027756,3.359648919794132,2.0397939969739234,2.765668407814658
TC008174,2.8543115045825194,3.0686601382522665,3.0940618793149217,3.440915092677302,3.16212377870211,3.076949217817007,3.2328116702196774,3.309397888907713,3.1760600918241706,2.9988888174273116,3.286547482591985,3.9985380551665406,2.9219921854518613,3.7611336730956006,3.1984585436718374,3.2062557883445617,3.4071768697391285,3.4312718456372884,3.769625578888624,4.0307734143914145
TC033176,3.812753754925821,3.4513093820145193,3.4412474832535,3.007070350810442,3.647885961102351,3.2304388569800735,3.251470882967687,3.623717293404708,3.005925165096293,4.434929966193563,4.039402877844764,4.911671607957428,3.94230975890076,3.711063701679159,3.956255342352333,4.004290609018064,3.963210596214996,3.8258964823265074,4.5263074385710835,3.7737231819159422
C901,2.567349139947994,2.5534986279161673,2.721098555653753,2.2236061354756727,2.6979603339175595,2.302242573585713,2.3560639696091488,2.620663729370759,2.1394301079512155,2.5278547474266015,2.6301012000836064,3.9167501699162424,2.4837738188296155,3.0909775208684254,2.0025142380742684,3.0145465962189255,2.816142923294055,2.769958330056334,3.9984245405837795,2.6219521033381037
TC008916,2.163321895397806,1.8671991409660058,2.2722693700784626,1.9389632012740436,2.325612122284025,2.541251381628001,2.0392109027668996,2.187240733565041,2.2925177727242505,1.911511273806999,2.6301012000836064,3.0089751972846077,2.4837738188296155,2.442284926118722,1.662366462833981,3.0145465962189255,2.9421666675027756,1.662733234389562,3.661109293242718,2.89130194183645
st,1.913238278210167,1.6297525196787759,2.3183954376973244,2.119259692509884,2.325612122284025,2.6097171974571824,2.210134771630656,2.187240733565041,2.338747678939207,2.4544425171770428,2.899601183550748,3.8276723760197724,3.5251610165611593,2.240648901539056,2.0025142380742684,2.465263524398122,2.816142923294055,3.007249419129333,1.6973297440001587,2.252173047062443
TC032514,2.268251269029031,2.058943673091007,2.3183954376973244,1.9389632012740436,2.069985282568676,2.157222742178066,1.9065169319240562,2.0271161868473855,2.3829344854722634,2.491822150523089,2.260037582839394,3.9985380551665406,4.410364565355077,2.240648901539056,1.662366462833981,2.9028783369155895,1.7027859454668932,2.25627000499111,2.49719542604005,2.765668407814658
TC005100,2.0460775260074873,2.168982587066764,1.939257200288579,2.119259692509884,1.5461097076041421,1.6190830336663111,1.6671795466361823,1.763745885658237,2.8827225384877164,1.8437146726794647,2.0065464682722505,3.873202801885504,3.8054540910998513,2.442284926118722,1.662366462833981,2.7771542552550508,2.0456039741750236,2.626197590037222,3.047711405644143,2.765668407814658
CG10035,5.123925506881863,4.75249588097648,5.154423705005714,4.787748357414468,4.70001403320815,5.06537641057128,4.848342603911088,4.9217165088106185,5.438312182822105,5.065012900992832,6.059185353295675,6.1009308620186395,5.8589839064462925,5.235842243838923,5.069253494722051,6.2328068817800375,5.313279103474302,5.53397675009867,5.5678557502111445,5.610453063065126
TC006664,6.90058461445859,6.437836180922385,6.6264731091974305,6.4652000718770015,6.490491513867676,6.967199354816471,6.444682833795728,6.563232692529964,7.498235753148149,6.989283798914253,7.963567807633549,8.319388220298832,8.246246448929444,6.566323167366848,6.679033080395534,7.680214017312517,6.900848833215191,6.513391234833372,7.021348984760037,7.401757556559408
TC001971,4.662612016531993,4.5432153468672425,4.6180369613587615,4.343761086176098,4.621427984774552,4.922154599610552,4.476189092510581,4.309358073783331,5.549937484226927,4.914241406833577,6.57607676116417,6.046721622973645,6.131730913811346,4.6229427477387945,4.8774012451329005,5.793940339692286,5.1050753089243255,4.775139934880616,5.272905847122983,5.323990050936646
TC002971,5.14658436408936,4.986443653979631,5.048529372685756,5.308163354438657,4.8149162402671175,5.12328799818121,5.259911247812717,4.892472324486299,5.230892789094729,5.0162585160583575,6.2502702225464235,5.887890138709433,5.833578473717674,5.464611167150473,5.195256454436206,5.606970059039749,5.3459100185699135,5.732391931391391,5.098440269778593,5.60263869944912
TC009277,2.3168566011259175,1.8671991409660058,1.939257200288579,2.062697312003292,1.3270438588707776,1.783074609079728,2.2611808841932004,1.6854306314151455,2.647276437312986,2.14436585469102,2.7739026295078646,3.3614013263441245,3.2256571872044986,2.6100067700914114,2.2558648098380703,2.7771542552550508,1.7027859454668932,2.769958330056334,2.0397939969739234,2.6219521033381037
yellow-f2,2.5297194902846463,2.058943673091007,2.5216563532673897,2.062697312003292,1.8046951233104167,1.8559768818577536,2.4003299820572486,2.407663702297301,2.1931058235522483,2.4544425171770428,3.5021864062496015,2.459903132019709,3.2256571872044986,1.9878156422503623,3.2820620299269514,2.465263524398122,2.3004265196279556,2.626197590037222,1.1723815205407382,2.765668407814658
TC014878,5.448808305057066,4.794859804536556,5.292511413224265,5.604205790734203,5.600648758734791,5.470630391418428,5.835947979096798,5.232916608546559,5.2055194024263125,5.844900436338478,6.258518848051606,6.260230345931339,5.800886232198082,5.665320297682383,5.7659650357911945,5.78073572486954,5.880233758632374,5.607199234019961,5.295518840194046,5.955847715652909
TC008767,3.3304159682414682,3.4069848723050433,4.557464206513825,3.3161122974127903,3.1222509820971527,3.09747409738849,3.4962139641074215,3.134357394164832,3.402581642523504,3.7741340337415954,5.50381944206334,5.781518119283391,3.646853784072521,3.4811741578514863,5.490403974485216,3.9642282101816044,3.826294900704713,3.9566992952040203,3.472446161757052,3.493667420368431
TC009957,3.600388469983849,3.4069848723050433,3.4558072656009298,3.5116816680379443,2.894858492136233,3.669580558080348,3.5387166595765,3.356446624948701,3.3043590915787013,4.040586812967129,5.53816760210148,5.544190750857067,3.8054540910998513,3.808815730246804,5.745689713271604,4.07989983152625,4.045070887859528,3.6753723659703446,3.047711405644143,3.7737231819159422
TC003085,5.277634957942732,5.072885709696758,5.52199912956789,5.425648080579784,5.378002449914498,5.315287291066932,5.902045888640345,5.11345350300267,4.994594116390718,5.7236233035797275,7.5151878568200345,6.853515664423633,5.965939142910861,5.620695340702812,6.454188736980512,6.705769998650536,5.607997213248843,5.4457890496468,5.6095463454471926,5.826613276648225
TC003047,3.3970207759479574,3.344653312313099,3.902873424239761,3.440915092677302,3.16212377870211,3.1175861649940733,3.251470882967687,3.0124420740302535,3.3214142024541875,4.056060332967614,4.488415622511317,4.357560770973971,3.646853784072521,3.711063701679159,4.20785863161903,4.215865959344086,3.919622188504012,3.8258964823265074,3.7168386874285866,3.7236379152447276
prd,3.532407136193747,3.225248470193945,2.3624873730120695,3.742490560680394,3.037393528224786,3.055994224107587,3.269788297446875,3.4583151601434676,3.0512485630210895,3.833407333404484,3.4353434671294485,3.779969630711433,4.4623849893526915,3.4811741578514863,3.825453739452269,4.042809644438025,3.608584115433054,3.4981060037270595,4.077055134988608,3.556304809404111
TC013631,2.268251269029031,2.5534986279161673,2.1730976167846863,2.557466024790309,2.279448993797152,2.4288706970452862,2.0392109027668996,2.3252292226809823,2.3829344854722634,2.562634025735464,2.0065464682722505,3.1093892775871645,3.033776559688834,2.240648901539056,2.895198213171213,3.5682096830959957,2.816142923294055,2.458242944320711,2.294421874173465,2.6219521033381037
Dll,5.272709784912928,5.259863481254384,5.225849194680497,5.345972156653603,5.4656945627126525,5.203078593829228,5.376840966787085,5.541333791989297,5.243342068098801,5.350414137960548,5.431367300361615,5.820366219854291,5.724964221010478,5.446669640267414,5.533525926945504,6.274226774880773,5.7951849397561945,5.482002595003587,5.541980749806908,5.610453063065126
TC007411,3.626337692575564,3.0253574487246757,3.154462383590367,3.007070350810442,3.0592924580556224,3.634580571389516,3.5524920476699187,3.2767554809766075,3.3546758412731497,3.3648739172164106,3.6237983769192312,3.9985380551665406,3.8054540910998513,3.6027105840352993,3.8709819662502727,3.8334049588870807,4.532911109697887,3.7281050145669656,4.077055134988608,3.426842854800411
lft,4.833449254521323,4.992651119457495,4.547810855911559,4.492644917563313,4.593797612701583,4.6226332590073484,4.579323063395656,4.892472324486299,4.499790987456476,4.664093916299001,5.046659159170308,5.5851911453485155,5.406837891753859,5.201738816146379,5.082592683383728,5.406236805437472,5.077466600138476,4.459845048126172,5.084731753262176,5.024036206207682
ss,5.3555821424639,5.259863481254384,4.861601798788279,4.9558672976866935,4.924696369585119,4.892224498457129,5.1471066846871825,5.235259762315642,5.163533345642155,4.989451703086123,5.50381944206334,5.266136058139271,6.11244903651054,5.331684446966181,5.558533859062791,5.304589828292535,5.89269921107935,5.0001999519108224,5.1119634013585,5.0099455371322525
TC011104,4.387090648314308,4.067941802261623,3.4982563233763506,3.4111440381326834,3.559962692804151,3.5347758676127214,3.9889632367105303,4.229450949580135,3.5740998011372342,3.4667718074935445,4.243735283770674,4.436617639397703,5.280958389100471,3.711063701679159,4.737968337125224,4.963675678762119,4.9743516021932646,3.9566992952040203,3.956662195964277,3.8669433249470893
TC008242,3.0770229824449955,3.0253574487246757,3.114603417142498,3.264980169172149,3.4342149668644755,3.3477809559716905,3.2328116702196774,3.2600258092345893,3.1361624073265286,3.53368133400766,3.8300123910176627,3.562515708850644,3.8531842130631464,3.543787623539662,3.3592120388435283,3.6828537633011518,3.329891574555676,3.007249419129333,3.956662195964277,3.9922628725406177
stl,2.3632085579533157,2.5173854399860076,2.6263413845040797,2.6901796573717722,2.5651666088728518,2.64226890405972,2.4833845869556788,2.5881674166663706,2.2925177727242505,2.777156531285017,2.7739026295078646,2.459903132019709,3.3093522660871617,2.442284926118722,2.895198213171213,3.2898857882327013,2.6719155593267985,2.458242944320711,3.6020898813653224,3.0028987820819855
TC003355,3.240391441274912,2.716760047098368,3.051667884714537,2.9367579584619894,3.237395129032271,3.1756036331791804,3.5387166595765,3.171902561451416,2.8007875404591305,2.976544340741135,4.146778993309521,3.284245000526454,4.099773699703083,3.265693982593083,3.3592120388435283,3.5682096830959957,3.2461291853537837,3.4312718456372884,3.661109293242718,3.0028987820819855
TC033752,2.163321895397806,2.2681043340591733,2.557782805377764,2.2236061354756727,2.4119986401201543,2.388417126903709,2.4427192952148644,2.519824154031491,2.5786032008350945,2.562634025735464,3.8300123910176627,2.004476407045224,2.9219921854518613,2.6100067700914114,2.625777733252747,3.7856960010526826,2.816142923294055,2.895625805991387,3.148313876349847,2.765668407814658
fd59A,3.503865540873066,3.130289218914948,3.5908127073424247,4.210386234582683,3.477911563165124,3.394140582784392,3.4053722741938226,3.171902561451416,3.2870080494583944,3.3648739172164106,4.512245556483127,3.6771418366209145,4.297425948557606,3.808815730246804,3.497667088842111,3.505549816629888,3.7761478018738774,3.996755951329078,3.9984245405837795,4.593566308943313
TC008789,4.671658662155746,4.020006900917958,4.080278350842968,4.243792976017819,4.398473087706487,4.226458717922911,4.348919292778753,3.498984709458628,4.3781848907738095,4.071298066953727,4.989878955083384,4.5331544880569465,4.766063671828902,4.643361528221249,4.6397891456435145,4.561698081153029,4.787194177637568,4.382820701544223,4.281509935186697,5.820322765789139
TC032558,3.0770229824449955,3.150016166160636,3.051667884714537,3.0727620261521142,2.842444048921198,3.1756036331791804,3.0006548455320305,3.0124420740302535,2.8827225384877164,2.6287614654213156,3.6237983769192312,3.1093892775871645,3.2256571872044986,3.3427961838064353,3.4308338774291283,3.3670583730052317,3.054071201880046,3.007249419129333,3.5393674886501763,3.6152489549527256
nompA,3.098964308735121,3.4513093820145193,3.7536153195722894,3.4698253952918106,2.9446619470828352,2.9440784291705677,2.596310209466166,3.755377361813731,2.8827225384877164,3.5592399849286087,4.076490845553796,3.562515708850644,4.099773699703083,3.543787623539662,3.8709819662502727,3.627173732411176,3.7233525922819353,4.2083045105628,4.369936667850565,3.8214191097299937
fd102C,2.767496462918504,3.130289218914948,3.4843058968639573,3.007070350810442,1.6399329542084806,2.5051764261686813,2.0392109027668996,2.7689715763770555,2.1394301079512155,2.8043649103102815,3.1116746532680453,4.329755815481537,3.134312102327972,4.6229427477387945,3.1072225615998956,4.491844439775369,3.7233525922819353,3.6753723659703446,3.9984245405837795,4.404638641957433
Hmx,3.746852260529572,3.507508896326726,3.675523447381111,3.929889895392743,3.3728141292899325,3.4808712174205345,3.305446268299114,3.5121817907890063,3.8279361800882135,3.52065279306118,3.919094615869396,4.24137765415326,3.9840605735835313,4.055190327871264,3.956255342352333,4.306936118811656,4.347910221308862,3.7281050145669656,4.114167216434756,4.203795358980878
TC007335,1.6735846947482644,1.7153206449662075,1.0409379696488381,2.444921760482396,1.4425635573104507,1.8559768818577536,1.5727197421466466,1.8363708046283422,1.8902383257699933,2.14436585469102,2.899601183550748,2.459903132019709,2.0270750710205108,3.1821466385685167,3.674931226176854,3.0145465962189255,2.816142923294055,2.25627000499111,2.8098679588574798,2.89130194183645
disco,4.745419873261904,4.75642217043083,4.854488977394078,5.018351642460122,4.803623752295719,4.9732475174874295,4.786569410178029,5.251509886044647,4.718621114670093,4.8329111167198695,5.5713750393496815,5.111003193627447,5.25834708641638,4.844119597485195,5.426727696152721,5.507273070951751,5.3459100185699135,5.32854517291328,5.249769652636249,5.537823016144805
TC001700,3.413001192130523,3.5735886048678034,3.874751024206871,3.577769603529672,3.823842260062503,3.6580494729599073,3.605770947560109,3.745044068566742,3.731744040843518,3.480516660658469,4.000886236110786,4.144424863425118,4.099773699703083,3.854327309220645,4.382373744476404,4.467431787169599,4.224470101519544,3.8258964823265074,3.9130794579340358,4.526830596475798
Fer1,3.688409349107364,3.493752333750005,3.3164432259679457,4.024231264175951,4.024208265600458,3.9904606376343126,3.856813279728996,3.8344109810173626,3.9963456083634536,3.7325720503057105,4.723707082593533,4.621186940907991,5.149748064162256,4.559058935191939,4.459397671882366,4.583938814320183,3.4789152787096635,4.793007770044021,4.369936667850565,5.130137840872384
dsf,3.054589413712907,3.6593269849026226,2.6263413845040797,3.2293792820008487,3.3073951679749083,3.6463838692623383,3.174649416308117,3.0752565027768717,3.115600304534791,3.3494309426746156,4.512245556483127,3.7298768461889615,4.326878727815848,4.559058935191939,3.5603120737789373,4.247153315785799,3.4071768697391285,4.382820701544223,4.57343207910555,4.695758218217127
scro,4.794393677617362,5.1065784290007175,4.8069799301873894,4.648854306506608,4.976967473047508,5.024817362091319,4.508261216604088,4.834785311340323,4.70175267681718,4.874402861007441,5.936669789383779,5.684534314988197,6.062552205343668,6.137659176394255,5.516499629711873,5.653323143514955,5.408141387700315,5.909545638422207,6.17920847059019,5.529417495113537
dmrt99B,3.6390640848814853,3.716359061352283,3.282646840515617,3.577769603529672,3.5467465523543122,3.3477809559716905,3.356656903130149,3.4159212206801604,3.637706258609548,3.2514023704780968,4.146778993309521,4.461639505990946,4.511832577418927,4.892534712895718,3.619262945593032,4.39040036053148,5.1050753089243255,4.700293881446473,4.077055134988608,4.0307734143914145
nkt,2.79728013564892,2.775266995564378,2.912501946668649,2.8073261947839234,2.9686633929149586,3.055994224107587,2.9766119802627986,2.8980983312148814,2.856149873460655,3.1616651912917435,3.5021864062496015,3.2006340956805572,3.587857400410095,3.1821466385685167,3.3592120388435283,3.505549816629888,3.329891574555676,3.619703428663625,3.3234556464166496,3.2780924592588456
Tom,7.825443755229912,7.981914249682748,7.893785012495791,7.725476614812645,7.908594145393137,7.798450333502763,7.891993259318789,7.828203644137357,7.979067633907822,7.6501966323069786,8.492602315790514,8.171174167065717,8.429484241890421,8.289094711000292,8.38470487398828,8.344880684729121,8.191554984443222,8.564999361292015,8.099250663879586,8.158104213037923
TC006580,7.338622852661993,7.36434569380539,7.3286248694796665,7.210693480389721,7.40909206497362,7.278007045653265,7.323518147006246,7.269542636503262,7.327121713371855,7.104190748582077,7.724331260853686,7.502220856468245,7.779736118458224,7.599884017433508,7.8418230412488725,7.75492817795676,7.614747313808013,7.886600678324401,7.5788741053283815,7.518029532476211
Hesr,6.939561488818085,7.16743411524861,7.066096760466855,6.897574876580809,7.140627255016999,6.92255920486429,6.940035570448453,7.015099302525162,7.039761398162581,6.72359466048603,7.642347776065168,7.224907429270009,7.565386286196407,7.435782929412009,7.516358090540809,7.618685449345877,7.196160571619778,7.549957560557878,7.259329328845167,7.19485776371715
TC006577,6.589870422501985,6.857974936892579,6.754972430439182,6.5145607375910926,6.929676624020168,6.58772076695555,6.699767587976663,6.68950614931019,6.792851142810312,6.468122860822719,7.41571526832543,7.080958921018886,7.214446087551703,7.199386298989129,7.259372280439955,7.371582108953603,7.030007000955076,7.493292907470272,7.197865904833812,6.927438263968143
TC032258,3.4744853288298647,3.5735886048678034,3.675523447381111,3.3488033281443084,3.1814794126781503,3.438445880917291,3.7277329142362845,3.9251552306720168,3.3214142024541875,3.546542312825299,4.761118386438028,4.177797857081561,4.062670723423386,5.038831175625109,4.355321811781325,3.922493589344638,4.532911109697887,4.598097483720825,3.9984245405837795,4.103611967720614
D,5.2349768557385294,5.394816868915732,5.299397171921125,5.261771158502505,5.382256271647373,5.283839788111634,5.310696544042957,5.4009535287737,5.337721686382617,5.253262338160557,5.770610521774467,5.601131912978787,5.561755530794512,5.7754149752701,5.645223982507287,5.471702510409153,5.6640362953258885,5.818556177258618,5.649568174782479,5.66350781234064
TfAP-2,4.737019212998713,4.820913244988985,4.872177060790491,4.839769060654781,4.917966102683304,4.96700185094913,4.944641259671394,4.90557543347004,4.89104243089058,4.8710102171177505,5.431367300361615,5.340664671453551,5.3562991746336275,5.419138960609275,5.230156625129356,5.063810148054157,5.408141387700315,4.985700215227919,5.201826713642189,5.117474655103464
TC014084,4.318985729611696,4.3154461874607275,4.390570420938314,4.561916355757302,4.303257221680502,4.271417882622417,4.397093992893516,4.326925455411466,4.219256865178172,4.269552267131058,5.046659159170308,4.7948081711798345,5.013399647520379,4.721106442886575,4.940445815893578,4.626989168634254,5.170935780253139,4.775139934880616,4.920055204019213,4.873307960406003
TC033751,4.056771234363237,3.8314359539198413,4.032719612320111,4.263314131396641,4.4428838415121135,4.252396629186779,4.42033809883641,4.170135429346942,4.360394506779636,4.192221881435742,5.468249391850217,5.428985778237646,5.013399647520379,5.142180553865491,4.925053363887726,5.396524634421627,5.4947793650695544,5.014492447590855,5.098440269778593,4.966441583299199
erm,2.934188052251692,3.130289218914948,3.1927933238443718,2.8345874944462057,3.20046750876007,2.8955523844494495,2.7601041109136166,2.990595424614536,3.005925165096293,2.8818116633155384,4.386975696991985,4.301155578985866,3.94230975890076,4.125453254052691,3.825453739452269,4.6056956402154405,4.602795498794813,4.142638235404713,4.501885303347643,4.171503371253783
bi,7.574380729197524,7.631151702097797,7.651154933008633,7.70361529452144,7.713401265759729,7.569856657123157,7.591626865848613,7.700265439381061,7.664945009271917,7.63638647561265,8.400518380265519,8.107461025281129,7.942972995137804,8.112399805417674,7.821474185422941,8.197398759505784,8.27386937874931,8.034830405548693,8.017425546624233,8.135305516947973
toy,5.81265429076514,5.708446084572908,5.935860997086773,5.933094813308176,5.943841376969346,5.905799404826567,5.972595720626629,5.9849649150024185,5.889456694031547,6.018790576537341,6.650939167001556,6.766189294897886,6.556963677660275,6.662042524671741,6.665518199272777,6.617671427549581,6.291025015265854,6.490952092969541,6.602306655985769,6.4960601027882054
oc,5.176924997310172,5.243144427094539,5.391127758547878,5.352498397796826,5.384376416076182,5.441822300733598,5.499249461598762,5.513373405218939,5.3860684214770425,5.4969442562379225,6.069162189560302,6.196909278299116,6.126945187727644,6.173301467569047,6.0986679054916735,6.077573282281238,6.13371236294758,6.246070922040962,6.237534431266393,6.216340723715256
tll,2.79728013564892,2.9081100865313294,3.114603417142498,3.192464035362572,2.894858492136233,2.844550930420185,2.9519767850793035,2.9682608190609763,2.6135292049490815,2.9536891551597586,4.386975696991985,4.436617639397703,4.436713004783678,4.757823832309361,4.4838080658791135,4.215865959344086,4.224470101519544,4.327964314562108,4.077055134988608,4.323447468783192
TC001539,7.659143557847388,7.560612774680632,7.589865694559113,7.563724789862633,7.58949323668313,7.577253443048385,7.59427390148452,7.61409068541509,7.635971265907776,7.564321260336301,8.162612924288256,8.099691316142126,8.110032469384882,8.166318703316023,8.089593415976033,8.128044305554996,8.126039702682482,8.126706697595997,8.099927735585885,8.136551258134627
Optix,4.505486699773857,4.557659943922092,4.492984464692004,4.1253397294020475,4.140921346481437,4.53972166737861,4.22424495045046,4.595154708957727,4.239716559467382,4.724901527375245,5.587574183427095,5.4195488195385515,5.070188645184988,5.6797634614683705,5.590933701612841,5.704818585027711,5.616197643006669,5.55898472638388,5.226085471301593,5.625900949384908
Rx,3.9421871674917477,4.020006900917958,4.110772339540211,4.196704662216512,3.7175470247846643,4.115405468295197,4.049018476939255,4.235829521720156,4.23294306611045,4.250773036844944,5.29038264304795,5.243780548211726,4.766063671828902,4.892534712895718,5.095756277806549,4.97860926415293,5.457197030865409,4.877850409947951,5.13847310315468,5.226053982500585
Cox10,5.109498486672429,4.948367230353055,5.266850052063845,5.127284284364903,5.047621321042813,5.0568226011286335,5.11321417121677,5.094775108017756,5.189980477644075,4.949416260100164,5.770610521774467,5.5357850181552015,5.376822164637244,5.279576423209725,5.645223982507287,5.507273070951751,5.3775097179529405,5.766416229848028,5.788529648391076,5.441231465466734
dac,6.497075328696481,6.370726946957126,6.314260592490383,6.388192524500956,6.479217168433072,6.380589695908589,6.2943302216328725,6.424395297657078,6.292699718319861,6.569466689748569,6.89578054045286,6.743742622260328,6.677359331221668,6.604011384322541,6.623841819215429,6.881718299905078,6.813518005180906,6.632769223288309,6.968215474695762,6.688248102550381
hbn,3.16203966513484,3.0472431655428527,3.154462383590367,3.5252532868461257,2.9686633929149586,3.3156357680836903,3.174649416308117,3.309397888907713,3.0731625068709914,3.0421335155380067,4.386975696991985,3.779969630711433,3.7025626460832233,3.6583539752807495,3.619262945593032,4.004290609018064,4.224470101519544,3.996755951329078,4.596186968186193,3.8669433249470893
Sox15,4.189179887356824,4.523625479795269,4.528220013444513,4.704262040226981,4.375505503712399,4.265117580343608,4.476189092510581,4.511879410627792,4.305041692626767,4.4608709975192795,4.882025881633938,4.578139115936022,4.7083054629262335,4.997144708787054,5.31767454387716,4.07989983152625,4.768306273923617,4.7195370942341475,4.852744667987933,4.656125627971433
TC000495,2.88165210137462,2.400492491627522,2.779622913370614,2.9607489516226884,2.842444048921198,2.734011642724456,2.8468777958981892,2.8735725291836696,2.5786032008350945,2.596244250800076,2.7739026295078646,4.24137765415326,3.5251610165611593,3.1821466385685167,3.4308338774291283,2.9028783369155895,2.816142923294055,2.626197590037222,3.239714200639151,2.6219521033381037
croc,2.449925764051138,2.716760047098368,2.834910715418653,2.9367579584619894,2.9446619470828352,2.4288706970452862,2.9008073801802747,2.519824154031491,2.6135292049490815,2.562634025735464,3.732211519756861,4.177797857081561,3.755331116450255,4.090938773911667,3.7777534080938464,2.465263524398122,3.054071201880046,2.895625805991387,3.769625578888624,2.765668407814658
TC032440,3.518238162910223,3.6593269849026226,4.477494972445148,4.497755200463317,3.8137069857922263,4.199830075540388,3.9889632367105303,3.7026088314258634,3.7090505735383017,3.7942847017311054,5.4499783725534385,5.447596657143422,5.246846772640545,5.052349238447538,5.055733963776257,4.647838720110859,4.045070887859528,4.598097483720825,4.761687502579437,4.856906117398829
