gene_symbol,Hox_5,Hox_7,Hox_3,Hox_2,Hox_6,Hox_4,Hox_8,Hox_1,Hox_9,Hox_10,No_hox_9,No_hox_6,No_hox_7,No_hox_2,No_hox_3,No_hox_5,No_hox_1,No_hox_10,No_hox_4,No_hox_8
CG13641,3.6195471244501394,3.0210199831553513,3.1438931651688207,3.58420931922583,3.0032325807903275,3.2462839147489753,3.0041537286315156,2.0741063951256176,3.19482294479461,3.3011447557292635,3.218017860061118,2.539451461142333,2.0733705273598537,0.9891068335524282,2.7067433187915024,2.7166646376127206,2.700198539256746,3.3280147237054956,2.2581242836773248,2.4226344738653163
spg,2.528155218526035,2.803056385013551,2.9846475365370155,2.746866513290928,2.3306986666296408,3.0440904563578517,2.742263267996461,2.8799731661920176,2.9207063699568465,2.814583014835777,2.2579821530958535,2.234055194870366,2.811872701835794,2.551148623608964,2.4410685817120843,1.8403377883293344,2.072082418952996,2.0439092881688388,2.6881338046419536,2.6878951386641385
ara,3.1805813841532196,3.53472319418169,3.3023903778933703,2.7087129757904163,3.1868819245622073,2.95631682746746,2.913789367607359,2.8468847060733915,3.094004739358557,2.8488080186439335,2.0606430985953414,2.539451461142333,3.160934451559357,2.6748831796801067,2.9164461775004784,2.8270767034685633,2.5762202516613,0.985885154973656,2.897582460140195,2.8973405027750667
eyg,2.9677745951830232,3.1271006722981745,3.6668417873034755,3.091720286003641,2.9128727664322813,3.2689089194371905,3.2572488981577576,3.685013608423828,3.349969918396001,3.322322450925925,3.3465323976218184,1.7921915843680407,2.91120585418963,2.048380000848228,2.582703007183663,3.0169280589040413,2.9098125433896946,1.4725560961555262,3.3466855358987697,3.070424566851899
Mlc2,3.375859199877575,3.8234822306149896,3.6955146137255097,3.6161033019634865,3.57848457516089,3.199437787921226,3.3009989557763864,3.6554801711796494,3.7910033322754995,3.52974730609785,3.218017860061118,2.39836666187546,3.160934451559357,3.4467751806861107,2.7067433187915024,3.3762059965082556,3.2305949232346767,2.0439092881688388,3.3466855358987697,3.5127138139695324
Cyp4e2,3.6039788640732526,3.5837185837891257,3.5913424849055113,3.4453699375906566,3.545545249149485,3.8471974265180995,3.7155440169858975,3.5105903035029513,3.1201780953421006,2.814583014835777,3.218017860061118,2.773074838645633,3.3605946709313876,3.3914884362717426,3.424535266773348,3.1764226635873296,3.2305949232346767,2.670103630956601,3.070668769377403,1.8144602862831802
Cyp6a16,3.3559519243580023,3.351539230329271,3.1438931651688207,2.949488254791189,2.9128727664322813,3.015680077110876,3.3221765341011085,2.5333571372940926,2.7491062532915342,2.43864258378876,2.2579821530958535,2.39836666187546,2.91120585418963,2.6748831796801067,2.582703007183663,2.8270767034685633,3.0001571475894226,2.405240888818788,1.81467465183463,1.4873098480958127
E(spl)m6-BFM,4.629543208788266,4.238339719103251,4.3617528072791645,4.429532332410314,4.265756225196388,4.62047861469976,4.190546774824719,4.496551748244506,4.249170210969068,4.291012731317703,3.855333405891442,3.7140779389422645,4.349856804862946,3.4991647757615425,4.55774062400521,4.296129573941962,4.2787301946205245,3.8721407763478126,3.958730719863053,3.284244497957053
CG3529,3.4698523039302307,3.410101114827523,3.382824037257115,3.367981451141338,3.4396696069143258,3.5582631030148497,3.512424163554862,3.161740469844782,3.4661343880096362,3.5125710263754955,2.9877150818113423,2.39836666187546,3.160934451559357,3.05710870219364,3.5323271806427323,3.247545134463169,2.9098125433896946,3.1286176595400272,3.2181702320478487,2.564034542750844
CG11000,3.4698523039302307,3.245603363162933,3.214916769947548,3.1433939214938085,3.545545249149485,3.524188703926715,2.913789367607359,2.8468847060733915,3.4097379786541646,3.2347799257243035,2.7981826737390336,3.192344364675497,2.7015731390041497,2.6748831796801067,2.582703007183663,2.5925310664368366,3.2969487172773237,3.3280147237054956,3.2181702320478487,1.8144602862831802
Hsp67Bc,3.5051078432679996,3.3714433558906047,3.1681325263781672,3.7482347304620296,3.1122634737291746,3.2462839147489753,2.913789367607359,2.8799731661920176,2.9818707297831852,3.0042976010262468,3.4050839177019436,2.663070175995755,2.2710401179786364,3.05710870219364,3.0897058493183422,2.7166646376127206,2.2697187528687217,3.0522165026913655,2.6881338046419536,0.9979029946781003
CG6770,3.3559519243580023,3.351539230329271,2.604146867494091,2.627739921952991,2.3306986666296408,2.9252591744750136,3.0870248218543264,2.0741063951256176,3.2416600706755268,3.5795739093207612,2.4227231975571915,2.234055194870366,1.498682762579401,2.6748831796801067,2.2760106989977658,2.4507749884369465,2.434666718994895,2.240807137863091,2.5642709120345955,0.9979029946781003
CG3770,3.7631945646060037,3.717762855820278,3.2812288061316437,3.2393607135774714,3.1868819245622073,3.5582631030148497,3.4771605218674844,3.085220879081664,3.2864012808918956,3.4407542848400006,3.460395959514602,2.962322424455575,2.4360112259820355,2.8841478881592733,2.8170816166839887,3.4348181902634507,3.2305949232346767,3.0522165026913655,2.5642709120345955,3.346438467641837
Sesn,2.874639489025171,3.351539230329271,2.8623850266384623,2.949488254791189,3.0032325807903275,3.199437787921226,3.1131895878989386,2.740494867660397,2.7491062532915342,2.9139325302428487,2.5641244049158574,2.39836666187546,1.8267539989788295,3.1335276629677447,2.0782163895699703,2.8270767034685633,1.4975386338641936,2.405240888818788,2.0607816087353927,2.7980912473700217
Msp300,2.906658052931332,3.5676520452901843,3.1681325263781672,3.347660946167725,3.0032325807903275,3.1247776928985185,3.3009989557763864,3.185998917790842,3.094004739358557,2.9139325302428487,2.9877150818113423,3.1213910622462957,1.8267539989788295,2.8841478881592733,2.0782163895699703,3.3762059965082556,2.5762202516613,3.0522165026913655,2.897582460140195,2.7980912473700217
CG10307,2.5731378523188053,2.4274531824299204,2.8293320685093217,2.8533005753033613,2.579210749966514,2.3974829309982577,3.032547371747313,2.6214236868391008,2.7491062532915342,2.4881055773592275,2.7981826737390336,2.663070175995755,2.0733705273598537,2.2453964684871117,1.5029884468255061,2.4507749884369465,2.072082418952996,1.7984950072786516,2.2581242836773248,2.4226344738653163
Aldh-III,2.906658052931332,3.1519513023543686,3.0935772401477424,2.8533005753033613,3.0592332587618287,3.1247776928985185,2.9749302676162452,3.0023572459525663,3.0671278846503474,3.087169291113313,3.1469847198641028,2.663070175995755,2.811872701835794,2.974363073737046,2.2760106989977658,2.5925310664368366,2.072082418952996,2.0439092881688388,2.5642709120345955,2.564034542750844
CG43184,3.522280201882741,3.0210199831553513,3.763793774632085,3.8891087025027327,3.6259444275337684,3.9197799888175915,3.2346345084645245,3.5105903035029513,3.19482294479461,3.6870040860239035,2.897432489559394,2.8721687978780883,3.160934451559357,3.204519080327228,1.5029884468255061,3.592490704390497,2.2697187528687217,2.405240888818788,2.5642709120345955,2.6878951386641385
CG15282,2.841561729276509,4.262882333995804,2.367839268742325,2.669045804497014,3.0032325807903275,1.8392339837806118,3.1131895878989386,2.702358364022013,2.9207063699568465,3.0326914542360477,2.4227231975571915,1.7921915843680407,1.8267539989788295,2.409912857932622,1.8314053465528253,3.099851812655767,1.4975386338641936,1.4725560961555262,1.81467465183463,1.8144602862831802
vari,2.528155218526035,3.101616716460791,2.313052755171002,2.5846540765810766,2.622277818660021,2.086370291932408,2.742263267996461,2.486233665647216,2.6712731379153443,2.9750739174563945,2.2579821530958535,2.234055194870366,2.4360112259820355,2.551148623608964,1.0107100408491183,2.2855517656074413,2.2697187528687217,2.405240888818788,2.2581242836773248,1.8144602862831802
MP1,3.0798281812783523,2.7676450538647064,3.1438931651688207,3.2162185332919853,2.880842547493,3.1247776928985185,3.1131895878989386,2.740494867660397,2.78586297091255,2.8488080186439335,2.2579821530958535,2.8721687978780883,2.2710401179786364,2.409912857932622,2.8170816166839887,3.1764226635873296,1.4975386338641936,2.5464157811649155,2.897582460140195,2.4226344738653163
Reck,2.7352087957918525,2.6928228410207975,2.8293320685093217,2.5846540765810766,2.8477523486226,3.0717159339750033,2.7790030457057218,2.812663822773416,3.011104907039362,2.9750739174563945,2.4227231975571915,2.39836666187546,2.2710401179786364,2.551148623608964,2.4410685817120843,2.4507749884369465,0.0,2.405240888818788,2.798331730757024,2.2578949756482216
GstE14,2.7719309879732763,3.4654224055458416,3.067436903370251,2.979599159610247,2.813529605504636,3.015680077110876,2.9749302676162452,2.9731365665896434,3.094004739358557,2.9750739174563945,2.2579821530958535,3.045016268357781,3.0844176966351644,2.409912857932622,2.2760106989977658,2.5925310664368366,1.825517748089192,2.0439092881688388,2.0607816087353927,2.564034542750844
CG32814,2.906658052931332,2.8372565215717764,2.6453775255573992,2.9184424601797216,2.7032176997112947,2.634425754253086,2.4385044195492784,2.777230248739782,2.821316395494381,3.0326914542360477,2.0606430985953414,2.39836666187546,3.160934451559357,2.784979539662915,2.2760106989977658,2.7166646376127206,1.00625419931777,1.7984950072786516,2.2581242836773248,2.2578949756482216
CG31999,2.841561729276509,2.933353452624787,2.5162060881589277,2.669045804497014,3.137759978894676,2.7154391655603374,2.8144407102307643,2.5783595635848497,2.7491062532915342,3.0042976010262468,2.6879858740439926,2.0373328257807772,2.577581791130957,2.409912857932622,2.0782163895699703,1.5112612373777021,1.00625419931777,2.7801630215764614,2.2581242836773248,2.564034542750844
smp-30,3.375859199877575,3.5178430193584105,3.0935772401477424,3.5343759379701307,3.0860998505256076,3.015680077110876,3.211496851975098,2.91200175599703,3.2185156972192925,2.8488080186439335,3.218017860061118,2.663070175995755,3.3605946709313876,2.048380000848228,3.0068236936031605,2.7166646376127206,2.072082418952996,2.670103630956601,3.1471366240876777,2.987622631369461
dpp,3.522280201882741,3.4288836553147997,3.4207380724980068,4.221432117802995,3.8591626835688677,3.8719816056950718,3.7155440169858975,3.4387780995472546,3.4288923594327883,3.0042976010262468,3.3465323976218184,3.1213910622462957,2.577581791130957,2.551148623608964,3.0897058493183422,3.099851812655767,2.5762202516613,2.9694917494840705,3.070668769377403,2.987622631369461
btl,4.041686998947495,3.6750471755131704,4.187755030941243,4.0640103481615455,3.6412766988709726,4.326408270962541,3.7705622443077376,3.527765545418972,3.664446119116077,3.6723456355798687,2.9877150818113423,3.258595115843803,3.2983677831785143,2.551148623608964,2.8170816166839887,2.9265010732095815,2.072082418952996,3.0522165026913655,3.2181702320478487,3.8552381089772845
CG10591,4.031507193196154,4.362779136184059,2.1935593238688242,2.9184424601797216,4.8970435881854915,3.312678843560166,4.298786047661586,2.486233665647216,1.7371572723000828,2.580246416472255,3.0705174072606383,2.0373328257807772,1.8267539989788295,3.5489457964622106,2.582703007183663,1.8403377883293344,2.434666718994895,0.985885154973656,0.9980646803390514,2.0605581420357564
GstE3,4.756204788096742,3.9852312002475134,4.490958174862246,4.4013044093641085,4.619027852933065,5.05878799522504,3.9309613652868363,3.527765545418972,4.2657393663890915,3.52974730609785,4.573826466963603,4.0551888322828145,3.474513069707536,3.6416384683762497,3.4798829081964224,3.247545134463169,3.7928654009636458,3.265864297787524,3.3466855358987697,3.346438467641837
ss,3.43330824577982,3.4832030226667396,2.604146867494091,3.28409782532656,3.137759978894676,3.394859286511647,2.742263267996461,2.8468847060733915,2.6712731379153443,3.0326914542360477,3.1469847198641028,2.234055194870366,2.577581791130957,2.409912857932622,2.0782163895699703,1.8403377883293344,2.2697187528687217,0.0,3.3466855358987697,0.9979029946781003
kcc,3.934901391642049,3.7037260599572153,3.622229521316705,3.788664383557152,3.6412766988709726,3.6231148339584087,3.6268878599393166,3.768715546362156,3.7226791277931826,3.860259669969463,3.6986651352836772,3.37922536932782,3.3605946709313876,3.5963657395817763,3.6296222985001436,3.1764226635873296,3.2969487172773237,3.1286176595400272,3.3466855358987697,2.987622631369461
CG2065,3.9121043678956964,3.645521466932088,3.802629970996981,3.367981451141338,3.3000654600172505,3.795706512503134,3.7705622443077376,3.609477266835201,3.2185156972192925,2.9750739174563945,2.7981826737390336,3.045016268357781,3.0015573893316985,2.974363073737046,3.5323271806427323,3.3762059965082556,2.5762202516613,2.5464157811649155,3.2181702320478487,2.6878951386641385
CG32073,3.8025518802183766,3.745258831664263,3.401960728374979,3.0648463888896824,3.4017310826465796,3.5748745678493004,3.2572488981577576,3.25543144064222,3.2185156972192925,2.7791450230313326,3.3465323976218184,3.258595115843803,2.7015731390041497,2.048380000848228,3.0897058493183422,2.5925310664368366,2.5762202516613,2.0439092881688388,2.798331730757024,1.8144602862831802
tin,4.2091546170598555,4.204650194755006,4.106817257716024,4.394121144830733,4.409700686743079,3.4143908631891193,4.241962502507026,3.9627343242130424,4.16193779954937,4.039064629191372,3.460395959514602,2.8721687978780883,3.419175169124266,3.8415674779081286,3.838082150700483,3.3762059965082556,3.7928654009636458,4.172030064118227,3.7802193602571403,3.8552381089772845
CG42586,3.2273904689512136,2.6928228410207975,2.8623850266384623,2.9184424601797216,3.0316248780546298,2.591317064165632,2.7790030457057218,1.729580530146714,2.586866818296162,2.4881055773592275,2.0606430985953414,1.4667359509356888,2.0733705273598537,2.8841478881592733,2.2760106989977658,1.5112612373777021,2.072082418952996,2.240807137863091,1.81467465183463,2.4226344738653163
CG13380,3.2273904689512136,3.101616716460791,3.0935772401477424,2.492478443891713,2.943908811692672,2.7903784200916886,2.6231766733157604,3.0583554335030243,3.0395086663026847,2.4881055773592275,2.0606430985953414,2.0373328257807772,2.4360112259820355,2.6748831796801067,2.2760106989977658,2.0875197445323144,2.810487769568667,2.7801630215764614,2.798331730757024,2.6878951386641385
rtet,4.283425002006629,4.238339719103251,4.1525888078915845,4.083869396773875,4.037963776212312,3.9982949562063603,4.038915918495519,4.096644849271438,4.152780978934727,4.163961365121583,3.990748840823145,3.37922536932782,3.474513069707536,3.804652191676669,3.7182847861280424,3.3762059965082556,3.8312191634597785,3.7996325826415376,3.9254871353376575,3.8908494471392405
robls54B,3.293735781403851,3.222999699425228,3.1438931651688207,3.28409782532656,2.9128727664322813,2.7903784200916886,2.9749302676162452,3.136878888202855,3.2864012808918956,3.087169291113313,2.897432489559394,2.39836666187546,2.577581791130957,2.974363073737046,2.582703007183663,2.7166646376127206,2.810487769568667,2.7801630215764614,2.9878658082239617,2.7980912473700217
fd96Ca,3.876903738931855,4.027016008488098,4.038999415571368,4.033462139758612,4.126063362285121,3.9428488573566574,4.127016945155447,3.7951285174684615,4.486070670742166,3.9865432751413374,3.5626097976145084,3.1213910622462957,2.811872701835794,3.05710870219364,2.8170816166839887,3.247545134463169,3.668099721416647,3.5913726686230802,3.818562084799556,3.8552381089772845
trh,4.100681117072198,3.8604129132928504,4.238289020829565,4.103341730894606,4.006783733644133,3.9764840242174815,3.847799317406544,3.973696368489737,3.9827268683166377,4.098652599736489,3.460395959514602,3.434488998131671,2.2710401179786364,2.784979539662915,3.166241233455302,2.8270767034685633,3.4730852058703165,3.4418048834483272,3.855488772463455,3.4049897927844
Hr78,3.7081862006766837,3.717762855820278,3.382824037257115,3.58420931922583,3.594556100646713,3.6072919121244467,3.512424163554862,3.625047896956926,3.4288923594327883,3.087169291113313,2.9877150818113423,3.434488998131671,2.7015731390041497,3.332965263676102,3.838082150700483,2.9265010732095815,2.810487769568667,3.4418048834483272,2.422867848778538,2.6878951386641385
CG13287,3.0798281812783523,2.6928228410207975,2.8293320685093217,3.0648463888896824,3.278430452006903,3.1751652059958912,3.0041537286315156,2.6214236868391008,3.2416600706755268,2.580246416472255,2.6879858740439926,2.234055194870366,2.0733705273598537,2.6748831796801067,2.582703007183663,2.0875197445323144,2.810487769568667,2.9694917494840705,1.81467465183463,1.8144602862831802
snoRNA:Or-CD2,2.9376831553759297,2.6928228410207975,2.8293320685093217,2.7087129757904163,2.7413565131940403,2.3974829309982577,2.5350974826668904,2.702358364022013,2.78586297091255,2.74240489354698,2.4227231975571915,2.539451461142333,2.577581791130957,2.409912857932622,2.7067433187915024,2.0875197445323144,1.4975386338641936,2.5464157811649155,1.4875080678223427,1.8144602862831802
wisp,4.110183771156,3.772018966373286,3.802629970996981,3.5678725751331375,3.494007980513072,3.821783347183541,3.5954987106208534,3.768715546362156,3.879434740454526,3.7707101342130938,3.218017860061118,2.962322424455575,3.576771086213283,3.726463342914871,3.2373331062712083,2.9265010732095815,2.810487769568667,3.6366391501372735,2.0607816087353927,3.4603016606387027
CG31121,4.381814458574408,4.573053426303912,4.383296507217729,4.613345254108244,4.430647781776614,4.42966809290805,4.337484122701895,4.463702630033481,4.124796420733195,4.250429747753055,3.740192694355258,4.3529380062028915,4.303951298516901,4.298913583172494,4.101266229942321,3.5426452916674926,3.971424731273156,4.033285243942784,3.2844909876995745,3.655243197161795
CG32447,3.4698523039302307,3.199873270901726,3.259609723152043,3.091720286003641,3.6103734124180837,3.4143908631891193,3.342914907817998,3.4387780995472546,3.329226148740862,3.4950945584422475,2.5641244049158574,2.962322424455575,3.0015573893316985,3.4467751806861107,3.166241233455302,2.4507749884369465,3.0001571475894226,2.7801630215764614,2.5642709120345955,2.8973405027750667
eg,5.171969305844121,4.8141191788139155,5.048501556859947,4.885398802194627,4.960030567348632,5.127357226654286,4.965054387601015,4.959115965536362,5.104981159923352,5.0763359407193445,4.164677338861771,4.900838930118499,4.43579188110654,4.628202000797089,4.520403511773489,4.751902729732383,4.392291839426029,4.6870425319474425,4.312946152769789,4.379260653865631
yellow-h,2.841561729276509,2.963437695451106,2.367839268742325,2.492478443891713,2.487078108387754,2.634425754253086,2.7790030457057218,2.777230248739782,3.0395086663026847,2.9750739174563945,2.2579821530958535,2.663070175995755,1.498682762579401,2.2453964684871117,2.2760106989977658,2.4507749884369465,1.4975386338641936,2.5464157811649155,2.0607816087353927,1.8144602862831802
Ptp10D,3.539162642174387,2.933353452624787,3.1681325263781672,3.261979424738054,3.0592332587618287,3.452345527585724,3.2346345084645245,2.8468847060733915,3.5535889604214823,3.0042976010262468,2.4227231975571915,2.962322424455575,2.0733705273598537,2.974363073737046,3.365943852291622,2.5925310664368366,2.434666718994895,2.670103630956601,2.897582460140195,2.2578949756482216
scb,3.4698523039302307,3.4288836553147997,3.3434156863672686,3.28409782532656,3.1626225421015755,3.4707959729327547,3.211496851975098,3.085220879081664,3.329226148740862,3.3011447557292635,2.6879858740439926,2.663070175995755,1.8267539989788295,3.204519080327228,3.3037046463729554,3.247545134463169,2.434666718994895,3.1286176595400272,2.422867848778538,2.564034542750844
CG9449,3.293735781403851,3.267707374459052,2.6453775255573992,2.7836176991901844,2.4376198370588873,2.860091177762125,3.163550773568109,2.2101413028328234,3.094004739358557,2.0758917165416793,1.814541782579526,0.9811533568707824,1.498682762579401,2.409912857932622,2.7067433187915024,2.9265010732095815,1.4975386338641936,1.7984950072786516,1.4875080678223427,1.8144602862831802
CG16820,3.131473147361674,2.8372565215717764,3.067436903370251,2.9184424601797216,2.487078108387754,3.2910333381671193,3.3221765341011085,2.9430362716913736,2.6712731379153443,2.814583014835777,2.4227231975571915,1.7921915843680407,1.498682762579401,0.9891068335524282,2.582703007183663,1.5112612373777021,2.2697187528687217,1.4725560961555262,2.0607816087353927,3.284244497957053
Arpc3B,3.736068574975232,3.9416239966745743,4.058849759036347,3.8770912147572956,3.9746001207373,3.9428488573566574,3.657321642656973,3.593660352333605,3.7642311877642727,3.9647372148107345,3.460395959514602,3.4868578368251013,3.6695356785798907,3.204519080327228,3.6749358502180756,3.0169280589040413,3.622794440472005,3.265864297787524,3.56276402173812,3.655243197161795
Mer,3.8153341307354647,3.8842967845574012,3.9662455330692725,3.912718907322719,3.808978544761451,3.6231148339584087,3.8961637553821125,3.7136997844736594,3.7777068508095675,3.7971243325427717,3.5626097976145084,3.1213910622462957,3.869598860665532,3.05710870219364,3.759832406572313,3.1764226635873296,3.752981755600424,3.265864297787524,3.4605496991445994,3.4049897927844
CG10512,3.105984027589895,3.1519513023543686,2.604146867494091,2.819065977388114,2.7032176997112947,3.015680077110876,3.2346345084645245,2.486233665647216,2.4946737757512327,1.6227088331035469,2.6879858740439926,1.7921915843680407,1.8267539989788295,2.6748831796801067,2.2760106989977658,2.2855517656074413,2.700198539256746,2.0439092881688388,2.2581242836773248,1.8144602862831802
MFS1,3.2721060912784066,3.53472319418169,3.3023903778933703,3.305737570276252,2.813529605504636,3.3749386150974092,3.211496851975098,3.25543144064222,2.821316395494381,2.535236863495771,2.4227231975571915,2.539451461142333,2.0733705273598537,2.409912857932622,2.8170816166839887,2.7166646376127206,2.9098125433896946,2.5464157811649155,2.6881338046419536,2.0605581420357564
Cyt-b5-r,3.41452290036392,3.7037260599572153,3.4207380724980068,3.261979424738054,3.2105667014496433,3.7131295468763055,3.701303126962604,2.9731365665896434,3.094004739358557,3.0326914542360477,2.6879858740439926,2.234055194870366,2.2710401179786364,2.8841478881592733,2.582703007183663,2.9265010732095815,2.9098125433896946,2.7801630215764614,2.422867848778538,2.4226344738653163
pio,4.010831320398713,4.14281625219829,3.933368465275068,4.131857231049989,3.8713248530434567,3.9653975309599714,3.8722738977590816,3.8208617587179385,3.7367225323555475,3.757236701175223,3.460395959514602,3.045016268357781,3.0844176966351644,3.8415674779081286,3.2373331062712083,3.9210662219277443,3.3591723185389473,3.3280147237054956,3.56276402173812,3.284244497957053
Prat2,3.4698523039302307,3.717762855820278,3.509674108189071,3.38789724350848,3.2105667014496433,3.684015735924424,3.796976351728253,3.232818716685279,2.9207063699568465,3.1133342355602367,2.4227231975571915,2.962322424455575,2.4360112259820355,3.1335276629677447,3.0068236936031605,2.7166646376127206,2.700198539256746,2.0439092881688388,2.5642709120345955,3.284244497957053
Lip4,4.11959697416104,4.412703045650593,3.8521712684720195,3.5343759379701307,3.7960288851790014,4.100737790442621,4.18171447397146,3.685013608423828,3.349969918396001,3.3633780613140782,3.3465323976218184,2.773074838645633,2.91120585418963,3.332965263676102,3.6749358502180756,3.099851812655767,3.752981755600424,3.5913726686230802,3.2844909876995745,3.958479524699475
Oatp58Dc,4.259275956544159,4.302493826088309,4.106817257716024,4.073989169384117,4.068200948390434,4.29483520127539,4.298786047661586,3.882438781703701,3.7777068508095675,3.743579252596721,3.610048348675761,3.536620116727022,3.0015573893316985,3.804652191676669,3.9106507341469503,3.7286553568775935,3.7928654009636458,3.679945007601615,3.6988199320715727,3.8552381089772845
futsch,3.6795040465220055,3.5676520452901843,3.3023903778933703,3.93578450396693,3.7960288851790014,3.69867858940717,3.163550773568109,3.5446507724668574,3.1705551950332103,3.6870040860239035,3.5626097976145084,3.536620116727022,3.160934451559357,2.8841478881592733,2.7067433187915024,3.0169280589040413,3.083011626214278,3.0522165026913655,3.070668769377403,2.8973405027750667
NtR,2.48105344895956,2.653201930139435,2.795149157676289,2.819065977388114,3.0316248780546298,3.0440904563578517,2.5350974826668904,2.436779278989847,2.821316395494381,2.7791450230313326,2.5641244049158574,1.7921915843680407,2.2710401179786364,1.8027810866878684,1.0107100408491183,2.2855517656074413,2.5762202516613,2.240807137863091,2.422867848778538,2.2578949756482216
CG3349,2.6161838512403257,2.8372565215717764,2.6849753184239407,2.669045804497014,2.880842547493,2.825842159527402,2.8486654087826775,2.436779278989847,2.7109467537696124,2.6646089814868557,2.5641244049158574,2.0373328257807772,2.4360112259820355,2.2453964684871117,1.0107100408491183,1.5112612373777021,2.810487769568667,2.240807137863091,2.2581242836773248,2.0605581420357564
capu,3.052969789882333,2.933353452624787,2.7230646675544503,3.2162185332919853,2.880842547493,2.825842159527402,2.9749302676162452,3.085220879081664,2.8886615625543803,3.0042976010262468,2.7981826737390336,2.234055194870366,2.577581791130957,1.8027810866878684,1.8314053465528253,1.8403377883293344,2.810487769568667,2.240807137863091,2.2581242836773248,2.564034542750844
CG10654,4.668171993551911,4.780978874778836,4.837843092226622,4.738363250310798,4.701391019554962,4.7657382661621295,4.648202673576954,4.900454209326597,4.704312637719072,4.906786938832719,4.537840912789276,4.331245035221387,4.751009741942696,4.321594342187486,4.101266229942321,4.388008492154228,4.413534768689026,4.3165284710921465,4.312946152769789,4.421297855908308
CG7453,3.634876724869822,3.6750471755131704,3.622229521316705,3.6316767705603783,3.6259444275337684,3.5748745678493004,3.440607758155383,3.7951285174684615,3.484247880496869,3.343060936717191,3.2843382079816315,2.773074838645633,2.91120585418963,3.3914884362717426,2.7067433187915024,2.4507749884369465,3.1595234111443444,3.386527456178937,3.1471366240876777,3.070424566851899
Rab23,4.081400540263348,3.9416239966745743,3.8152472834421878,3.8891087025027327,4.126063362285121,4.040539541936752,3.8961637553821125,3.906045724294584,3.5701981619590284,3.757236701175223,3.740192694355258,3.6292802833782294,3.6242286556367738,3.684950043547828,3.365943852291622,3.247545134463169,3.5255183993621197,3.8721407763478126,3.4605496991445994,3.346438467641837
Syp,4.071619033185051,3.9304184559102557,3.4391693168221167,3.8275227987181983,3.895214234284387,3.987448953627557,3.884290165536321,4.1709423337526905,3.879434740454526,3.9196445513012255,3.4050839177019436,3.672577672289281,3.2983677831785143,3.6416384683762497,3.0068236936031605,3.099851812655767,3.622794440472005,3.1286176595400272,3.6554926606204723,3.2179244001561185
ppk20,3.4517471990901814,3.6750471755131704,3.4391693168221167,3.517197242323101,3.5621505309240207,3.4707959729327547,3.494947775211051,3.6994595550091125,3.484247880496869,3.4219642469849685,3.460395959514602,3.1213910622462957,3.2320102516938927,3.3914884362717426,2.582703007183663,2.7166646376127206,3.2305949232346767,2.879301380243175,2.798331730757024,2.7980912473700217
cv-2,3.522280201882741,3.5006730046854075,3.323113401870019,3.58420931922583,3.4581124246995536,3.1751652059958912,3.5954987106208534,3.4753286871389255,3.1705551950332103,3.5466335361980863,2.6879858740439926,3.1213910622462957,3.2983677831785143,3.270803058613598,3.2373331062712083,2.8270767034685633,2.5762202516613,2.879301380243175,2.897582460140195,3.284244497957053
CG6012,2.7719309879732763,2.6119462072699386,2.8293320685093217,3.192528079198302,3.0032325807903275,2.7154391655603374,3.0041537286315156,2.8468847060733915,2.445180708631344,2.7042632723085758,1.814541782579526,2.39836666187546,2.577581791130957,2.2453964684871117,2.2760106989977658,2.5925310664368366,2.072082418952996,2.405240888818788,2.422867848778538,2.8973405027750667
CG10413,3.375859199877575,3.199873270901726,3.3434156863672686,3.28409782532656,3.4581124246995536,3.4707959729327547,3.0870248218543264,3.25543144064222,3.5701981619590284,3.087169291113313,2.0606430985953414,2.962322424455575,3.2320102516938927,3.204519080327228,3.0068236936031605,3.1764226635873296,2.700198539256746,2.670103630956601,3.070668769377403,3.070424566851899
CG13315,3.6648484519471767,3.772018966373286,3.5913424849055113,3.924318206889242,4.198347074977655,3.9653975309599714,3.657321642656973,3.768715546362156,4.438831279689563,3.5795739093207612,2.7981826737390336,3.536620116727022,3.7943057667889506,3.204519080327228,3.424535266773348,3.1764226635873296,3.0001571475894226,2.879301380243175,3.3466855358987697,2.987622631369461
veil,3.0253700685760725,3.351539230329271,3.543145984975501,3.347660946167725,3.256317000215423,3.199437787921226,3.421817812303986,3.5446507724668574,3.5701981619590284,3.5125710263754955,2.2579821530958535,2.663070175995755,2.811872701835794,2.974363073737046,2.7067433187915024,3.099851812655767,2.434666718994895,2.879301380243175,3.2844909876995745,2.7980912473700217
Nost,3.131473147361674,3.0210199831553513,2.9554545473661262,2.819065977388114,3.32124228965585,2.7903784200916886,2.9749302676162452,3.0583554335030243,3.1201780953421006,3.187956270111926,2.0606430985953414,2.539451461142333,2.4360112259820355,2.6748831796801067,2.582703007183663,2.8270767034685633,2.5762202516613,2.405240888818788,2.798331730757024,2.6878951386641385
scpr-C,2.9677745951830232,2.963437695451106,3.1190516308201204,3.1433939214938085,2.813529605504636,3.1247776928985185,3.0601570250072436,2.777230248739782,3.2642808769026015,2.814583014835777,1.814541782579526,2.234055194870366,2.4360112259820355,2.6748831796801067,2.0782163895699703,2.5925310664368366,2.5762202516613,2.7801630215764614,2.798331730757024,2.4226344738653163
wrapper,3.5557647911308705,3.3105015177839667,3.840014133037638,3.66211446647075,3.545545249149485,4.138946550283436,3.5464865221946535,3.4753286871389255,3.2416600706755268,3.8724221249255635,0.0,2.234055194870366,1.8267539989788295,1.476515168902923,1.5029884468255061,1.8403377883293344,2.434666718994895,1.7984950072786516,3.070668769377403,2.4226344738653163
CG13907,3.934901391642049,3.9527053634468907,3.789851425484149,3.761893706423302,3.8713248530434567,3.768931427738107,3.7570888585741655,3.609477266835201,3.51951932325878,3.5795739093207612,1.4873852057856694,3.045016268357781,2.91120585418963,3.05710870219364,2.4410685817120843,3.0169280589040413,3.0001571475894226,3.0522165026913655,3.070668769377403,2.987622631369461
ltl,3.934901391642049,3.9852312002475134,3.7769074728029532,4.001951253000818,4.027678073239938,4.009024584084951,4.127016945155447,3.6994595550091125,4.004300589579128,4.127165880725925,0.9979644624247754,2.39836666187546,2.7015731390041497,2.048380000848228,1.8314053465528253,2.8270767034685633,2.2697187528687217,3.0522165026913655,2.422867848778538,2.6878951386641385
so,3.749723544384989,4.213179576750563,3.922164774191649,4.012565591340932,3.728638998609553,3.908042871124146,4.199301748617197,3.929108207467978,3.8424888084539885,3.942445030062814,2.0606430985953414,3.536620116727022,3.576771086213283,3.1335276629677447,3.4798829081964224,3.4348181902634507,2.700198539256746,3.199593712929335,2.897582460140195,2.7980912473700217
Myo10A,4.275439942655922,4.230023144100918,4.397405368831968,4.436466544510673,4.265756225196388,4.2112449119543545,4.145583871349752,4.125157176890378,4.004300589579128,4.190695860689827,2.7981826737390336,3.434488998131671,3.939617702775574,3.3914884362717426,3.9106507341469503,3.4348181902634507,3.752981755600424,3.543959579502909,3.6102027813755497,3.346438467641837
Sodh-1,3.539162642174387,3.717762855820278,3.637322499772673,3.5678725751331375,3.6259444275337684,3.8471974265180995,3.6422205237216376,3.25543144064222,3.6026111962069733,3.343060936717191,2.9877150818113423,3.258595115843803,3.0015573893316985,3.4467751806861107,3.365943852291622,3.247545134463169,3.083011626214278,2.7801630215764614,2.422867848778538,3.4603016606387027
Pax,2.906658052931332,3.0486136499767023,3.259609723152043,2.7836176991901844,2.813529605504636,2.6757526322560863,3.032547371747313,2.6214236868391008,2.821316395494381,2.2119592318081,1.814541782579526,2.234055194870366,1.8267539989788295,2.2453964684871117,2.2760106989977658,2.2855517656074413,2.2697187528687217,1.7984950072786516,0.9980646803390514,1.8144602862831802
Tps1,3.9235678413986506,4.096184496590842,3.543145984975501,3.517197242323101,3.834385387109918,3.8961663557527193,3.9422965898646734,3.593660352333605,3.63400652624861,3.784004444576814,3.1469847198641028,3.584023054635906,3.419175169124266,3.3914884362717426,3.6296222985001436,3.592490704390497,3.2969487172773237,3.265864297787524,2.798331730757024,2.987622631369461
CG10621,4.403208005478454,4.204650194755006,4.1525888078915845,3.912718907322719,4.097550604335715,4.2622326816627245,4.0490970750181265,3.741585959470393,3.7367225323555475,3.642367936064848,3.6986651352836772,3.829148643031287,3.5269485966067684,3.5489457964622106,3.7182847861280424,3.885432380717168,3.4177499042190083,3.265864297787524,2.9878658082239617,3.2179244001561185
CG7272,4.1653780321648695,4.412703045650593,3.910834136804239,3.947120814136424,3.918546203331218,4.061010924299075,4.163812341341465,3.3614071436581923,4.171011533038862,3.4219642469849685,2.9877150818113423,3.672577672289281,3.160934451559357,3.804652191676669,3.424535266773348,3.885432380717168,3.0001571475894226,2.9694917494840705,3.1471366240876777,2.8973405027750667
CrebA,6.261305091655801,6.356170338757308,6.249437642362797,6.227574692351997,6.201911719108236,6.285326248169372,6.25665405422153,6.213839792224098,6.083791724834101,6.144953051891314,5.635428504332869,5.734936284080558,5.6438164177704335,6.272130239623538,5.759869023624597,6.030834605355076,5.559007272427419,5.704024484649948,5.139260619014266,5.497936094489493
cbt,4.673570567573055,4.619373413236652,4.451930667309034,4.601697785315572,4.7577517002214575,4.535938651049506,4.536467307708904,4.365532976110247,4.452557485716478,4.431755048470502,3.925331541653583,4.30907102479311,4.327167443003227,4.559906908229258,4.261299316712026,4.271777432806548,3.971424731273156,3.939745099976009,3.855488772463455,3.8908494471392405
CG5973,3.052969789882333,2.803056385013551,2.8943803514342545,3.0088298377044023,3.278430452006903,3.541371029534274,3.032547371747313,2.8799731661920176,3.0395086663026847,2.7042632723085758,1.814541782579526,2.0373328257807772,1.8267539989788295,2.974363073737046,2.8170816166839887,2.7166646376127206,2.2697187528687217,1.4725560961555262,2.0607816087353927,1.8144602862831802
CG11807,4.0212226923101335,4.016732348358684,4.09740606417108,4.093652959559964,4.289907479956153,4.1666745615811,4.190546774824719,4.206118595708883,4.1889156758210095,4.018385914473564,3.780064256305908,3.932333984097965,3.474513069707536,4.12387012290267,3.8750245729453816,3.9210662219277443,3.575338782371699,3.3280147237054956,3.740347650972091,3.5625152015290515
egl,2.6970865062416087,2.568914935526375,2.795149157676289,2.8533005753033613,2.7780940374862757,2.893205940682696,2.9448270210543215,2.6214236868391008,2.8886615625543803,3.138831995444952,1.4873852057856694,1.7921915843680407,2.2710401179786364,2.551148623608964,2.2760106989977658,2.0875197445323144,2.072082418952996,1.4725560961555262,2.422867848778538,1.4873098480958127
CG9628,4.565655090493464,4.864074512205947,4.490958174862246,4.565918581561354,4.381070698208873,4.4573131062038795,4.31444543628274,4.415821979766021,4.381961019110797,4.637161873453202,3.0705174072606383,3.434488998131671,3.9052209863559777,4.386704374251136,3.7182847861280424,3.988736889621181,4.003606415581566,3.3280147237054956,3.4052373737550425,3.4049897927844
Reph,3.7081862006766837,3.28933334599379,3.789851425484149,3.6316767705603783,3.2105667014496433,3.524188703926715,3.5464865221946535,3.577589236990017,3.536699227345444,3.52974730609785,2.7981826737390336,2.962322424455575,2.91120585418963,2.974363073737046,2.2760106989977658,3.099851812655767,3.4177499042190083,3.3280147237054956,2.6881338046419536,2.564034542750844
CG11498,3.105984027589895,2.523948383849738,2.419779484136469,2.7087129757904163,2.622277818660021,2.753610615109525,2.9448270210543215,2.9430362716913736,2.4946737757512327,3.0042976010262468,2.2579821530958535,0.9811533568707824,1.0071892871578054,1.476515168902923,1.5029884468255061,2.7166646376127206,2.810487769568667,1.7984950072786516,0.9980646803390514,0.0
Shal,4.388996614868123,4.412703045650593,4.204885009637103,4.271562454709141,4.344090577211879,4.42966809290805,4.290863426742432,3.9516507804082592,4.438831279689563,4.136492457214237,3.6986651352836772,3.6292802833782294,3.6695356785798907,3.684950043547828,3.424535266773348,4.020929014630525,3.668099721416647,3.721453054235708,3.2181702320478487,2.7980912473700217
CG6356,3.293735781403851,3.3105015177839667,3.363313976516676,3.1433939214938085,3.382208053439369,3.2231351462048035,3.4026680323343625,3.32035449822661,3.5020391031517555,3.5125710263754955,2.6879858740439926,2.773074838645633,3.0844176966351644,2.8841478881592733,3.0068236936031605,3.0169280589040413,3.0001571475894226,2.670103630956601,2.2581242836773248,2.0605581420357564
CG8501,1.9935708259384637,2.320642397379482,3.013012413034247,2.8533005753033613,3.528659569352287,3.199437787921226,2.4385044195492784,1.729580530146714,3.094004739358557,3.7156917096474693,2.4227231975571915,0.9811533568707824,1.8267539989788295,1.8027810866878684,1.0107100408491183,1.5112612373777021,1.00625419931777,0.985885154973656,0.0,2.6878951386641385
Plod,3.722224563027809,3.9416239966745743,3.922164774191649,4.093652959559964,4.017285474127768,4.100737790442621,3.986394708239064,4.005879433119036,3.9494676880510218,4.079181817783142,3.512808269038327,3.584023054635906,3.3605946709313876,3.684950043547828,3.424535266773348,3.7286553568775935,3.575338782371699,3.7613066287827914,3.070668769377403,3.6985701879006196
EndoB,3.722224563027809,3.5995310650702272,3.8521712684720195,3.6769927998715026,3.808978544761451,3.755270157028405,3.529600366398528,3.593660352333605,3.4476867347895257,3.835481781061773,3.5626097976145084,3.258595115843803,2.91120585418963,3.204519080327228,3.4798829081964224,3.592490704390497,3.083011626214278,3.199593712929335,3.1471366240876777,3.284244497957053
CG5958,4.283425002006629,4.221636823226671,4.404385847534101,4.470434185975129,4.444372649081795,4.626252277083579,4.154739640410359,3.94044301354254,4.16193779954937,4.059324383600995,4.021919688903046,3.932333984097965,3.474513069707536,3.9769449514219044,4.101266229942321,3.9210662219277443,3.575338782371699,3.6366391501372735,3.070668769377403,3.8183116252058884
Sema5c,4.903438133624487,4.957069443632854,4.944664844925635,5.001851289563844,4.988119688377778,4.993178245230043,4.807331585637327,4.887423281349138,4.8744526131677315,4.911074719233343,4.6254874179889285,4.598994494985067,4.20528946595666,4.644571088046931,4.814852205943985,4.604253996334279,4.474683170899522,4.606477426416508,4.265971257772825,4.690365892177373
srp,3.9571902736989957,3.896028156550358,3.976968664723567,4.023068447773664,3.8468507726789762,3.755270157028405,4.007735334897541,4.067295649290863,4.096006124721993,3.6870040860239035,2.7981826737390336,2.773074838645633,3.869598860665532,3.270803058613598,3.5323271806427323,3.099851812655767,3.971424731273156,3.265864297787524,2.897582460140195,2.987622631369461
CG5002,4.275439942655922,4.221636823226671,4.179078731404622,4.131857231049989,4.097550604335715,4.326408270962541,3.9309613652868363,4.240099420210669,4.076341542885046,3.9865432751413374,3.4050839177019436,3.37922536932782,3.6242286556367738,3.9769449514219044,3.759832406572313,3.988736889621181,3.5255183993621197,3.721453054235708,3.56276402173812,4.052052549128845
Eip75B,3.8404186753237353,4.115098931554344,4.170326494357226,3.9912230407050204,4.265756225196388,4.110427716324348,4.154739640410359,3.906045724294584,4.0663623139225935,3.997270545169752,3.460395959514602,3.258595115843803,3.712878639615523,3.726463342914871,3.7997224612553557,3.6852950493319807,3.711441088232122,4.003067058105325,3.5129622632848805,3.779969120495141
CG7294,4.23452927252225,4.524483247503445,3.5913424849055113,4.141184519791235,4.471269875064155,3.9764840242174815,4.403577029073285,3.593660352333605,3.9827268683166377,4.291012731317703,2.2579821530958535,2.539451461142333,3.474513069707536,3.4991647757615425,3.4798829081964224,3.5426452916674926,3.0001571475894226,3.543959579502909,2.6881338046419536,3.070424566851899
Awh,4.259275956544159,4.310231257618248,4.478117503209698,4.334718204909806,4.554002037255967,4.326408270962541,4.258529936357469,4.281013363337074,4.257489105400449,4.396594937991054,3.818406844598446,3.8647399821649255,4.095817171391391,3.944779693922781,4.18448068659853,4.111718466918006,4.065020117776681,4.003067058105325,3.5129622632848805,3.958479524699475
aay,4.997294735679138,4.8461963417412655,5.0737502106246355,4.849474280997016,5.107342356073491,4.819357144920631,4.590953107032365,4.736709526616833,4.735612632194604,4.802724824416804,4.289577960093182,4.138339917850335,4.689046840111311,4.559906908229258,4.501198827276181,4.5864174591124565,4.25438402827917,4.481527193451188,4.312946152769789,4.241377139532447
cv-d,2.841561729276509,3.199873270901726,3.0935772401477424,2.9184424601797216,2.943908811692672,2.753610615109525,2.8144407102307643,2.8799731661920176,2.6712731379153443,2.881900331034817,2.4227231975571915,0.9811533568707824,2.577581791130957,2.2453964684871117,2.7067433187915024,2.2855517656074413,2.700198539256746,2.240807137863091,1.81467465183463,2.4226344738653163
rt,3.0253700685760725,2.8372565215717764,2.5611428640693696,2.9184424601797216,2.9128727664322813,2.634425754253086,2.7041220258858796,2.9430362716913736,3.0671278846503474,2.7042632723085758,2.0606430985953414,1.7921915843680407,2.4360112259820355,2.048380000848228,2.2760106989977658,2.4507749884369465,2.072082418952996,2.0439092881688388,1.4875080678223427,2.564034542750844
AnxB11,4.949426217702632,5.023437198986516,4.9765709182733255,4.894181841601142,4.92271639214579,4.730056741455933,4.956915047317471,4.860840672794986,4.860951603235582,4.997115361026382,4.55599555115688,4.239436830116714,4.672937052906696,4.447832999311434,4.481618089095788,4.767039356196937,4.550799868162844,4.554826544612619,4.265971257772825,4.721335831893264
Rfx,2.6970865062416087,3.075466307752766,2.8943803514342545,2.7836176991901844,2.622277818660021,2.7154391655603374,2.5350974826668904,2.9731365665896434,2.9818707297831852,2.623317065587618,2.4227231975571915,1.4667359509356888,1.498682762579401,1.8027810866878684,2.8170816166839887,2.2855517656074413,2.434666718994895,1.4725560961555262,2.2581242836773248,0.9979029946781003
Ank2,3.634876724869822,3.745258831664263,3.840014133037638,3.8526141037838393,3.671253531170745,3.8471974265180995,3.5464865221946535,3.727740073667089,3.9266640162160713,3.4219642469849685,3.2843382079816315,3.045016268357781,2.7015731390041497,3.05710870219364,3.978307549223522,3.099851812655767,3.4177499042190083,3.1286176595400272,3.1471366240876777,2.987622631369461
CG17672,4.275439942655922,4.362779136184059,4.425039598066075,4.379597939656916,4.336527571096385,4.2622326816627245,3.8601114813495294,4.047239779970913,4.124796420733195,4.145732851836386,4.137709791777379,3.4868578368251013,3.576771086213283,3.4991647757615425,4.041675554910148,3.6852950493319807,3.8681560886459216,3.7613066287827914,3.740347650972091,3.5127138139695324
nrv1,3.1805813841532196,3.3714433558906047,3.237512908280378,3.117890837196664,3.5621505309240207,3.2231351462048035,2.9448270210543215,2.9731365665896434,3.4476867347895257,2.9449704347368844,2.6879858740439926,2.0373328257807772,2.0733705273598537,2.409912857932622,2.582703007183663,2.7166646376127206,2.434666718994895,2.405240888818788,2.422867848778538,1.8144602862831802
CG13361,4.612520028888956,4.751671674413596,4.6872614415974825,4.664142496353834,4.589993717956103,4.597044724989558,4.68641244148214,4.415821979766021,4.780799006630653,4.445480097552804,4.48131150556935,4.0551888322828145,3.939617702775574,4.067663125009573,4.37751401595128,4.111718466918006,4.003606415581566,4.40242705126072,3.958730719863053,3.8908494471392405
aru,3.946107930668043,3.8604129132928504,4.048973841012169,4.023068447773664,4.10714547192033,3.782408580589432,3.8722738977590816,3.6703559138290336,3.903328177985707,3.8100743157739947,3.1469847198641028,3.536620116727022,3.0015573893316985,3.3914884362717426,3.6749358502180756,3.4901843729240327,3.711441088232122,3.5913726686230802,3.3466855358987697,3.5127138139695324
osp,3.5881643948706983,3.7037260599572153,3.637322499772673,3.706101399594641,3.941346180435048,3.669134679727407,3.494947775211051,3.609477266835201,3.7367225323555475,3.8724221249255635,2.5641244049158574,2.663070175995755,2.0733705273598537,2.8841478881592733,2.9164461775004784,2.9265010732095815,2.810487769568667,2.879301380243175,2.6881338046419536,2.564034542750844
CG15209,2.6970865062416087,2.9023360006780057,2.9554545473661262,3.367981451141338,3.278430452006903,3.1247776928985185,2.2118244293597,2.702358364022013,3.1705551950332103,3.343060936717191,2.0606430985953414,2.539451461142333,1.0071892871578054,2.048380000848228,1.8314053465528253,2.0875197445323144,2.2697187528687217,2.0439092881688388,1.81467465183463,1.4873098480958127
CG9641,3.41452290036392,3.6150973989395254,3.622229521316705,3.5512645030828023,3.6259444275337684,3.5067059768909354,3.5954987106208534,3.3614071436581923,3.6026111962069733,3.8228587386590993,3.1469847198641028,3.258595115843803,2.577581791130957,3.270803058613598,3.0897058493183422,3.3762059965082556,3.2969487172773237,3.386527456178937,3.4605496991445994,2.564034542750844
Swip-1,4.242846397389181,4.398691572332341,4.3903758203154775,4.31149969612698,4.471269875064155,4.31074633828483,4.274827357682827,4.327998012759192,4.417882105724634,4.403726554581773,4.137709791777379,4.111383881847808,3.5269485966067684,3.9769449514219044,4.071914707833826,4.194946896391557,4.034784647959862,3.939745099976009,4.052304180981744,3.655243197161795
Jabba,2.9376831553759297,2.730933579707621,2.8293320685093217,3.0088298377044023,2.6635664437895192,2.860091177762125,3.0041537286315156,2.662709604795126,2.95175611185819,2.580246416472255,2.2579821530958535,2.663070175995755,2.0733705273598537,2.048380000848228,1.8314053465528253,2.2855517656074413,2.810487769568667,2.0439092881688388,2.5642709120345955,2.0605581420357564
unpg,5.4959965048450385,5.384172935780557,5.575621065432645,5.538697525902199,5.62066106762605,5.71831557731248,5.723466126809453,5.561313584748819,5.705763535126336,5.589738736184502,5.234792825846162,5.261477405205639,5.240119413154174,5.145003087162447,5.019194577827177,5.096766562355002,5.089977617558066,5.014204290259724,5.462494408984517,5.148997735627728
CG43799,3.0798281812783523,2.375473180505267,2.5162060881589277,3.2393607135774714,2.813529605504636,3.2910333381671193,2.5350974826668904,2.91200175599703,3.51951932325878,3.8724221249255635,1.4873852057856694,2.0373328257807772,1.0071892871578054,0.9891068335524282,1.0107100408491183,1.5112612373777021,1.4975386338641936,1.4725560961555262,2.2581242836773248,0.9979029946781003
CG42327,3.4517471990901814,3.3714433558906047,3.259609723152043,3.1682627406774246,3.1122634737291746,3.3749386150974092,3.342914907817998,2.8468847060733915,3.1705551950332103,3.4407542848400006,2.6879858740439926,3.1213910622462957,2.2710401179786364,2.551148623608964,2.7067433187915024,2.2855517656074413,2.810487769568667,2.5464157811649155,2.6881338046419536,2.2578949756482216
CG13083,2.6574531106607218,2.803056385013551,3.4750429495504953,3.0648463888896824,3.137759978894676,3.3338657305501123,3.163550773568109,3.209682803910312,2.4946737757512327,3.0326914542360477,2.2579821530958535,2.663070175995755,1.8267539989788295,2.2453964684871117,1.5029884468255061,1.5112612373777021,1.4975386338641936,0.985885154973656,2.422867848778538,0.9979029946781003
Cda5,3.105984027589895,3.222999699425228,3.323113401870019,3.2162185332919853,2.9128727664322813,3.0985987159388744,3.163550773568109,3.085220879081664,3.0395086663026847,3.187956270111926,2.7981826737390336,2.8721687978780883,2.577581791130957,2.784979539662915,2.4410685817120843,2.4507749884369465,2.700198539256746,2.240807137863091,2.9878658082239617,2.0605581420357564
MFS14,4.388996614868123,4.302493826088309,4.262629565011287,3.912718907322719,4.097550604335715,4.1666745615811,4.38202780193461,3.9627343242130424,4.0254186973729,4.069302389593801,3.8909448161508506,3.37922536932782,3.7544207714651328,3.8771684019030968,3.9450512131666104,3.8484817003496765,4.003606415581566,3.4418048834483272,3.9254871353376575,3.925236105418623
Tret1-1,3.5881643948706983,3.798081620413157,3.1917982188957605,2.949488254791189,3.3000654600172505,3.6072919121244467,3.6868565005948097,3.209682803910312,2.95175611185819,2.8488080186439335,2.897432489559394,1.4667359509356888,2.4360112259820355,2.784979539662915,2.7067433187915024,2.2855517656074413,2.2697187528687217,0.985885154973656,2.0607816087353927,2.564034542750844
T48,3.2042597878537524,3.28933334599379,3.1681325263781672,3.2162185332919853,3.1626225421015755,3.4143908631891193,3.4026680323343625,3.161740469844782,3.19482294479461,3.138831995444952,2.897432489559394,2.39836666187546,2.7015731390041497,2.974363073737046,2.2760106989977658,2.8270767034685633,3.083011626214278,2.240807137863091,2.798331730757024,2.7980912473700217
Cyp6a8,4.30700459576652,4.433358891425659,4.638931765332868,3.864927548521283,4.171849185008495,4.719623720618103,4.352553554499723,4.26484810003019,3.903328177985707,3.4028143714540464,3.6553380378158082,2.234055194870366,2.91120585418963,3.204519080327228,3.2373331062712083,2.8270767034685633,3.4730852058703165,2.5464157811649155,3.070668769377403,2.6878951386641385
CG32638,4.437877235628044,4.419635842920847,4.3471280915697585,4.4569852661110865,4.409700686743079,4.516854195996793,4.536467307708904,4.272963395795205,4.3964846561206254,4.2167341941641405,3.925331541653583,3.829148643031287,4.005053085545771,4.227611151131185,3.838082150700483,3.7286553568775935,4.122879414062583,3.721453054235708,3.958730719863053,3.740097648926004
kon,4.924604329134029,4.948963783051211,4.873283096616119,4.863097661366153,4.980174411064874,4.800190361635151,4.871656081951726,4.83813562148465,5.008146606572197,4.614397565827822,4.500511903136711,4.415328702500639,4.780608467964132,4.594637368699994,4.481618089095788,4.140237905606916,4.25438402827917,4.3165284710921465,4.421550862254846,4.400500129419084
mid,5.1147598179184035,5.335612176988106,5.044841997305822,5.1544791718269085,5.254078396992687,5.154878670480944,5.208482323402773,5.28890951927745,5.190005959428774,5.058035243278297,4.8500268330612215,4.615633900105061,5.102071962657202,4.875503005766622,4.84279782364267,4.296129573941962,4.25438402827917,4.589555166788536,4.481468435152693,4.7660633983644445
CG11658,2.5731378523188053,3.1271006722981745,2.795149157676289,3.0648463888896824,2.7780940374862757,2.825842159527402,2.664468144864034,2.777230248739782,2.855555793364248,2.8488080186439335,2.2579821530958535,1.7921915843680407,2.4360112259820355,1.8027810866878684,2.582703007183663,1.0174824321749438,1.00625419931777,1.4725560961555262,0.9980646803390514,0.9979029946781003
dpy,4.565655090493464,4.736689559595656,4.702865852597882,4.79787124878749,4.685452156917642,4.698425345209618,4.664757377260556,4.594956612238532,4.472799866123929,4.530375674276236,4.35765636621454,4.37417036652888,4.552257862959208,4.321594342187486,4.35532649518727,3.988736889621181,3.7928654009636458,4.381634194888411,3.9909046328561817,4.16458149362078
Sec16,3.736068574975232,3.8234822306149896,3.840014133037638,4.023068447773664,3.9300111703452125,3.669134679727407,3.657321642656973,3.7820092350108188,3.5020391031517555,3.5466335361980863,3.780064256305908,3.536620116727022,3.576771086213283,3.3914884362717426,3.4798829081964224,3.3762059965082556,3.0001571475894226,3.386527456178937,2.897582460140195,3.284244497957053
fus,5.039248068552302,5.0677670145856615,5.091402468923439,5.1544791718269085,5.086044049441159,5.032291442997714,4.98908230774551,4.73161331912528,4.755947941524911,5.050620146704805,4.642131208339317,4.529521746729113,4.966386391625084,4.559906908229258,4.611255812755061,4.530915663785449,4.392291839426029,4.3165284710921465,4.379513528089747,4.481215249832379
ITP,2.996986929398768,3.267707374459052,3.0935772401477424,3.4997182732731633,3.1626225421015755,2.95631682746746,3.0601570250072436,2.91200175599703,2.7491062532915342,3.0603013061473847,2.9877150818113423,2.663070175995755,3.0844176966351644,2.6748831796801067,2.7067433187915024,2.5925310664368366,2.434666718994895,2.0439092881688388,1.81467465183463,2.4226344738653163
inv,4.775838809425493,4.795316551887024,5.018843088269735,4.94946495492331,4.90996237451112,4.93148124579422,4.763682266036848,4.78144308790234,4.856410454439839,4.8401611301541205,4.7365649007790545,4.394961270647769,4.476139936062341,4.467406111999121,4.501198827276181,4.511708747965996,4.150600250691986,4.360399798516684,4.400753071092724,4.481215249832379
regucalcin,4.451415237050128,4.473433038549979,4.4182023027171144,4.287729247591471,4.381070698208873,4.326408270962541,4.410658132577049,4.29692146252101,4.492640609220071,4.345196638196156,4.164677338861771,3.536620116727022,3.972870522364582,4.202667303870394,4.236343083479456,4.020929014630525,3.5255183993621197,3.836543715352682,3.9254871353376575,4.052052549128845
CG10184,3.131473147361674,3.1761993235472805,3.4572669892518713,3.1682627406774246,3.137759978894676,3.3749386150974092,3.1131895878989386,3.161740469844782,3.349969918396001,3.2116421297266693,3.0705174072606383,2.39836666187546,2.4360112259820355,2.784979539662915,3.166241233455302,2.8270767034685633,2.434666718994895,2.405240888818788,2.9878658082239617,2.8973405027750667
CG31431,3.946107930668043,4.086591406672743,3.681280963366255,3.517197242323101,3.6259444275337684,3.821783347183541,3.783856508616589,3.8704229842290956,3.7367225323555475,3.5795739093207612,3.4050839177019436,2.539451461142333,3.0844176966351644,3.05710870219364,3.424535266773348,3.4901843729240327,3.4177499042190083,3.1286176595400272,3.2844909876995745,3.5625152015290515
Cht2,3.105984027589895,3.199873270901726,3.237512908280378,2.746866513290928,2.9128727664322813,2.591317064165632,2.7790030457057218,3.136878888202855,2.78586297091255,2.74240489354698,0.9979644624247754,0.0,1.0071892871578054,0.9891068335524282,2.0782163895699703,1.0174824321749438,1.00625419931777,0.985885154973656,1.4875080678223427,2.6878951386641385
CG14111,4.510165620463849,4.652757600423707,4.649875353899251,4.522490960225197,4.522986642244525,4.477556607121074,4.5671029196421795,4.522075582453751,4.562196932424752,4.367548722984656,3.990748840823145,3.536620116727022,3.869598860665532,3.91154534996038,4.210748060892183,3.8484817003496765,4.122879414062583,3.836543715352682,4.216680487202001,4.16458149362078
CG34445,3.5720958040522164,3.410101114827523,3.6521910631255654,3.6161033019634865,3.70035784490516,3.782408580589432,3.421817812303986,3.32035449822661,3.618432064511578,3.6870040860239035,2.6879858740439926,1.7921915843680407,3.2320102516938927,2.6748831796801067,2.9164461775004784,2.4507749884369465,3.0001571475894226,2.9694917494840705,3.070668769377403,2.7980912473700217
CG16959,3.8279550552646704,3.7316053443513963,3.709548507226349,3.9694150335184304,3.7145983963825264,3.669134679727407,3.7570888585741655,3.7820092350108188,3.7367225323555475,3.89631205691181,3.2843382079816315,2.773074838645633,3.160934451559357,3.1335276629677447,3.424535266773348,3.247545134463169,3.083011626214278,3.265864297787524,3.4052373737550425,3.2179244001561185
Mid1,2.6970865062416087,2.6119462072699386,2.9554545473661262,3.0088298377044023,2.8477523486226,2.4990891226008625,2.5350974826668904,2.5333571372940926,2.8886615625543803,2.8488080186439335,2.2579821530958535,1.7921915843680407,2.2710401179786364,2.048380000848228,2.4410685817120843,2.0875197445323144,1.825517748089192,2.240807137863091,2.422867848778538,2.2578949756482216
GILT3,5.512419756643971,5.577518863275288,5.522482686275772,5.474726964853015,5.454074367245755,5.570807118556295,5.53379746545987,5.692690790126738,5.581562594609897,5.361547566066786,4.939734157292653,5.028772015694902,5.047755296628136,5.265416149205438,5.482364574693149,5.139071290463006,4.621530376858749,5.294618629886949,5.197766090213923,5.066120801073691
Nek2,3.43330824577982,3.5837185837891257,3.789851425484149,3.5512645030828023,3.6103734124180837,3.7414196680558325,3.579426753932286,3.4753286871389255,3.4661343880096362,3.5466335361980863,2.0606430985953414,2.663070175995755,2.91120585418963,2.409912857932622,3.166241233455302,2.2855517656074413,2.2697187528687217,3.0522165026913655,2.0607816087353927,2.7980912473700217
ths,5.283286330176717,5.1273830770020234,5.135891168136117,5.235373655909448,5.114342166596849,5.276161664841012,5.2995310426001,5.184109653226352,5.277368048717233,5.325454717599807,4.591345003096075,4.547347629516951,4.780608467964132,4.836072004460533,5.08620468862026,4.604253996334279,4.474683170899522,4.980146919555729,4.658659733242113,4.736468396783278
CG31809,3.9235678413986506,3.896028156550358,3.7769074728029532,3.8526141037838393,3.6563774371247186,4.050827616890198,3.9309613652868363,3.8208617587179385,3.6939864489876673,3.784004444576814,2.9877150818113423,3.045016268357781,2.91120585418963,3.3914884362717426,3.582157565633591,3.1764226635873296,3.083011626214278,3.4941861124160205,2.9878658082239617,2.987622631369461
PHGPx,4.2091546170598555,4.348045090528432,4.332286315173774,4.271562454709141,4.25757442590963,4.341828685288448,3.9309613652868363,3.973696368489737,4.45935057594883,4.199450854455727,3.6986651352836772,3.792243662438341,3.8326607776525816,4.008107765259624,4.010493406126805,3.5426452916674926,3.9381728499887454,3.7996325826415376,3.56276402173812,3.6985701879006196
tld,3.9571902736989957,3.9636652781553328,3.789851425484149,4.131857231049989,3.8713248530434567,3.669134679727407,3.579426753932286,3.5446507724668574,3.5020391031517555,3.8100743157739947,3.0705174072606383,3.045016268357781,3.160934451559357,3.204519080327228,3.3037046463729554,2.9265010732095815,2.9098125433896946,3.4941861124160205,2.9878658082239617,3.346438467641837
GILT1,4.965638327488842,5.170688177301903,4.903295136704802,5.032776041784898,4.848193433945425,4.9524727126677055,5.012546407876698,4.776570372205422,4.878912745331514,4.915344193039931,4.35765636621454,4.30907102479311,4.456169390474779,4.9009522213939265,4.8964499607549365,4.319902759184767,4.586790342807343,4.462330967648975,4.379513528089747,4.690365892177373
ds,4.684281060733145,4.706034643690989,4.6872614415974825,4.6418838750229945,4.451165083547485,4.497398426700476,4.54266997361225,4.490067682965017,4.53117880269523,4.596977672802102,3.958575023761785,4.138339917850335,4.152050594156574,4.365468603433407,4.157504681643273,4.052117046609939,4.003606415581566,4.062617011506683,3.855488772463455,4.441671834990441
slou,3.9897189142991234,3.7316053443513963,3.6668417873034755,3.720344003156395,4.017285474127768,3.987448953627557,3.611316440061169,3.7552427519055835,3.51951932325878,3.8724221249255635,2.2579821530958535,2.39836666187546,2.811872701835794,2.974363073737046,3.0068236936031605,1.8403377883293344,2.700198539256746,2.879301380243175,1.81467465183463,3.4049897927844
smo,4.156387959059626,4.4668645468337225,4.4385755211647915,4.443353004248567,4.359047125423763,4.357014917058432,4.345047224304064,4.304781607330215,4.321660470494616,4.306795730746846,3.780064256305908,3.932333984097965,4.095817171391391,4.202667303870394,4.129780749135658,3.592490704390497,3.971424731273156,3.971907204123957,3.6988199320715727,4.1908408093244
Prx2540-2,6.2139848235180235,6.224308796420201,6.154979769849611,6.086725348469235,6.154984302412893,6.295138791394696,6.179088769470579,5.79654060883387,6.052632714809612,5.809089188307155,5.629296670290549,5.777136707819057,5.540214501373995,5.692200897699652,5.898500896256396,5.672155512137935,5.4458734579005625,5.810171289521838,5.585445747937753,5.346801203067263
glob1,5.4959965048450385,5.440490880555408,5.346398376981743,5.174498987507672,5.247994231795735,5.305775843051704,5.162978792411929,4.824260948068215,4.860951603235582,4.957065359763629,4.836528410427296,4.564861307413109,4.372042760431818,4.707492709334101,4.947369532031081,4.568256993322847,4.550799868162844,4.6231180819431215,4.289734510009287,4.481215249832379
CG14275,4.110183771156,3.896028156550358,4.09740606417108,4.043748913235902,3.545545249149485,4.138946550283436,4.374740282835082,3.0023572459525663,3.4288923594327883,3.5795739093207612,3.0705174072606383,2.8721687978780883,2.4360112259820355,2.784979539662915,3.166241233455302,2.5925310664368366,2.810487769568667,2.7801630215764614,2.5642709120345955,2.2578949756482216
wgn,4.396127555413733,4.370065541120636,4.213341202442821,4.255129995785517,4.381070698208873,4.357014917058432,4.38926259709458,4.281013363337074,3.9827268683166377,4.007883961138928,4.0521482142241005,3.9956468870976005,3.6242286556367738,3.726463342914871,3.978307549223522,3.592490704390497,3.575338782371699,3.7613066287827914,3.6102027813755497,3.609953624640489
CG12522,4.314742503242858,4.440150434958286,4.038999415571368,3.58420931922583,4.126063362285121,4.490828134125421,4.274827357682827,4.005879433119036,3.7777068508095675,3.657469114424917,3.512808269038327,3.320728098042987,3.2320102516938927,3.270803058613598,3.365943852291622,3.1764226635873296,3.083011626214278,3.1286176595400272,3.2181702320478487,3.4603016606387027
CG5171,5.4375479714039985,5.384172935780557,5.087896857460944,5.066460213710939,5.18177059148536,5.261019072892255,5.308196069537353,4.67916972925095,5.2346407176751795,4.802724824416804,4.48131150556935,4.474054346162497,4.255836658697862,4.8493891768709245,4.611255812755061,4.409717243906662,4.065020117776681,4.536999226726733,3.9909046328561817,4.658406077277057
apolpp,6.164313641296751,5.938043747817141,5.906683487996459,5.7819656959959,5.687728954248619,5.803441726919069,5.826218163330605,5.348548208896565,6.2042819262880995,5.342274969694591,4.939734157292653,4.632000960889312,4.7358752296436295,5.380682637843743,5.042033860942502,4.893851543505838,4.927916700905707,4.6231180819431215,4.625644588766462,4.963856472110792
CG7763,5.828924584650623,5.754129531693721,5.632209426636411,5.262964736106538,5.616448079897759,5.7202453318898,5.658765776133583,5.268212484603431,5.050264707941249,5.09786365553209,5.10851436521004,4.809984939322576,4.72050813942102,5.388429082474062,5.107579365279007,4.867028124274114,4.586790342807343,4.8309786449437535,4.823002733653064,4.95182030227589
CG30431,3.6795040465220055,3.7316053443513963,3.0935772401477424,3.091720286003641,3.0316248780546298,3.3749386150974092,3.4026680323343625,3.1113834152977846,2.821316395494381,2.9139325302428487,2.7981826737390336,2.39836666187546,2.2710401179786364,3.332965263676102,2.8170816166839887,2.7166646376127206,2.5762202516613,2.5464157811649155,2.422867848778538,2.7980912473700217
tio,2.6161838512403257,2.8372565215717764,2.8623850266384623,2.7836176991901844,3.0032325807903275,2.753610615109525,2.6231766733157604,2.777230248739782,2.8886615625543803,2.8488080186439335,2.897432489559394,2.539451461142333,2.577581791130957,2.048380000848228,2.2760106989977658,1.8403377883293344,2.2697187528687217,2.0439092881688388,2.2581242836773248,2.4226344738653163
Dad,4.259275956544159,4.2946960595704935,4.179078731404622,4.408436442398814,4.215630126436118,4.415553609372975,4.007735334897541,4.31258045177956,4.273922117168401,4.154888642741024,3.740192694355258,3.4868578368251013,3.6695356785798907,3.05710870219364,3.582157565633591,2.7166646376127206,3.4730852058703165,3.4418048834483272,3.4605496991445994,2.8973405027750667
Npc2g,4.490963131731792,4.355439249623458,4.616678613067555,4.748530430561802,4.560091330202331,4.714366106272671,4.504863413000899,4.726491007212597,4.800244565852709,4.686562423177401,4.379356791321098,4.190165403498237,4.124329105433741,3.8415674779081286,3.9450512131666104,3.8101131068390917,3.9381728499887454,4.118819194011504,3.855488772463455,4.109899032364495
Doc1,4.928784333471209,4.89461223536956,5.037482454347081,5.113195495308081,5.266136789753225,4.735232715785563,5.061571855852685,4.934395351123609,5.000294467551898,5.050620146704805,4.92740108955091,4.435289568991659,4.533764641709964,4.752214798365891,4.285647870975209,4.343123879047388,4.532306937108532,4.589555166788536,4.191093018087046,4.95182030227589
Doc3,4.4172202591736545,4.115098931554344,4.170326494357226,4.503285830775549,4.522986642244525,4.071091576450053,4.282877536307074,4.256666407039317,4.3746193259752095,4.438641119948372,4.164677338861771,3.7140779389422645,3.7943057667889506,3.726463342914871,3.0897058493183422,3.1764226635873296,3.622794440472005,4.003067058105325,2.897582460140195,3.740097648926004
rau,4.041686998947495,3.8234822306149896,3.976968664723567,3.9694150335184304,4.116649152257626,3.8841470917090586,4.0490970750181265,4.037058961072504,3.9935719060008235,4.2167341941641405,4.0521482142241005,3.320728098042987,3.160934451559357,3.270803058613598,3.365943852291622,2.5925310664368366,3.2969487172773237,3.1286176595400272,2.2581242836773248,3.284244497957053
Drep2,4.0212226923101335,3.8604129132928504,3.9662455330692725,3.912718907322719,3.8591626835688677,3.8841470917090586,3.8722738977590816,3.6554801711796494,3.9150641657246688,3.8724221249255635,3.6553380378158082,3.8647399821649255,3.6242286556367738,3.4991647757615425,3.4798829081964224,3.0169280589040413,3.5255183993621197,3.386527456178937,3.070668769377403,3.5625152015290515
CG15480,6.507781944911604,6.59752967359525,6.723654430784357,6.689893805185152,6.656789362576979,6.464410263375992,6.597818753497766,6.420668366426633,6.398220423055625,6.484899814387611,6.178533060631212,6.169430569688533,6.185946524522946,6.035819798272474,5.893694863619622,5.725401680293495,5.929143640401918,5.7846720850470374,5.5326573916144675,6.123694473588074
sad,3.4517471990901814,3.645521466932088,3.8521712684720195,3.6769927998715026,3.6859115669358635,3.6386912857510816,3.672198106142168,3.609477266835201,3.618432064511578,3.835481781061773,3.1469847198641028,2.773074838645633,1.8267539989788295,3.1335276629677447,3.0068236936031605,1.8403377883293344,2.5762202516613,2.405240888818788,2.5642709120345955,3.1468915469046133
shn,4.322420994966496,4.398691572332341,4.4385755211647915,4.535092483723061,4.464613088469668,4.31074633828483,4.322184124190037,4.231711852531386,4.257489105400449,4.314594789163936,4.109994792595183,3.7140779389422645,3.6242286556367738,3.91154534996038,3.5323271806427323,3.099851812655767,3.8312191634597785,3.543959579502909,3.6554926606204723,3.740097648926004
Mnt,4.985540705745414,4.948963783051211,5.080848549786282,4.932777951424825,4.992068778957625,5.032291442997714,4.923678565052678,5.002908453542136,5.03515348579068,4.8401611301541205,4.573826466963603,4.547347629516951,4.588248887217715,4.676526708376099,4.662052017187293,4.296129573941962,4.604311210993272,4.422796356643036,4.591502119857925,4.625391014292167
Npc2e,3.6648484519471767,3.267707374459052,2.9846475365370155,3.2393607135774714,3.1868819245622073,3.394859286511647,3.0601570250072436,2.777230248739782,3.0395086663026847,2.6646089814868557,2.9877150818113423,2.39836666187546,2.0733705273598537,2.409912857932622,2.2760106989977658,1.8403377883293344,2.2697187528687217,2.5464157811649155,2.0607816087353927,2.564034542750844
eve,4.694878053797991,4.426520907246074,4.497317204292527,4.295715676840122,4.503904908193544,4.573048483655162,4.4384915309030415,4.509395096402859,4.765962597713665,4.306795730746846,4.021919688903046,4.111383881847808,3.7943057667889506,3.91154534996038,3.838082150700483,3.4348181902634507,4.003606415581566,4.118819194011504,3.6102027813755497,3.8183116252058884
Pvr,3.8025518802183766,3.5995310650702272,3.976968664723567,3.788664383557152,3.963637885643616,3.7414196680558325,3.529600366398528,3.640379795015649,3.7367225323555475,3.5956459333205855,3.512808269038327,3.434488998131671,3.2983677831785143,3.4467751806861107,3.0897058493183422,2.9265010732095815,3.083011626214278,3.386527456178937,2.897582460140195,3.070424566851899
mdy,3.43330824577982,3.8604129132928504,3.723388173185419,3.4265770084677425,3.4396696069143258,3.6072919121244467,3.5954987106208534,3.381318294154199,3.5535889604214823,3.5956459333205855,3.1469847198641028,3.4868578368251013,3.2320102516938927,3.204519080327228,3.0068236936031605,3.0169280589040413,3.0001571475894226,3.265864297787524,3.2844909876995745,3.1468915469046133
CG7997,4.7660699848363395,5.252048461646645,4.738356235599032,4.807453855739432,4.6075151577486935,4.386712549381436,4.830782451255043,4.188685127932705,4.943532208360829,5.035622935660524,4.164677338861771,4.331245035221387,4.036232142838268,3.4991647757615425,3.8750245729453816,3.7286553568775935,4.065020117776681,3.939745099976009,3.7802193602571403,4.137613987879685
slp1,6.512072933084317,6.693000457635578,6.619187206945167,6.6491538596051125,6.684738046489775,6.693453607725662,6.612753537184777,6.540574983378559,6.497356442801621,6.770646635118401,6.329846839235864,6.476463912971151,6.258373136300907,6.164496721861465,6.097800095874888,6.351332171806999,6.236738834973502,6.1664506171191285,6.305280903506756,6.247053705393643
CG12674,3.3559519243580023,3.5178430193584105,3.259609723152043,3.1433939214938085,3.3000654600172505,3.2910333381671193,3.163550773568109,3.1113834152977846,3.094004739358557,3.4219642469849685,2.0606430985953414,2.773074838645633,2.2710401179786364,1.8027810866878684,2.0782163895699703,2.0875197445323144,2.700198539256746,2.0439092881688388,2.6881338046419536,2.8973405027750667
CG9184,5.539961200225305,6.8229024088538655,4.522356502503566,4.150425613563457,5.983378061261317,4.968954285948574,4.642622971923795,5.404829421763112,5.126056091225577,5.192618246003522,4.021919688903046,3.192344364675497,4.124329105433741,3.9769449514219044,3.7997224612553557,3.592490704390497,3.4730852058703165,3.199593712929335,3.3466855358987697,3.4049897927844
Poxm,3.1805813841532196,3.245603363162933,3.1681325263781672,3.4265770084677425,3.4017310826465796,3.2910333381671193,3.032547371747313,2.9430362716913736,3.1705551950332103,3.163695751747747,1.814541782579526,2.539451461142333,2.0733705273598537,0.9891068335524282,1.5029884468255061,1.0174824321749438,2.5762202516613,2.240807137863091,1.4875080678223427,1.8144602862831802
Poxn,3.8404186753237353,4.204650194755006,4.018747042068077,4.112937530005578,4.336527571096385,4.071091576450053,4.352553554499723,4.096644849271438,4.014915389249741,3.942445030062814,3.0705174072606383,2.8721687978780883,2.91120585418963,2.6748831796801067,2.582703007183663,2.7166646376127206,3.668099721416647,3.939745099976009,2.9878658082239617,3.284244497957053
CG31915,3.1805813841532196,3.6603932881980397,3.6521910631255654,3.5678725751331375,3.8833408797846345,3.7414196680558325,3.3221765341011085,3.5105903035029513,3.804125334741989,3.6270352110214685,2.5641244049158574,2.773074838645633,2.0733705273598537,2.409912857932622,2.0782163895699703,1.8403377883293344,3.1595234111443444,3.1286176595400272,2.0607816087353927,2.6878951386641385
wntD,4.873032013838294,5.2874773056860995,4.6767215613085,5.1711900607419485,5.155342270186767,5.069932209389659,5.2580708315080695,5.190587937970138,5.046508256159333,4.788316824245804,4.190936693765653,3.434488998131671,4.43579188110654,4.150831656355327,3.424535266773348,4.111718466918006,4.43433580670156,4.222552014953604,3.818562084799556,4.357560255529146
CG5080,3.6939479533205146,3.8234822306149896,3.4207380724980068,3.4453699375906566,3.57848457516089,3.669134679727407,3.6868565005948097,3.640379795015649,3.7084356935876794,3.0042976010262468,2.2579821530958535,2.962322424455575,3.0015573893316985,2.784979539662915,1.8314053465528253,2.2855517656074413,3.1595234111443444,2.405240888818788,2.6881338046419536,2.4226344738653163
Hand,3.43330824577982,4.530685106254591,3.526550085862115,3.8017856810279107,3.7145983963825264,3.9764840242174815,3.2346345084645245,3.3614071436581923,3.7226791277931826,3.279508844299262,1.4873852057856694,2.234055194870366,2.0733705273598537,1.8027810866878684,0.0,1.5112612373777021,1.825517748089192,2.405240888818788,2.2581242836773248,1.8144602862831802
PKD,2.48105344895956,3.199873270901726,2.7230646675544503,2.492478443891713,2.6635664437895192,2.591317064165632,3.032547371747313,2.740494867660397,2.4946737757512327,2.6646089814868557,1.814541782579526,2.234055194870366,2.0733705273598537,1.8027810866878684,2.0782163895699703,1.5112612373777021,2.072082418952996,2.240807137863091,1.81467465183463,2.0605581420357564
SCOT,4.894844599448794,5.008212873760863,4.886255845793062,4.902888410383637,4.848193433945425,4.714366106272671,4.965054387601015,4.930215175974427,4.856410454439839,4.898155825540381,4.751471893221539,4.632000960889312,4.327167443003227,4.4278691186128425,4.678426437358462,4.246817431405598,4.370587835835328,4.67144041659822,4.519507576354798,4.5192542828522
hkb,6.462928796640405,6.608426906736377,6.5605426343195035,6.469054512219217,6.529707323421653,6.54447405498807,6.509274266687575,6.613981724957615,6.54051461436743,6.549287508049888,6.123791618090354,6.300079367744203,6.092271563273515,5.964687520587795,6.250506286683883,6.022308175355033,5.947444400452972,6.2312986924911105,6.127694144605512,6.100930341055485
CG4716,3.4698523039302307,3.4473199061811646,3.543145984975501,3.463816197445042,3.57848457516089,3.312678843560166,3.3009989557763864,3.3614071436581923,3.2642808769026015,3.087169291113313,2.897432489559394,2.0373328257807772,2.4360112259820355,2.551148623608964,2.0782163895699703,2.5925310664368366,3.083011626214278,2.5464157811649155,2.5642709120345955,2.4226344738653163
CG40486,3.487635434685009,3.3714433558906047,3.4207380724980068,3.5512645030828023,3.278430452006903,3.2910333381671193,3.342914907817998,3.4199893036677937,3.4097379786541646,3.4950945584422475,2.4227231975571915,1.4667359509356888,1.0071892871578054,2.048380000848228,1.5029884468255061,2.2855517656074413,2.434666718994895,2.240807137863091,2.422867848778538,1.4873098480958127
CadN,5.850728948467428,5.791617689683613,5.751178760164688,5.735935113383536,5.832080989394907,5.850227743605202,5.780653913007866,5.559082560333476,5.816228882209661,5.75905385193434,4.951916971677995,4.937383939175027,5.047755296628136,4.973630346613041,5.138808408584682,5.309995360874603,5.565670576254502,5.268997043335343,5.296871501270568,5.187995146151702
CG32182,4.873032013838294,4.988850622311762,4.940604044908071,4.993968328051343,5.003823332240239,4.993178245230043,4.960992998543915,4.83813562148465,5.027511372107304,4.768777440145898,4.40059629251945,4.37417036652888,4.456169390474779,4.5239267087297925,4.611255812755061,4.736533459860642,4.7495489447897725,4.702404956194026,4.706224518127832,4.335378484619388
mib2,4.89915059761194,5.137544303179968,4.894811782989247,5.04036007846197,5.034509623971355,5.0245902341219,4.919445244115966,5.0448633508833005,4.988399429395142,4.816928179160345,4.265814760186602,4.492887404815178,4.255836658697862,4.5239267087297925,4.520403511773489,4.568256993322847,4.671477290662925,4.732439420357256,4.642288404787313,4.265718769456714
CG33557,3.487635434685009,3.390959026519215,1.8118381775207744,3.463816197445042,4.189592229138757,2.634425754253086,3.796976351728253,3.7136997844736594,3.664446119116077,3.6723456355798687,1.814541782579526,1.4667359509356888,0.0,0.9891068335524282,1.5029884468255061,1.8403377883293344,1.4975386338641936,0.985885154973656,0.0,0.9979029946781003
Gs1,3.7631945646060037,3.9416239966745743,3.789851425484149,3.6161033019634865,3.8591626835688677,3.8961663557527193,3.9422965898646734,3.8704229842290956,3.7084356935876794,3.9311097720034534,2.9877150818113423,3.434488998131671,2.7015731390041497,3.05710870219364,3.3037046463729554,3.4901843729240327,2.9098125433896946,2.670103630956601,2.897582460140195,2.6878951386641385
rho,5.595012744828736,5.51482240744907,5.7199409899664655,5.55689171036336,5.603701562599947,5.765476265844961,5.713928101863796,5.664951122011129,5.508422069654758,5.609084973233236,5.505021990706366,5.287098003589196,5.173475936102864,5.22988594867013,5.308111187921532,5.417478002082687,5.292441531408693,5.2065298031276495,5.1882498003010715,5.066120801073691
vg,3.335640285828925,3.5513231522672197,3.5755336866628453,3.347660946167725,3.3419799454193755,2.4495759493422873,3.5954987106208534,3.232818716685279,2.95175611185819,3.4407542848400006,0.9979644624247754,0.9811533568707824,1.0071892871578054,1.476515168902923,2.0782163895699703,0.0,2.2697187528687217,0.985885154973656,1.4875080678223427,0.0
prim,2.996986929398768,3.390959026519215,3.1917982188957605,2.949488254791189,2.7780940374862757,2.95631682746746,2.8817574357898743,3.25543144064222,2.7109467537696124,3.4028143714540464,0.9979644624247754,1.4667359509356888,1.8267539989788295,1.476515168902923,1.0107100408491183,1.0174824321749438,1.4975386338641936,2.405240888818788,0.9980646803390514,0.0
GEFmeso,4.1653780321648695,4.133662241721412,4.125378029645614,4.287729247591471,4.153785629861873,4.278666801120694,4.266711847395457,3.9627343242130424,4.2065048905270075,4.108247644997479,3.610048348675761,3.37922536932782,3.8326607776525816,3.684950043547828,3.9106507341469503,3.6852950493319807,3.9037771375449446,3.199593712929335,3.5129622632848805,3.070424566851899
Fkbp14,4.818654678000645,4.711209500336344,4.702865852597882,4.807453855739432,4.782356433252032,4.865725971514577,4.670215265062219,4.635140001300976,4.750902750586205,4.858366517034353,4.500511903136711,4.164588358228652,4.280183328019225,4.486603461044696,4.481618089095788,4.221218445252168,4.229430303649036,4.062617011506683,4.289734510009287,4.109899032364495
side,5.6077860900738035,5.656769475280889,5.8294445617370085,5.789137873537048,5.795695900874403,5.948503680416327,5.715842998652049,5.755184525649723,5.843735779185797,5.734943842223399,5.158987385548515,4.875711881849388,5.202582896090981,5.104833868661758,5.45285786648542,5.274456969386888,5.238653685868195,4.908341604114778,5.197766090213923,4.7660633983644445
CG6310,4.689593594232641,4.695603893383457,4.842342390969796,5.001851289563844,5.171941639142579,5.077293281725011,4.7537181297664866,4.824260948068215,5.050264707941249,4.981287315668997,4.312789552925147,4.0836810405870025,4.152050594156574,4.067663125009573,4.710392220283465,4.194946896391557,4.150600250691986,4.091112886469754,4.022075570979543,3.9906532829119277
Spn43Aa,4.451415237050128,4.1518872263085465,3.802629970996981,4.093652959559964,3.4762212553260294,3.4143908631891193,3.440607758155383,4.067295649290863,4.180003673685846,3.4773072226525517,2.897432489559394,2.0373328257807772,2.811872701835794,2.8841478881592733,2.2760106989977658,2.2855517656074413,2.072082418952996,2.5464157811649155,2.2581242836773248,2.6878951386641385
Cyp6d5,4.174288003442277,4.213179576750563,4.301925118403359,3.8891087025027327,3.7960288851790014,3.821783347183541,3.7570888585741655,3.7951285174684615,3.9717629250766544,3.322322450925925,3.2843382079816315,3.045016268357781,3.0844176966351644,2.6748831796801067,2.9164461775004784,2.9265010732095815,2.810487769568667,3.199593712929335,2.897582460140195,2.8973405027750667
CG43332,4.147316330798871,4.690347432254713,4.087905457915661,2.627739921952991,3.821762652220334,2.860091177762125,4.282877536307074,1.8274602704561453,4.592281812859561,4.778594854878071,1.4873852057856694,0.0,1.8267539989788295,1.476515168902923,0.0,2.0875197445323144,1.00625419931777,0.985885154973656,0.9980646803390514,1.8144602862831802
CG12011,6.203546733654242,6.887607147656442,6.6717040771355975,6.483434028503503,6.132559692540366,5.716382091581059,6.483861531076687,5.193811409946207,6.633232581179339,7.341417082445334,3.8909448161508506,3.9644914173920554,3.8326607776525816,3.91154534996038,3.7997224612553557,4.343123879047388,4.3484022979285335,4.518848318097254,3.9254871353376575,4.052052549128845
fd96Cb,5.852386678829906,5.815851124382495,5.704896246978025,5.785558214769027,5.774294149841644,5.787346981092175,5.7643852064835555,5.554605523338493,5.914117188061526,5.858400354458919,5.129010276291994,4.739632140305481,4.43579188110654,4.836072004460533,4.481618089095788,5.0859047037609715,5.089977617558066,4.870408066469751,4.608719060758163,5.066120801073691
CG18088,3.539162642174387,4.230023144100918,3.8277073808851885,2.9184424601797216,3.511483859000255,2.9864388870504732,3.6268878599393166,2.329867192959735,3.7084356935876794,3.9865432751413374,1.4873852057856694,0.0,0.0,0.9891068335524282,0.0,1.0174824321749438,1.4975386338641936,0.0,0.0,0.9979029946781003
uif,5.435036887105053,5.378892290879854,5.316114490826988,5.374440813352725,5.493034972314142,5.288112780443257,5.417081490878596,5.378423488653474,5.2346407176751795,5.361547566066786,5.243876872525673,4.739632140305481,5.069837242420414,5.05224115996191,5.075343543648082,4.906998179749851,4.988854508286961,4.895856295070551,4.902426588256824,4.863248866725698
E(spl)m2-BFM,5.7477132324339735,5.781049419998666,5.841086964837307,5.747177227438454,5.853959163855323,5.7673172063135905,5.844887406013068,5.6946430586775625,5.659957859582354,5.757219733640817,5.728745028520925,5.368048532756716,5.51254551382024,5.455572331115585,5.406898200020335,5.463439798565304,5.283675409281714,5.435924453536006,5.1882498003010715,5.279312822008383
E(spl)m4-BFM,7.227352372787885,7.165914011931801,7.156613839505962,7.246483531005428,7.224663965146622,7.117038490605336,7.2440606154433,7.058165920610996,7.0507625731828565,7.142520538796736,7.017508870222173,6.654670367931461,6.826636563933279,6.690698104013715,6.57576735936411,6.7664392911754465,6.828927020649624,6.683469858268776,6.5435889149621005,6.670500471561454
btn,4.259275956544159,3.5513231522672197,3.040594865659015,4.212827180506024,4.313489180038894,3.1751652059958912,4.190546774824719,4.125157176890378,3.804125334741989,3.784004444576814,2.4227231975571915,2.39836666187546,2.811872701835794,1.8027810866878684,2.2760106989977658,1.8403377883293344,2.2697187528687217,2.0439092881688388,2.2581242836773248,1.8144602862831802
Alk,3.0798281812783523,3.6750471755131704,3.0935772401477424,3.864927548521283,4.006783733644133,2.753610615109525,3.4590511437813474,3.4199893036677937,3.7505714478428893,3.4028143714540464,2.2579821530958535,1.7921915843680407,1.8267539989788295,2.409912857932622,2.0782163895699703,1.8403377883293344,2.2697187528687217,0.985885154973656,0.9980646803390514,1.4873098480958127
Scp2,5.283286330176717,5.373583612669139,5.2285330454948395,5.355325675915736,5.124750861066268,5.416171571372682,5.2550425589308265,5.294745122146864,5.357707416911229,5.452703982017245,4.721432322871459,4.0551888322828145,4.303951298516901,4.298913583172494,4.84279782364267,4.343123879047388,5.035064773008936,4.222552014953604,4.11015091443652,4.265718769456714
RhoL,4.841672290786221,4.726575309715789,4.622288498334961,4.743459761824928,4.663797288408447,4.760718194735112,4.602668225956165,4.800699932077218,4.77093256519055,4.536617063645389,3.925331541653583,3.8991079930762176,3.939617702775574,3.9769449514219044,4.210748060892183,3.885432380717168,4.3484022979285335,3.543959579502909,3.5129622632848805,3.740097648926004
HLH54F,4.23452927252225,4.286837009703798,3.802629970996981,4.159582090873578,4.087862782664955,4.450473170340086,4.05917561942518,4.883041629079192,4.3746193259752095,4.069302389593801,2.2579821530958535,1.7921915843680407,1.498682762579401,1.8027810866878684,2.0782163895699703,1.0174824321749438,2.5762202516613,1.4725560961555262,0.0,0.9979029946781003
CG7296,4.147316330798871,4.809451562356459,3.7769074728029532,4.141184519791235,4.36644234058475,4.597044724989558,4.536467307708904,3.882438781703701,3.938130851656366,3.835481781061773,2.0606430985953414,1.4667359509356888,2.4360112259820355,0.9891068335524282,1.8314053465528253,2.2855517656074413,2.072082418952996,2.5464157811649155,0.0,1.8144602862831802
ato,4.322420994966496,4.6690408483028705,4.339734737909872,4.394121144830733,4.595868375208804,4.503925832158641,4.225115958155787,4.134483447388793,4.598191682088538,4.8262862309958825,3.1469847198641028,2.0373328257807772,3.2983677831785143,2.551148623608964,3.582157565633591,3.592490704390497,2.5762202516613,2.879301380243175,1.81467465183463,2.7980912473700217
Kah,3.3953778986999064,3.6150973989395254,3.509674108189071,3.38789724350848,3.742485188837639,3.4335482541487923,3.701303126962604,3.527765545418972,3.7642311877642727,3.3832906066075648,2.2579821530958535,0.9811533568707824,1.8267539989788295,0.9891068335524282,2.2760106989977658,1.5112612373777021,1.4975386338641936,0.985885154973656,0.0,2.2578949756482216
out,4.242846397389181,3.974506374199316,4.09740606417108,3.8401471458854526,4.265756225196388,4.24552396284013,4.06915359947446,3.9952664134022604,3.9494676880510218,4.154888642741024,3.3465323976218184,2.8721687978780883,3.2320102516938927,2.784979539662915,2.7067433187915024,3.3762059965082556,3.1595234111443444,3.3280147237054956,2.798331730757024,3.6985701879006196
Gabat,4.601008086739382,4.426520907246074,4.317220937646883,4.229963641425024,4.47788264172073,4.40842095075415,4.417689446413188,4.415821979766021,4.479457282553408,4.403726554581773,3.6986651352836772,3.9644914173920554,4.095817171391391,3.4991647757615425,3.7997224612553557,3.770213423275469,3.668099721416647,3.971907204123957,3.56276402173812,3.779969120495141
retn,4.1381616541398705,4.096184496590842,4.087905457915661,4.001951253000818,4.027678073239938,3.9653975309599714,4.007735334897541,3.8704229842290956,3.9935719060008235,4.163961365121583,3.1469847198641028,3.1213910622462957,3.2320102516938927,2.409912857932622,3.0068236936031605,3.4348181902634507,2.810487769568667,3.199593712929335,3.1471366240876777,3.070424566851899
Act57B,5.050390884517173,5.180420851051137,4.899062455731332,5.151103220341411,5.145248759289919,5.362496336359419,5.224244506141646,4.963177300866283,5.400874660165747,4.793142593368961,3.6553380378158082,3.536620116727022,4.095817171391391,2.551148623608964,3.424535266773348,3.8101131068390917,3.5255183993621197,3.4941861124160205,3.4052373737550425,3.8183116252058884
ab,6.205875743130294,6.290285447022339,6.286128820024796,6.140952252771873,6.272257567219685,6.06155271134434,6.2710313098900095,6.086542955310721,6.0730635761806235,6.12862556917605,4.92740108955091,4.394961270647769,5.047755296628136,4.12387012290267,4.756503004630176,4.811121244949028,4.671477290662925,4.747125012967232,4.335631214867241,4.889365496610805
CG11069,3.8025518802183766,3.8604129132928504,3.7505058197005434,3.761893706423302,3.769615360135025,3.684015735924424,3.964588709863898,3.833484240604325,3.536699227345444,3.642367936064848,3.3465323976218184,3.320728098042987,3.2983677831785143,3.204519080327228,3.2373331062712083,3.247545134463169,3.1595234111443444,3.3280147237054956,3.3466855358987697,3.070424566851899
kst,5.0866616249318,5.227712104612393,5.044841997305822,5.187626279543666,5.171941639142579,5.005073670291965,5.159647915482411,5.063366993543108,4.935153756291709,4.957065359763629,4.335474567333823,4.164588358228652,4.393747163749887,4.386704374251136,4.157504681643273,4.430964721708092,3.575338782371699,4.40242705126072,4.312946152769789,4.335378484619388
sim,3.2721060912784066,2.933353452624787,3.1681325263781672,2.979599159610247,2.943908811692672,3.0717159339750033,3.187811138556173,3.185998917790842,2.8886615625543803,3.2347799257243035,1.814541782579526,1.4667359509356888,1.498682762579401,1.8027810866878684,1.5029884468255061,1.0174824321749438,0.0,1.4725560961555262,1.4875080678223427,0.9979029946781003
stumps,4.678940153417528,4.706034643690989,4.851280709043254,4.76855983448682,4.624734875703853,4.745504979082155,4.670215265062219,4.878640693408486,4.842661949069331,4.702501449250594,3.818406844598446,3.829148643031287,3.7943057667889506,3.944779693922781,3.759832406572313,3.885432380717168,3.4177499042190083,3.386527456178937,3.2844909876995745,3.958479524699475
rols,3.5720958040522164,3.7316053443513963,3.622229521316705,3.5678725751331375,3.494007980513072,3.859666296083695,3.822710671554705,3.7820092350108188,3.536699227345444,3.611463727959484,2.6879858740439926,3.1213910622462957,2.811872701835794,2.6748831796801067,2.7067433187915024,2.5925310664368366,2.072082418952996,2.405240888818788,2.2581242836773248,2.2578949756482216
pnr,3.539162642174387,3.645521466932088,3.214916769947548,3.8526141037838393,3.5621505309240207,3.591214594761645,3.494947775211051,3.4753286871389255,3.51951932325878,3.6723456355798687,2.0606430985953414,2.234055194870366,3.0844176966351644,2.6748831796801067,2.4410685817120843,2.7166646376127206,2.072082418952996,1.4725560961555262,1.81467465183463,2.2578949756482216
sls,4.985540705745414,5.089216133135393,4.855720085444696,5.081074317478303,5.096749903918818,5.080953597586654,5.004786054527779,4.741779894406432,5.11205560227581,4.940585177551787,3.818406844598446,3.932333984097965,4.230882405669176,3.7663217597233123,3.9106507341469503,3.6852950493319807,3.752981755600424,3.0522165026913655,3.6102027813755497,3.655243197161795
blow,3.2273904689512136,3.5513231522672197,3.323113401870019,3.28409782532656,3.5621505309240207,3.394859286511647,3.529600366398528,3.085220879081664,3.329226148740862,3.2573944486867514,0.9979644624247754,1.4667359509356888,1.8267539989788295,0.0,1.8314053465528253,1.0174824321749438,0.0,0.0,0.9980646803390514,1.8144602862831802
bap,3.649974872258882,4.302493826088309,3.7505058197005434,4.001951253000818,4.359047125423763,3.7414196680558325,4.282877536307074,3.906045724294584,3.664446119116077,3.7156917096474693,1.814541782579526,2.773074838645633,2.4360112259820355,1.476515168902923,3.0068236936031605,1.5112612373777021,1.00625419931777,0.0,1.4875080678223427,1.4873098480958127
Atx-1,5.557909583998269,5.551128771195212,5.3966393103220005,5.401129483686565,5.304351651522604,5.481901441303052,5.496385585251325,5.3969805966645215,5.3659444928043065,5.409464588658364,4.658502511957332,4.961025789158564,4.751009741942696,4.836072004460533,4.869983668027607,4.6725793673526965,4.876343104689209,4.8574369039504735,4.379513528089747,4.863248866725698
CG17124,5.35661341047084,5.412728319647484,5.2285330454948395,5.292754280904268,5.2956615663880005,5.188248380836958,5.2021072210729145,5.265220483940355,5.300988243473594,5.072702496437694,4.591345003096075,4.782434869510963,4.639917354784465,4.875503005766622,4.828922631310528,4.639000112911325,4.821964344765609,4.655591011913051,4.519507576354798,4.70597074939
sv,3.8153341307354647,3.8842967845574012,3.8521712684720195,3.6161033019634865,3.769615360135025,3.6386912857510816,3.611316440061169,3.609477266835201,3.536699227345444,3.611463727959484,2.2579821530958535,2.663070175995755,2.2710401179786364,2.6748831796801067,3.0068236936031605,1.8403377883293344,1.825517748089192,2.240807137863091,2.2581242836773248,2.564034542750844
Cpr,5.142090032127542,5.205920850297297,5.184879397947094,5.232260455032229,5.14186148822672,5.028448252118755,5.208482323402773,5.022197331466403,5.097856313040636,5.079956230864051,4.8089723298473475,4.7249475215520205,4.689046840111311,4.836072004460533,4.8964499607549365,4.6725793673526965,4.621530376858749,4.606477426416508,4.500668866882824,4.736468396783278
Stat92E,5.3887245201073455,5.384172935780557,5.540511049744945,5.42968704949421,5.382012507463196,5.418781170941562,5.3962322826965075,5.2470780130947965,5.329749909379729,5.350580176520492,5.0553577710999535,4.823480477445621,5.192974404471765,5.0304043539283345,4.959704368356682,5.006377137588672,5.012226540472641,5.036281418236929,4.809129761334289,4.98750273235807
mirr,6.713796465784727,6.716204292883578,6.676735508134546,6.681877514453331,6.709806984828806,6.722176755476751,6.65999244373191,6.768607313212466,6.5931709559352205,6.671244809759859,6.240497132780051,6.155375509184127,6.397885348670431,6.284804996784417,6.267225045481755,6.3906042918703525,6.378899465448088,6.36127315939032,6.279929699141046,6.181980952911876
NimC4,6.386308393907636,6.456562830984706,6.41982480280536,6.443381822808182,6.491729928334938,6.467154500264175,6.4776294365606715,6.365380207729885,6.346245566415983,6.352346054776499,5.761609599341244,5.492205139105054,6.1345732953637855,5.8152901618247235,5.945332020295328,5.725401680293495,5.806486867094311,5.937644966346793,5.803971796017023,5.700410909385587
CG8034,6.032294068271383,6.086830566685429,6.145268094416896,5.953518594500915,6.116045576000976,6.006624856348784,6.091061496097254,6.066574899256051,5.921988654018155,6.087261108367249,5.734298011436256,5.766752381743442,5.759837756044914,5.674968215656642,5.565994906796646,5.65992789322885,5.758368861275238,5.597789588588007,5.591852586203689,5.497936094489493
Oatp26F,3.5720958040522164,3.410101114827523,3.910834136804239,3.6769927998715026,3.4017310826465796,3.8841470917090586,3.8601114813495294,3.4199893036677937,3.3902095308911453,3.611463727959484,2.4227231975571915,2.234055194870366,1.8267539989788295,1.8027810866878684,2.0782163895699703,1.5112612373777021,2.072082418952996,1.4725560961555262,1.81467465183463,0.9979029946781003
wb,5.889775150018215,5.888401337993329,5.972599554651263,5.953518594500915,5.926195831711809,5.937704452244432,5.854925609779389,5.719681692842727,5.773495628427722,5.747998340395812,5.659586623725384,5.471385466381748,5.586866178438142,5.418828378983121,5.5592867240944726,5.492947823563095,5.392045878480706,5.553223238058952,5.432990211022202,5.4252211549089315
E(spl)m3-HLH,5.6512500887891,5.701853716000459,5.695377029636957,5.632814994902608,5.691652657583426,5.5685659740246205,5.629999911287851,5.4752589623429015,5.554757863917453,5.477292084189221,4.999216136672631,4.900838930118499,5.080698012329567,4.752214798365891,5.149005063350493,4.932784041702048,4.604311210993272,4.932854085239049,4.591502119857925,4.555899216116177
odd,4.916191535129211,4.988850622311762,4.9843908738310745,5.04036007846197,5.071588919375882,5.055045486689438,4.8627163369193,4.904760388754416,4.755947941524911,4.898155825540381,4.289577960093182,4.239436830116714,4.327167443003227,3.7663217597233123,4.236343083479456,4.194946896391557,4.094368169833269,4.222552014953604,3.958730719863053,3.6985701879006196
mav,5.514744071254498,5.632414780561669,5.538275198999874,5.6349017501017356,5.603701562599947,5.491640969200818,5.574277759819329,5.565760756465799,5.41399101371341,5.515417239269299,5.234792825846162,5.050371200052264,5.163582252084458,4.973630346613041,5.159098794937262,5.052592783503153,5.012226540472641,5.2065298031276495,4.915071577521996,4.963856472110792
ttk,5.924275683435874,6.018000010622309,6.075818296246959,6.03778346179727,6.099254157613688,6.036575721610342,5.960665344590911,5.79654060883387,5.810986030373082,5.917978070574831,5.659586623725384,5.590259004374863,5.715031259887118,5.6029048293303685,5.6307121595049745,5.514521123013538,5.642348094729264,5.52012849224152,5.42547611096759,5.370979568372672
grh,6.402682709166786,6.4823594079721145,6.487905268460928,6.464518176445594,6.508306486283746,6.354121826977646,6.4073421354124935,6.326746712591747,6.248234421714924,6.355378745673478,6.053883004327416,6.010967091202514,6.193074763155516,6.090823579159633,6.109515674412249,5.854916329327899,5.956470699583118,5.906124337326546,5.829472484559512,5.723063998293565
CG8312,5.417280493302606,5.546661910603102,5.473551210583641,5.534096781937516,5.6015612570434845,5.496475390681664,5.578676063285551,5.48010481613886,5.357707416911229,5.472422591994809,5.188091960350677,5.039629922335662,5.091442092125473,5.125120160117537,4.971888908491643,4.97025742989761,5.057393045593685,5.099730879554066,4.999373792422915,5.0106027389729455
rib,6.846037900857231,6.853660011458199,6.898335344533621,6.816532042649701,6.906905844732828,6.785931861167106,6.866972761102147,6.70888704410526,6.682803107115349,6.852496006634267,6.487661025184887,6.353727561045826,6.3625434225078985,6.377939605452678,6.267225045481755,6.287731115422667,6.184476017297,6.18392776367399,5.8737964290806595,6.089350951582092
Ppa,6.316950212465273,6.350174772487584,6.387799679924763,6.355078905213084,6.442135515406457,6.373368759401447,6.374223994793445,6.221930219579891,6.223024224710323,6.327747625669371,6.0458048892309435,5.977713776498527,6.056278533632961,5.960341428461129,5.908044217839647,5.969564038245033,5.8220250818905654,5.864080765893782,5.783092441378973,5.934283588341015
en,5.579901321881792,5.577518863275288,5.740264743571997,5.598820738438486,5.733826862917703,5.712503868746831,5.587415056993495,5.496882736913775,5.653825491700702,5.708312186620604,5.252879141615263,5.006695988202784,5.058857219827199,5.08412750721868,4.971888908491643,4.893851543505838,4.876343104689209,4.991628738230375,4.836685877098742,4.975749493809099
CG12744,6.0926960996809365,6.049628961633596,6.046629107680188,6.165776259996458,6.184122365330916,6.1201033620188685,6.071146377604163,6.035161196543542,6.042953555812969,6.068611835231488,5.788195052373676,5.584012875743378,5.715031259887118,5.511691134460404,5.552533237599983,5.440722937926548,5.4826216957274125,5.553223238058952,5.355180660358319,5.261704239543875
aop,7.6182300132385325,7.651192898664703,7.588387927649594,7.545262265745214,7.646379858432715,7.499230347505668,7.531979044438248,7.490093639666051,7.467037956502215,7.505644750107851,7.065452104628562,6.887390054510601,7.176175671938362,7.029211258186857,6.966039304799472,6.800438066111825,6.863981028782807,6.9875253236731805,6.698590294581749,6.8526107120109625
Brd,8.761493083149505,8.775620536224622,8.78014787820002,8.851931966308982,8.840011302019635,8.746889218361835,8.721691029162297,8.60970242800699,8.632135247669696,8.687943185092267,8.494784122776519,8.2902252762742,8.371336174253837,8.224147606331229,8.07387168585442,8.045635641196622,8.04149370553227,8.112576825931244,8.050651688132726,8.154084085606389
Tom,9.220335277589603,9.274183714952203,9.273060299790131,9.317570250474452,9.337410529656726,9.23897150572372,9.208453743689255,9.081697071563365,9.127222382336171,9.217700701036025,8.901814625087443,8.626147396334533,8.782605609023188,8.69806143997489,8.692264273013917,8.450616419533379,8.555090846956647,8.60148894509168,8.495643198521817,8.454296516020475
Ocho,8.032557765760393,8.060766035718808,8.08373668737496,8.126759921822513,8.10767543149874,7.963190829466835,8.075409985649118,7.9054709713589695,7.892186374339761,7.994866653037461,7.74342895792897,7.541847608672156,7.742276384229238,7.555417942678307,7.509578222142243,7.281271652787136,7.444427429976321,7.527946011007294,7.327890414323681,7.445344517820664
Egfr,5.7366171011373055,5.768576931272775,5.723667073552765,5.724565175832323,5.748732401415763,5.564068560257136,5.644486274517232,5.600643595335369,5.703815010516573,5.672995097758493,5.234792825846162,5.102412246684822,5.249287446673847,5.062983310420219,5.245631150842376,4.982442868163775,5.274831762163207,5.025303777958549,4.952074575590437,5.055261034054561
ci,6.154566198176454,6.135201895799373,6.1054498177281555,6.174321097545933,6.1537515958735325,6.042180325992942,6.067115314279561,6.0732753183246775,6.030369655038679,6.132417180649973,5.849256670557563,5.632922471797409,5.863786675803958,5.820312972752228,5.754346351564302,5.609465067059542,5.795992284065946,5.628448936507024,5.665694228979956,5.683077841984767
chn,6.083536543964225,6.075023163438734,6.001182841433467,6.029388435177729,6.1005558628460195,6.091256497821927,5.993082066270959,5.882564404093964,5.95438844769087,6.010481780490595,5.623127004763856,5.295494380469439,5.6062122087928605,5.621413351171661,5.399028619338928,5.335844122591093,5.591888476686131,5.435924453536006,5.225783374783048,5.386779693202415
bnl,5.751384749592506,5.846169619045093,5.756591422640094,5.7638069208574665,5.783267275281583,5.575274395484184,5.674839367423082,5.658905456229155,5.764358287809056,5.7772123570925205,4.951916971677995,4.961025789158564,4.864485281873753,5.135111039174506,4.869983668027607,4.604253996334279,5.000608804311798,4.8574369039504735,4.795061618890617,4.481215249832379
aos,4.989474086514566,4.9651099304038535,4.886255845793062,4.748530430561802,4.92271639214579,4.760718194735112,4.748698581100498,4.847279596796682,4.77093256519055,4.797945186242954,4.216524102207556,4.0836810405870025,4.255836658697862,4.386704374251136,4.010493406126805,4.020929014630525,3.9381728499887454,3.7996325826415376,3.9254871353376575,3.740097648926004
Glut4EF,6.698278439872375,6.787292054528266,6.724338305014369,6.727641846703915,6.787358716460917,6.695636695709739,6.75301859764957,6.6989347664369925,6.584315705242112,6.677846843470847,6.127535764918555,6.089562215743901,6.271593173817055,6.411784534886041,6.17342984826138,6.16194007614002,6.16642995395368,6.0225873853313345,5.991802234995954,6.025222287094611
Tl,5.919640570289187,5.819265597372832,5.807456629854226,5.697521521567276,5.7652397778358395,5.7506254479933485,5.920948584132477,5.751506189936605,5.60336377277092,5.583205914308784,5.168783332200393,4.768369878513859,4.689046840111311,4.961878242571301,4.6284761730485,5.06382050767216,4.734414626847042,4.761598056590087,4.642288404787313,4.658406077277057
LanB2,5.927353866025393,5.9780940397972095,5.898910508662833,5.892582526390704,5.955195616735104,5.87695386980647,5.853259557825123,5.729147430872503,5.775313120184424,5.866661842940569,5.591694452007302,5.478373630204621,5.4322546077490665,5.511691134460404,5.518064235083078,5.62868827337302,5.4533319345577125,5.60399711915099,5.42547611096759,5.402334052185342
CG45263,5.241456046007966,5.384172935780557,5.206944407927505,5.335838017648914,5.23879800887657,5.37073359778157,5.2819724346286865,5.099377755101754,5.156858401786837,5.26425059750752,4.642131208339317,4.331245035221387,4.372042760431818,4.676526708376099,4.5937337079160185,4.945431842908835,4.671477290662925,4.270643783817602,4.289734510009287,4.052052549128845
sns,3.634876724869822,3.8359446159027653,3.7769074728029532,3.8891087025027327,3.941346180435048,3.8841470917090586,3.5954987106208534,3.625047896956926,3.7910033322754995,3.8100743157739947,2.9877150818113423,2.0373328257807772,2.0733705273598537,2.784979539662915,2.7067433187915024,2.7166646376127206,3.0001571475894226,2.7801630215764614,2.2581242836773248,2.4226344738653163
nau,4.911958447742855,5.012040739532244,4.824222443560772,4.911519828658602,4.843631864747942,4.874747201130914,4.893661928225874,4.824260948068215,4.644253864338084,4.821618151679941,2.6879858740439926,2.234055194870366,1.498682762579401,2.2453964684871117,2.582703007183663,2.2855517656074413,2.5762202516613,2.240807137863091,1.4875080678223427,1.4873098480958127
mbl,5.383443764368413,5.530868872918995,5.451824724428059,5.5294747732566085,5.584271872120081,5.548166390226992,5.4500608633764305,5.2531621489021765,5.547942892424314,5.325454717599807,4.721432322871459,4.529521746729113,4.349856804862946,4.577422906498037,4.814852205943985,4.867028124274114,4.889487999480205,4.338704702184158,4.44192490340125,4.46163898988501
gsb,7.061951935030912,7.188704598852609,7.065631802506653,7.042266946256029,7.134948364962889,7.164085152481006,7.01516561102136,7.002260371009323,7.038002148157849,7.0691445664255275,6.785340398989088,6.5718674968853605,6.72765862362058,6.616685697688446,6.745600849324188,6.768471538836873,6.804214516688912,6.602479673273504,6.70490499149894,6.743742100742379
sel,5.9087410176234405,5.979547016294543,5.974048290177352,5.990713471093903,5.959698619829197,5.956146631264165,5.936411498212956,5.89700567277391,5.816228882209661,5.897447400607507,5.469578364431389,5.492205139105054,5.409190040670637,5.7367536487884125,5.64933788252316,5.653757554846464,5.604744085751537,5.485900885549,5.42547611096759,5.490897970921642
LanA,6.228872278563343,6.321710117817499,6.285068663728956,6.283598378780091,6.311995483236039,6.210265515165485,6.25665405422153,6.172375699405776,6.20309878679592,6.220508507903413,5.706219505951957,5.81762813292603,5.703508762885172,5.845055426568686,5.79237948567231,5.974067207924243,5.76383107959226,5.616297762388738,5.739978544611778,5.793331307803674
caup,5.312128835880524,5.236907783123511,5.40178392048954,5.28094473808947,5.473744398874014,5.226875552479408,5.065245338888614,5.0670269878435725,5.193261075543874,5.2149675956287265,4.40059629251945,4.37417036652888,4.303951298516901,4.447832999311434,4.399219917250966,4.751902729732383,4.568957011030245,4.14577851190573,4.335631214867241,4.16458149362078
sens,5.068690691537412,5.137544303179968,5.159051285210641,4.9900034212578,4.866234436146328,4.993178245230043,4.797795057451752,4.883041629079192,4.824031541516326,5.0653957606563615,2.9877150818113423,3.536620116727022,3.0844176966351644,3.91154534996038,3.2373331062712083,3.9210662219277443,3.3591723185389473,3.199593712929335,2.5642709120345955,3.284244497957053
cato,6.091392717108105,6.223171453640925,5.923574296994519,5.932068837420077,5.693608751019053,6.032351557708739,5.503507758646058,5.7422507171555806,5.728854406704094,5.990329131228995,3.218017860061118,3.9644914173920554,3.7943057667889506,3.5963657395817763,4.071914707833826,4.720924283549595,3.971424731273156,3.971907204123957,3.3466855358987697,3.655243197161795
CG5597,4.547498582567572,4.663642505955069,4.599657623998673,4.327038446465887,4.207025938225652,4.554665699935068,4.098503734788091,4.17985308116971,4.2657393663890915,4.382177287106545,2.2579821530958535,2.0373328257807772,2.577581791130957,2.409912857932622,2.7067433187915024,3.099851812655767,2.2697187528687217,2.405240888818788,2.0607816087353927,2.4226344738653163
CG10035,8.191943560577062,8.20806735971039,8.122310574903539,8.14488096457415,8.161275882327503,8.071132560999567,8.143683112307638,8.211857734161617,8.10928995797732,8.188882490190489,7.659019025101893,7.783464499684277,7.595463494497318,7.739712332414358,7.645431764182492,7.680816531921838,7.66318296355763,7.825162508569033,7.830315285737442,7.639338584989845
Fili,4.7260114683370364,4.542974613793882,4.588147184677344,4.619118506578554,4.706648014364367,4.591099431528709,4.561050420723322,4.67916972925095,4.466097831291748,4.492086464805106,3.610048348675761,3.536620116727022,3.3605946709313876,4.038328734738204,3.582157565633591,3.7286553568775935,3.3591723185389473,3.386527456178937,3.818562084799556,3.5625152015290515
bab2,5.725396462873419,5.798601659379568,5.752986238157663,5.749038686786275,5.752424328071859,5.708610546723231,5.742273518356366,5.729147430872503,5.609812509923921,5.80033595675497,5.033277884403514,5.170999565450861,5.267375144003633,4.937951402474239,5.2176108480864665,5.169665262667712,5.30113147593708,5.2247792884725435,5.159145199332096,5.0106027389729455
Ppn,4.352558609913912,4.286837009703798,4.478117503209698,4.490274391791537,4.7872055580155966,4.90133263703694,4.216585049405488,4.450254768696491,4.704312637719072,4.733637011651438,2.0606430985953414,2.773074838645633,2.577581791130957,2.551148623608964,2.9164461775004784,2.9265010732095815,3.2969487172773237,3.1286176595400272,2.6881338046419536,2.2578949756482216
SmydA-1,4.5038056736735,4.700832868544567,4.540732928321455,4.565918581561354,4.636052130607172,4.665760629428305,4.590953107032365,4.515755438634455,4.492640609220071,4.485559932042611,3.1469847198641028,3.258595115843803,3.2983677831785143,3.332965263676102,3.759832406572313,3.3762059965082556,3.711441088232122,3.679945007601615,3.5129622632848805,3.1468915469046133
CG5399,4.4647724063700105,5.0713739690993185,5.304870749942063,4.894181841601142,4.742692927459167,4.237063730695484,4.367399265694428,3.685013608423828,4.842661949069331,4.748848647067428,1.814541782579526,1.7921915843680407,2.0733705273598537,2.048380000848228,1.0107100408491183,1.8403377883293344,2.5762202516613,2.240807137863091,2.0607816087353927,1.8144602862831802
CG43658,6.737998424159834,6.770317514550665,6.739266413978568,6.799114641704917,6.74388009742442,6.663880980917634,6.703676363930015,6.647631123126603,6.680602416489558,6.677115432925612,6.353974636709145,6.333204980959164,6.3625434225078985,6.265732103966859,6.19504668528108,6.284442354731286,6.321321107538631,6.244431065681297,6.2637525017185,6.2667533474467625
phu,4.183119287714512,4.524483247503445,4.425039598066075,4.470434185975129,4.336527571096385,4.535938651049506,4.410658132577049,4.161951470489195,4.389249204387974,4.225265121878583,3.2843382079816315,3.258595115843803,3.2983677831785143,3.270803058613598,2.582703007183663,3.1764226635873296,3.5255183993621197,2.879301380243175,3.1471366240876777,3.346438467641837
CG44838,5.649222655100977,5.670707191280388,5.702999638950543,5.677746818321668,5.709121259739215,5.726012352010324,5.602526905122198,5.634350525576524,5.676129335660418,5.694725581654339,5.338706959995374,5.344443917218629,5.328223588936716,5.388429082474062,5.128506710035762,5.318686066444807,5.274831762163207,5.294618629886949,5.3712344615752485,5.39458711464944
meso18E,4.322420994966496,4.524483247503445,4.534644897534102,4.535092483723061,4.484451966806161,4.318607966327204,4.345047224304064,4.197439852064543,4.321660470494616,4.322333492676699,2.7981826737390336,3.320728098042987,2.811872701835794,2.6748831796801067,2.582703007183663,2.5925310664368366,2.5762202516613,3.199593712929335,2.2581242836773248,2.7980912473700217
CG31313,5.530864740592884,5.373583612669139,5.290635927236855,5.295685003104266,5.263135795849991,5.257962842998611,5.319633866223394,5.029809897371738,5.292195921019969,5.23063103321665,4.573826466963603,4.739632140305481,4.393747163749887,4.343772072363763,4.481618089095788,4.472151463274243,4.229430303649036,4.481527193451188,4.481468435152693,4.481215249832379
mael,4.44466914584945,4.238339719103251,4.286391698065742,4.443353004248567,4.444372649081795,4.394001170412786,4.472228024250261,4.450254768696491,4.4318968707046364,4.438641119948372,3.925331541653583,3.4868578368251013,3.7544207714651328,3.7663217597233123,3.759832406572313,3.8101131068390917,3.711441088232122,3.6366391501372735,3.818562084799556,3.779969120495141
drongo,5.941089621419628,5.88521531554931,5.931158626328801,5.9397823887685055,5.962689396179964,5.937704452244432,5.971094187032436,5.973645127779907,5.835220871497798,5.905393772825024,5.525700424571647,5.421051221312506,5.31121281902097,5.388429082474062,5.325268353681647,5.448352708237005,5.559007272427419,5.367765384912279,5.484064981085192,5.46223941194457
hbs,4.49740501892141,4.54906319070654,4.339734737909872,4.503285830775549,4.560091330202331,4.548462235776468,4.5176250757397325,4.559179906015303,4.290089445163047,4.596977672802102,3.0705174072606383,3.192344364675497,3.2320102516938927,3.1335276629677447,3.4798829081964224,2.8270767034685633,2.434666718994895,3.1286176595400272,2.6881338046419536,2.7980912473700217
CG14687,5.213610688761333,5.432995389569477,5.31050842301492,5.454959230318917,5.507262554307842,5.6358071437499655,5.551991300347265,5.428012906435213,5.464800885620395,5.186139887440388,3.218017860061118,3.1213910622462957,3.712878639615523,3.5489457964622106,3.6749358502180756,3.099851812655767,2.810487769568667,3.1286176595400272,2.798331730757024,3.740097648926004
E(spl)m5-HLH,6.867873696314716,6.8084298526114235,6.769777671058465,6.88271939980347,6.885181472107829,6.691995563525203,6.921144381528968,6.651384247949077,6.721609191887238,6.819413913002668,6.43959844948264,6.062750926351143,6.297520217602521,6.083148712487498,6.061806608503185,6.14693414007311,6.058872233118495,6.046724182569583,6.041899576845519,6.061799255167877
E(spl)m7-HLH,7.515690233794069,7.5000729643183295,7.482411193696253,7.524055956710408,7.484841777787794,7.4536196310028675,7.4916589576523585,7.375976676143917,7.35943423947352,7.485961750951482,7.074191078232276,6.785351995051921,7.015041317991667,6.811137203375488,6.969331097461363,6.883415920576967,6.927206964367455,6.791015732903596,6.7816198426207155,6.745757889432404
rst,5.6987147233890925,5.66077154168965,5.603267270733854,5.624424154100838,5.637337737912571,5.625262988979425,5.6984754715855575,5.628116412378468,5.545660875184616,5.538527832825045,4.794904205743647,4.564861307413109,4.837300612460479,4.707492709334101,4.645405005662882,4.736533459860642,4.638458055143972,4.67144041659822,4.537997941105664,4.441671834990441
CG5888,6.812363311250702,6.8229024088538655,6.802551536386621,6.828609383808554,6.7997188226953895,6.826283511654598,6.865761903082902,6.863873587558119,6.8466720750948085,6.853723210515411,6.5844906716727465,6.393550833360399,6.507411256197367,6.449874830294758,6.45143919919224,6.489257398278687,6.482321496522499,6.4762809238029675,6.4007094796771336,6.4664873266342475
Ndg,4.818654678000645,4.877276459826473,4.465109801607052,4.77350512335344,4.843631864747942,4.730056741455933,4.664757377260556,4.496551748244506,4.730463528179258,4.360153402275637,2.4227231975571915,3.045016268357781,2.811872701835794,3.1335276629677447,2.9164461775004784,2.7166646376127206,2.434666718994895,2.0439092881688388,2.5642709120345955,2.2578949756482216
sing,5.994220258189584,6.076342002920677,5.940184539007748,5.99508529802998,6.11219558313839,5.962219209992669,6.125938771280115,6.066574899256051,6.099671187119449,5.851741667527302,3.460395959514602,3.672577672289281,3.2983677831785143,3.6416384683762497,3.838082150700483,3.7286553568775935,3.2305949232346767,3.1286176595400272,3.6554926606204723,2.8973405027750667
twi,4.4647724063700105,4.325528800599632,4.1161407058445265,4.1953919337227905,4.281921695981547,4.228531311872601,4.1176025871748365,4.509395096402859,4.282038453621704,4.298935368592963,1.814541782579526,1.4667359509356888,1.8267539989788295,1.476515168902923,2.2760106989977658,1.5112612373777021,1.825517748089192,0.985885154973656,2.2581242836773248,2.0605581420357564
dmrt11E,4.689593594232641,4.7615364843379995,4.6767215613085,4.816945507236355,4.752757263277429,4.709080703252146,4.504863413000899,4.741779894406432,4.72008509116502,4.707758497396048,2.9877150818113423,2.0373328257807772,2.577581791130957,2.048380000848228,3.0068236936031605,2.2855517656074413,2.434666718994895,2.0439092881688388,2.5642709120345955,2.2578949756482216
how,6.465623648157474,6.553531111317435,6.515239707696983,6.447089949370256,6.48996893539143,6.509192497832014,6.464142710098887,6.411187148998357,6.439248531696358,6.453371955472226,6.14237372095788,5.994478650349819,6.072435578612129,6.086993508752799,6.037070446606107,6.051837940649689,6.0425170512749755,6.1008760865937814,6.050010455462132,6.134885116427951
Act87E,6.6708939702081755,6.720365929696379,6.656456085417254,6.694239392677222,6.7768303860792365,6.734138614102523,6.750302535982137,6.68381813427957,6.627053566735013,6.621450302558354,4.55599555115688,5.102412246684822,5.258372190380606,4.611560501204636,5.019194577827177,4.621777958609126,4.976960403808294,4.481527193451188,4.591502119857925,4.625391014292167
ptc,6.337553896054592,6.384652709610686,6.313305620314002,6.3711804803873395,6.322469819221357,6.267640381682788,6.3642709059181195,6.258103603921946,6.242560383478572,6.3380706042736765,5.788195052373676,5.822576196158424,5.925985242590425,5.731291903864028,5.849368401014763,5.839615074785316,5.76383107959226,5.7846720850470374,5.689144194240511,5.77754847670294
htl,4.6407331039172925,4.567109607421494,4.588147184677344,4.701941305377997,4.685452156917642,4.660211249371534,4.5176250757397325,4.394578449102446,4.580356251264922,4.530375674276236,3.2843382079816315,2.962322424455575,3.3605946709313876,3.05710870219364,3.582157565633591,3.3139433420373123,3.2969487172773237,3.386527456178937,3.1471366240876777,3.1468915469046133
bol,5.850728948467428,5.841179941456131,5.884765050489834,5.873060603543326,5.785052278633778,5.880244966181153,5.887676687209312,5.87932671340928,5.831794503145266,5.828080774856559,5.197608241871698,5.312078551257706,5.212099942552192,5.247808840032026,5.342136109578272,5.3012284643037875,5.4077230977680975,5.327790494716786,5.244034760550457,5.322023729034801
sala,9.343685479227563,9.409908390943958,9.327409469742479,9.381749128029483,9.38179402140397,9.300410168161855,9.328105635135667,9.324768689636105,9.242581201379048,9.3391952058539,8.841999730851473,8.84499895948826,8.875451354505065,8.868445189654752,8.935588351576564,8.775853568383589,8.826469363624504,8.917221316451677,8.883380550367116,8.875254359072608
nuf,5.6987147233890925,5.684453314657266,5.624025358841426,5.713064474601417,5.6896927303457705,5.678917199136471,5.598232486674972,5.604919620805356,5.529539256273722,5.714078979648023,4.674610107444115,4.754104238057236,4.87780541959858,4.9134380055809785,4.856483126757224,4.932784041702048,4.671477290662925,4.639486352534683,4.836685877098742,4.822748709762736
LanB1,6.4930533030402575,6.510072987499051,6.461582353928479,6.519364576405707,6.510035508855389,6.498626236058447,6.494455584473009,6.394859860140875,6.448553443435337,6.531672872455321,5.920687087449001,6.0027568539764316,6.00617944428147,5.947188658521497,5.97241288101938,6.043489468366591,5.9698591988748415,5.94206788973823,6.017164591077455,5.920589990967813
lmd,4.9776272232466265,5.045847728244345,5.018843088269735,5.066460213710939,5.060608774603105,5.080953597586654,4.9851175337562195,4.904760388754416,5.10852463705336,4.862866544186743,2.0606430985953414,2.39836666187546,2.811872701835794,2.409912857932622,3.0068236936031605,2.4507749884369465,2.434666718994895,2.5464157811649155,2.798331730757024,2.8973405027750667
jeb,4.868611815293116,5.060513838984275,4.944664844925635,5.001851289563844,5.0192841795503735,5.181662927597364,4.797795057451752,4.819592945407855,4.860951603235582,4.985267875812829,2.7981826737390336,2.773074838645633,3.0015573893316985,2.8841478881592733,3.3037046463729554,2.9265010732095815,3.1595234111443444,2.670103630956601,3.2844909876995745,3.070424566851899
Ama,8.683478338361335,8.75057938503866,8.690115287148,8.700030265460942,8.753876053698336,8.603963788702272,8.674281074878781,8.666615768430631,8.574041849861759,8.702239950372405,7.981522922775159,7.739442047429259,7.798739872649948,7.675986466494382,7.736434628580082,7.665204902742775,7.692110488213007,7.795179242697066,7.715726124364107,7.735129275963403
Him,6.488679740353045,6.556797106869894,6.382040164753038,6.494084578111853,6.520347330837433,6.425178586398987,6.3642709059181195,6.33603255103669,6.492936385806033,6.2579184527531,4.190936693765653,3.7140779389422645,4.20528946595666,3.944779693922781,4.157504681643273,3.4901843729240327,3.7928654009636458,3.939745099976009,3.7802193602571403,4.052052549128845
Mef2,5.616211901226331,5.6365153106678605,5.515637364642871,5.622315396590147,5.685761314145621,5.5012865529313,5.68672725105632,5.6405460152662235,5.59904139472151,5.589738736184502,3.218017860061118,3.320728098042987,3.2320102516938927,3.1335276629677447,3.0068236936031605,3.3139433420373123,3.5255183993621197,3.1286176595400272,3.56276402173812,3.4603016606387027
tsh,6.991854926852731,6.972872862095041,7.00089100940803,6.987198881403588,6.983469995952588,6.959838762878761,7.06701382638901,7.017442122076749,7.022471546294145,7.014794991898591,5.803813548709761,5.565036936950925,5.858838018040402,5.669157358173943,5.538887876250939,5.65992789322885,5.572289774192521,5.646403258775815,5.623285157272583,5.782837146275924
pb,3.749723544384989,3.5178430193584105,3.709548507226349,3.647011420711987,3.834385387109918,3.9313809431990956,3.2346345084645245,3.209682803910312,3.094004739358557,3.8228587386590993,0.0,0.0,0.0,0.0,0.0,0.0,0.0,0.0,0.0,0.0
Cys,10.115010133379808,10.07831480128118,10.08322540460733,10.097490028559374,10.090495129283477,10.068740330713226,10.100329679373306,10.089237109234471,10.089273154800093,10.088844146078168,9.596757539170504,9.563696442023133,9.553105259471598,9.63406992227106,9.563445265354757,9.572351537112434,9.539843733913692,9.602613115588534,9.570620929931325,9.563531193233485
CG14207,7.705530922732304,7.731891487265996,7.694101121639542,7.6906146828204935,7.771078950160485,7.705524259263009,7.715921418995956,7.705452079090159,7.661289845777013,7.608486817020574,5.887986705820803,6.074329610711283,6.068420724845868,6.04786368067317,6.057726173154201,5.913882296889534,5.9874361773760745,6.0225873853313345,5.888144991771297,5.98725648435806
lab,3.3953778986999064,3.331230871017916,3.382824037257115,3.5343759379701307,3.545545249149485,3.6072919121244467,3.611316440061169,3.625047896956926,3.4661343880096362,3.3832906066075648,0.0,0.0,0.0,0.0,0.0,0.0,0.0,0.0,0.0,0.0
Dfd,4.30700459576652,4.511962934279053,4.516155210387915,4.246811384703537,4.241007221162166,4.394001170412786,4.290863426742432,4.288999046047945,4.3597722324577495,4.306795730746846,0.0,0.0,0.0,0.0,0.0,0.0,0.0,0.0,0.0,0.0
Scr,5.093760535590947,5.134168687081752,5.200689642383866,5.232260455032229,5.162015118710256,5.120356866947139,5.079805795284923,5.20341994626015,5.072511826267343,4.981287315668997,0.0,0.0,0.0,0.0,0.0,0.0,0.0,0.0,0.0,0.0
Abd-B,6.315908800145211,6.247898968621829,6.474830420672959,6.248106646279862,6.305657812235835,6.348994666396421,6.3409957212353545,6.234512961977439,6.366556834106625,6.431163651279176,0.0,0.0,0.0,0.0,0.0,0.0,0.0,0.0,0.0,0.0
Ubx,7.972573350679584,7.94731579748401,7.9254150779079495,7.991568899446064,7.951329240223054,7.950629404400784,7.893367461318288,7.9593612491455,7.933518031131142,7.951426999126244,0.0,0.0,0.0,0.0,0.0,0.0,0.0,0.0,0.0,0.0
abd-A,6.497407820940237,6.379799473777776,6.436372990418937,6.391927844686595,6.444905029533831,6.399120385567178,6.406383566153405,6.35131986595256,6.458689826790355,6.378328777276547,0.0,0.0,0.0,0.0,0.0,0.0,0.0,0.0,0.0,0.0
Antp,7.758863624800036,7.772826822761763,7.74019973407649,7.752185111643722,7.719086226709323,7.709751812455869,7.772781761396131,7.610474107510289,7.758583420298271,7.759885840771811,0.0,0.0,0.0,0.0,0.0,0.0,0.0,0.0,0.0,0.0
kirre,5.312128835880524,5.417833725233651,5.119013542411864,5.358078882552517,5.213853086993031,5.38161211575011,5.261089961330299,5.197024524528525,5.143285481528047,5.233734493285907,2.0606430985953414,1.7921915843680407,2.2710401179786364,2.2453964684871117,2.582703007183663,2.4507749884369465,2.700198539256746,2.0439092881688388,2.0607816087353927,2.564034542750844
Ilp4,7.745732385545625,7.751088123871865,7.744152545451731,7.7949149752386155,7.792867764505053,7.74472765178379,7.7313351051902055,7.730974027290082,7.770506927184891,7.755913366009459,7.145541639638882,7.116100220844149,7.225435515205049,7.146230852405212,7.127096772963539,7.148879975530307,7.275725745106853,7.171243378093462,7.133473218818212,7.214564696951045
pnt,5.966531162809948,5.852784028629643,5.947644396126186,5.844735434564538,5.983378061261317,5.957668236588833,5.9546568080898306,6.008445127619169,5.760679845205286,5.902222797286089,5.207034816781499,5.226262402478442,5.2851414806085595,5.308124059332099,5.37504132925142,5.179658732184603,5.238653685868195,5.2247792884725435,5.322278562503787,5.402334052185342
scf,6.762962031613411,6.726576090472777,6.714721242780677,6.767380911733331,6.828397397278068,6.830738710319503,6.7489417337583415,6.747734293825279,6.661324124628656,6.703827555539616,6.253760636694147,6.278413380241791,6.1679004059124605,6.265732103966859,6.328323106905452,6.3168531502313074,6.273400289386948,6.130552386130566,6.192796871361707,6.311263924086279
CG5151,2.7352087957918525,2.933353452624787,2.7230646675544503,2.5396279278781977,2.943908811692672,2.634425754253086,2.7790030457057218,2.777230248739782,2.78586297091255,2.814583014835777,2.0606430985953414,2.663070175995755,2.2710401179786364,2.2453964684871117,2.8170816166839887,2.8270767034685633,2.2697187528687217,2.240807137863091,2.2581242836773248,2.2578949756482216
Crg-1,2.996986929398768,3.1761993235472805,3.214916769947548,2.8533005753033613,2.8477523486226,3.1247776928985185,3.2793631663306764,3.0583554335030243,3.1705551950332103,3.138831995444952,2.2579821530958535,2.962322424455575,2.577581791130957,2.6748831796801067,2.8170816166839887,2.9265010732095815,3.1595234111443444,2.670103630956601,2.5642709120345955,2.564034542750844
GstT4,4.081400540263348,4.0472714040287565,4.1161407058445265,3.775368625959554,3.7561422774391113,4.061010924299075,3.9971219482813494,3.609477266835201,3.67932535897215,4.117751499649956,3.218017860061118,3.584023054635906,3.3605946709313876,3.4467751806861107,3.838082150700483,3.6399690715458477,3.752981755600424,3.265864297787524,3.2181702320478487,3.5127138139695324
Wnt2,3.487635434685009,3.8359446159027653,3.3023903778933703,3.2162185332919853,3.1626225421015755,3.8961663557527193,3.783856508616589,3.25543144064222,3.5535889604214823,3.611463727959484,2.4227231975571915,2.8721687978780883,2.2710401179786364,2.048380000848228,3.2373331062712083,2.7166646376127206,3.0001571475894226,2.879301380243175,2.2581242836773248,2.8973405027750667
CG32407,3.8404186753237353,3.9527053634468907,3.763793774632085,3.6769927998715026,3.70035784490516,3.954186748147092,3.9971219482813494,3.7552427519055835,3.7642311877642727,3.8100743157739947,2.6879858740439926,3.192344364675497,3.2320102516938927,3.1335276629677447,3.424535266773348,3.6399690715458477,3.4730852058703165,3.386527456178937,2.897582460140195,3.284244497957053
stai,3.4517471990901814,3.245603363162933,3.040594865659015,3.0648463888896824,2.622277818660021,2.634425754253086,2.7790030457057218,2.91200175599703,3.011104907039362,2.1462379871421238,1.814541782579526,1.7921915843680407,1.498682762579401,0.0,2.0782163895699703,2.2855517656074413,1.4975386338641936,1.4725560961555262,2.0607816087353927,2.0605581420357564
mfas,4.823300780587268,4.804762057046916,4.968689328718977,4.701941305377997,4.685452156917642,4.888128264657539,5.090588674698518,4.874220303856184,4.755947941524911,4.8493052525360465,4.421394043597877,4.415328702500639,4.476139936062341,4.227611151131185,4.678426437358462,4.655930679301708,4.550799868162844,4.702404956194026,4.500668866882824,4.289481937261725
if,3.789604125980412,3.9076234977404245,3.910834136804239,3.9803784845808967,3.9746001207373,4.050827616890198,3.701303126962604,3.7951285174684615,3.7777068508095675,3.7971243325427717,3.0705174072606383,2.8721687978780883,3.2320102516938927,2.784979539662915,3.7997224612553557,3.3139433420373123,3.3591723185389473,3.4418048834483272,3.5129622632848805,3.284244497957053
CRMP,3.41452290036392,3.4473199061811646,3.5913424849055113,3.4453699375906566,3.528659569352287,3.5748745678493004,3.579426753932286,3.3410914711129376,3.4661343880096362,3.187956270111926,2.9877150818113423,3.045016268357781,2.91120585418963,2.551148623608964,3.2373331062712083,2.9265010732095815,3.0001571475894226,3.0522165026913655,3.070668769377403,2.7980912473700217
CG10918,4.559639475710318,4.75661624363583,4.810413708011502,4.712483639312746,4.652791427082416,5.151479627852762,5.0240751748410055,4.851820419789529,4.2065048905270075,4.707758497396048,4.335474567333823,4.394961270647769,3.6242286556367738,3.1335276629677447,4.7861031235901255,3.9210662219277443,3.752981755600424,3.3280147237054956,2.9878658082239617,3.8552381089772845
CG6959,3.900507957779999,4.05724729549507,3.6955146137255097,3.600283458472565,3.7960288851790014,3.808829927598473,3.884290165536321,3.577589236990017,3.804125334741989,3.784004444576814,3.512808269038327,3.434488998131671,3.5269485966067684,2.784979539662915,3.838082150700483,3.6852950493319807,3.4177499042190083,3.386527456178937,2.798331730757024,3.346438467641837
sob,4.031507193196154,4.096184496590842,4.262629565011287,4.255129995785517,3.952554146768421,4.193654428193798,3.9535047659048983,3.833484240604325,3.8914528195672995,4.018385914473564,3.512808269038327,3.584023054635906,4.20528946595666,2.784979539662915,3.4798829081964224,3.1764226635873296,3.752981755600424,3.4418048834483272,3.1471366240876777,2.987622631369461
wnd,4.553587454186571,4.652757600423707,4.4385755211647915,4.658624116558474,4.464613088469668,4.497398426700476,4.590953107032365,4.394578449102446,4.492640609220071,4.602818085749145,4.081489723432384,4.37417036652888,4.456169390474779,3.804652191676669,4.37751401595128,4.140237905606916,4.32571337290033,4.14577851190573,4.022075570979543,3.958479524699475
firl,3.43330824577982,3.4473199061811646,3.1190516308201204,3.4819283465877366,3.528659569352287,3.2462839147489753,3.138687178364026,3.381318294154199,3.4288923594327883,3.3832906066075648,2.6879858740439926,3.045016268357781,2.91120585418963,2.048380000848228,3.365943852291622,3.0169280589040413,3.2969487172773237,2.9694917494840705,2.5642709120345955,2.987622631369461
Fer3,4.34510892854783,4.027016008488098,4.309602273000822,4.503285830775549,3.8713248530434567,3.908042871124146,3.7434314586009356,3.6703559138290336,4.124796420733195,3.9196445513012255,2.0606430985953414,3.320728098042987,3.3605946709313876,0.9891068335524282,4.18448068659853,2.2855517656074413,3.5255183993621197,3.721453054235708,2.0607816087353927,2.8973405027750667
CG8066,3.0253700685760725,3.1271006722981745,3.1917982188957605,3.0088298377044023,3.0860998505256076,2.9252591744750136,3.138687178364026,2.91200175599703,3.0671278846503474,2.9449704347368844,1.814541782579526,2.234055194870366,1.8267539989788295,2.2453964684871117,3.2373331062712083,2.5925310664368366,3.0001571475894226,2.5464157811649155,3.2181702320478487,2.7980912473700217
CG44325,2.9677745951830232,3.390959026519215,2.5162060881589277,3.367981451141338,3.0316248780546298,3.312678843560166,2.742263267996461,3.030748263149914,3.1456838431697114,3.2573944486867514,2.7981826737390336,1.7921915843680407,2.4360112259820355,2.8841478881592733,3.0897058493183422,2.8270767034685633,2.700198539256746,2.670103630956601,2.6881338046419536,3.1468915469046133
Apoltp,2.9376831553759297,2.963437695451106,2.759756293752428,2.627739921952991,2.974010545446104,3.015680077110876,3.032547371747313,2.27179496484787,3.011104907039362,2.0002198505608804,1.814541782579526,1.4667359509356888,2.577581791130957,2.2453964684871117,2.8170816166839887,2.5925310664368366,2.5762202516613,2.240807137863091,1.4875080678223427,2.564034542750844
Vha68-2,3.0798281812783523,3.075466307752766,3.040594865659015,2.7087129757904163,3.1626225421015755,2.7903784200916886,3.138687178364026,2.91200175599703,3.2416600706755268,3.0603013061473847,2.5641244049158574,1.7921915843680407,2.4360112259820355,2.409912857932622,2.4410685817120843,3.1764226635873296,2.700198539256746,2.7801630215764614,2.6881338046419536,2.8973405027750667
CG16815,2.139447131458538,1.6128756544788798,2.1935593238688242,2.0800629058167885,2.487078108387754,1.6323298370568022,2.146104310592787,2.0741063951256176,1.5064917729309053,1.500922619510809,2.4227231975571915,2.8721687978780883,3.6242286556367738,2.784979539662915,2.0782163895699703,2.0875197445323144,1.4975386338641936,0.985885154973656,2.2581242836773248,3.5127138139695324
CG42565,3.2042597878537524,2.4768642473406546,3.2812288061316437,2.5846540765810766,2.7032176997112947,2.4990891226008625,3.0601570250072436,2.0741063951256176,2.2183387890421074,2.881900331034817,3.1469847198641028,2.773074838645633,2.0733705273598537,2.8841478881592733,3.365943852291622,4.492125690215199,3.0001571475894226,2.879301380243175,3.2181702320478487,3.1468915469046133
stops,1.7249334633303914,2.4274531824299204,2.1279931593625956,2.277904576484745,2.3306986666296408,2.222628000228277,2.3315736970771606,2.0741063951256176,2.0064150103973644,2.2736262728108674,2.5641244049158574,2.773074838645633,2.0733705273598537,3.05710870219364,2.7067433187915024,3.099851812655767,2.810487769568667,1.4725560961555262,2.5642709120345955,2.7980912473700217
pip,4.010831320398713,4.440150434958286,3.864182381402936,4.246811384703537,4.241007221162166,4.0196403081138925,4.675643525951843,4.161951470489195,3.6026111962069733,3.45919775910698,3.1469847198641028,4.7963047772097775,4.255836658697862,5.883412487307879,4.814852205943985,5.448352708237005,4.370587835835328,4.14577851190573,4.081645769974017,4.265718769456714
CG13159,3.6939479533205146,3.3105015177839667,3.4925084360224967,4.664142496353834,3.8713248530434567,3.591214594761645,6.679886683665208,3.4572203772300054,3.484247880496869,3.163695751747747,3.2843382079816315,6.4345290133677695,3.2983677831785143,8.082341015412986,6.43475231756898,7.610749598011615,5.292441531408693,3.5913726686230802,3.6102027813755497,3.346438467641837
CG34190,3.487635434685009,2.8703255850487865,2.469154597388299,3.720344003156395,3.1122634737291746,3.3546130307336206,4.614247688564906,3.3410914711129376,2.7109467537696124,2.580246416472255,2.6879858740439926,4.862907558609517,3.419175169124266,6.043865148807059,4.678426437358462,5.448352708237005,4.43433580670156,3.721453054235708,2.798331730757024,2.564034542750844
mus304,2.807352291247029,2.653201930139435,2.6453775255573992,2.979599159610247,2.4376198370588873,2.893205940682696,3.0601570250072436,2.812663822773416,2.7109467537696124,2.7791450230313326,2.7981826737390336,3.434488998131671,3.474513069707536,2.974363073737046,3.365943852291622,3.247545134463169,3.0001571475894226,3.265864297787524,2.422867848778538,2.8973405027750667
h,3.888775491632612,3.717762855820278,3.7505058197005434,3.775368625959554,3.7145983963825264,3.69867858940717,3.440607758155383,3.4199893036677937,3.67932535897215,2.9750739174563945,4.379356791321098,4.529521746729113,4.476139936062341,3.5489457964622106,4.210748060892183,3.4348181902634507,3.8681560886459216,4.8038012770080645,3.1471366240876777,3.655243197161795
otp,1.8227195633302862,1.7211772311393687,2.1279931593625956,2.1504497333480748,2.6635664437895192,2.3425263768098405,2.2118244293597,1.499336451848424,2.7109467537696124,1.0090204710524096,3.610048348675761,3.258595115843803,3.2320102516938927,0.9891068335524282,3.166241233455302,2.7166646376127206,3.622794440472005,2.7801630215764614,0.9980646803390514,2.7980912473700217
hydra,2.2667275009174626,2.2010435622292666,2.1935593238688242,2.216206374098141,2.3306986666296408,2.1568181233580663,2.146104310592787,2.6214236868391008,1.835188738408249,2.331710370123586,1.4873852057856694,2.8721687978780883,1.8267539989788295,3.1335276629677447,2.582703007183663,2.5925310664368366,2.434666718994895,2.9694917494840705,3.2181702320478487,2.4226344738653163
CG4238,2.5731378523188053,2.6119462072699386,2.367839268742325,2.1504497333480748,2.7032176997112947,2.546265965914539,2.3315736970771606,2.5333571372940926,2.280052586808004,2.2119592318081,2.2579821530958535,2.773074838645633,2.7015731390041497,2.974363073737046,2.8170816166839887,2.8270767034685633,2.700198539256746,3.0522165026913655,2.798331730757024,3.070424566851899
toc,3.3559519243580023,3.5676520452901843,3.323113401870019,3.2162185332919853,3.256317000215423,3.150288778564379,3.0601570250072436,3.4008407181365405,3.3080429434638714,3.343060936717191,3.5626097976145084,3.536620116727022,3.2983677831785143,4.202667303870394,3.0897058493183422,3.1764226635873296,3.752981755600424,3.7996325826415376,3.818562084799556,3.8552381089772845
Gasz,2.528155218526035,2.523948383849738,2.2550898136665025,1.9224188109830633,1.5000519357668902,2.1568181233580663,0.7709255168467327,2.27179496484787,1.835188738408249,2.2119592318081,2.4227231975571915,2.8721687978780883,1.8267539989788295,2.409912857932622,2.2760106989977658,2.8270767034685633,2.810487769568667,2.0439092881688388,2.9878658082239617,3.1468915469046133
CG31467,2.528155218526035,2.803056385013551,2.6453775255573992,2.627739921952991,2.7780940374862757,2.010580885144312,2.6231766733157604,2.329867192959735,2.4946737757512327,2.7791450230313326,3.218017860061118,2.962322424455575,3.0015573893316985,2.6748831796801067,3.166241233455302,2.4507749884369465,3.1595234111443444,2.405240888818788,3.4052373737550425,2.7980912473700217
Pex7,3.8153341307354647,4.187370027319033,4.058849759036347,4.159582090873578,4.215630126436118,4.579101742643036,3.9971219482813494,4.106239570673106,4.472799866123929,4.079181817783142,5.207034816781499,4.286394156172781,4.966386391625084,4.202667303870394,4.947369532031081,5.139071290463006,3.8681560886459216,4.702404956194026,4.721589635929327,4.70597074939
CG10657,2.2667275009174626,2.4768642473406546,2.1279931593625956,2.4429954065819075,2.622277818660021,2.6757526322560863,2.0000889568362448,2.662709604795126,2.78586297091255,2.6646089814868557,2.5641244049158574,3.192344364675497,3.160934451559357,3.05710870219364,3.166241233455302,2.9265010732095815,2.2697187528687217,2.405240888818788,3.3466855358987697,3.346438467641837
Bili,2.431622964327187,2.4768642473406546,1.9007284413946437,1.8331779807313653,2.27262108152421,2.3974829309982577,2.0000889568362448,2.486233665647216,2.541832365610607,2.2736262728108674,2.5641244049158574,2.539451461142333,3.2983677831785143,2.6748831796801067,3.0068236936031605,2.8270767034685633,1.825517748089192,2.7801630215764614,2.798331730757024,2.6878951386641385
neo,2.48105344895956,2.7676450538647064,2.057824543730704,2.492478443891713,2.487078108387754,2.591317064165632,2.0757593300000474,2.436779278989847,2.78586297091255,2.2119592318081,3.1469847198641028,2.234055194870366,2.577581791130957,2.6748831796801067,3.0897058493183422,3.3139433420373123,3.083011626214278,3.0522165026913655,3.070668769377403,2.4226344738653163
nab,2.841561729276509,2.653201930139435,2.6453775255573992,3.1682627406774246,2.8477523486226,2.753610615109525,2.3864676503179973,2.0741063951256176,2.821316395494381,3.087169291113313,3.6553380378158082,2.773074838645633,3.2983677831785143,2.8841478881592733,3.424535266773348,2.8270767034685633,3.711441088232122,3.4418048834483272,3.4605496991445994,2.564034542750844
CG9016,1.4949493521468364,2.6119462072699386,2.419779484136469,2.3909357460908187,2.1452484743018636,2.086370291932408,2.3315736970771606,1.499336451848424,2.586866818296162,2.0758917165416793,2.2579821530958535,1.4667359509356888,3.6242286556367738,2.974363073737046,3.4798829081964224,3.885432380717168,3.0001571475894226,1.7984950072786516,2.9878658082239617,2.7980912473700217
CG34031,2.9376831553759297,3.075466307752766,2.8623850266384623,3.091720286003641,2.880842547493,2.7903784200916886,2.7041220258858796,2.436779278989847,2.78586297091255,2.8488080186439335,3.1469847198641028,2.234055194870366,3.5269485966067684,3.204519080327228,3.6296222985001436,3.247545134463169,3.5255183993621197,3.4941861124160205,3.070668769377403,3.346438467641837
CG30467,2.807352291247029,2.7676450538647064,2.469154597388299,2.492478443891713,2.3855875887517364,2.4495759493422873,2.3315736970771606,2.5783595635848497,2.541832365610607,2.580246416472255,3.0705174072606383,2.234055194870366,2.577581791130957,2.974363073737046,3.0897058493183422,2.9265010732095815,2.9098125433896946,2.240807137863091,3.3466855358987697,2.8973405027750667
CG13305,2.139447131458538,2.4768642473406546,1.4848854934590927,1.2044699265191308,2.074911756763006,1.5102386523795621,1.8290468011566146,2.1444352545795513,2.3931099462550676,2.0002198505608804,3.3465323976218184,1.7921915843680407,2.577581791130957,3.05710870219364,3.166241233455302,3.8484817003496765,2.2697187528687217,2.240807137863091,2.798331730757024,3.284244497957053
cwo,3.487635434685009,3.5006730046854075,3.323113401870019,3.0088298377044023,3.3419799454193755,3.312678843560166,3.342914907817998,3.0583554335030243,3.484247880496869,3.2116421297266693,3.780064256305908,3.258595115843803,3.7544207714651328,4.067663125009573,3.5323271806427323,4.082361732218191,3.575338782371699,3.5913726686230802,3.6554926606204723,3.8552381089772845
CG3520,2.7352087957918525,2.803056385013551,2.9253836341290445,2.627739921952991,2.4376198370588873,2.7154391655603374,2.487966775469159,2.702358364022013,2.821316395494381,3.0326914542360477,3.2843382079816315,2.962322424455575,3.2983677831785143,3.05710870219364,3.0068236936031605,2.8270767034685633,3.083011626214278,2.9694917494840705,2.9878658082239617,3.2179244001561185
CG4702,3.1805813841532196,3.5676520452901843,3.509674108189071,2.669045804497014,2.3855875887517364,2.7154391655603374,3.421817812303986,2.812663822773416,3.011104907039362,3.2116421297266693,4.379356791321098,3.7140779389422645,4.036232142838268,2.409912857932622,3.7182847861280424,3.247545134463169,3.7928654009636458,3.6366391501372735,2.6881338046419536,3.9906532829119277
CG32436,2.5731378523188053,2.8703255850487865,2.9554545473661262,2.7087129757904163,2.4376198370588873,2.3974829309982577,2.7041220258858796,2.662709604795126,2.78586297091255,2.4881055773592275,3.218017860061118,2.663070175995755,3.0015573893316985,2.784979539662915,3.166241233455302,3.0169280589040413,2.810487769568667,2.9694917494840705,3.2181702320478487,3.284244497957053
CG32483,2.379621469975289,2.568914935526375,2.419779484136469,2.277904576484745,1.8282332647398079,1.8392339837806118,2.0757593300000474,2.0741063951256176,2.445180708631344,2.2119592318081,3.0705174072606383,2.663070175995755,2.91120585418963,2.6748831796801067,2.582703007183663,2.8270767034685633,1.825517748089192,2.405240888818788,2.2581242836773248,2.6878951386641385
CG12133,2.431622964327187,2.1354139766637106,2.367839268742325,2.1504497333480748,2.5342051070671086,1.016644758851741,2.2734904791291575,2.2101413028328234,1.6284606518044444,1.918349503533652,2.2579821530958535,2.8721687978780883,2.4360112259820355,2.784979539662915,2.4410685817120843,2.8270767034685633,2.9098125433896946,2.670103630956601,2.0607816087353927,2.6878951386641385
CG16758,3.634876724869822,2.9023360006780057,3.323113401870019,3.8526141037838393,3.6859115669358635,3.199437787921226,3.5464865221946535,3.4931149099681096,3.4288923594327883,3.5125710263754955,3.818406844598446,3.829148643031287,5.163582252084458,4.4278691186128425,4.157504681643273,3.9210662219277443,4.655103950452094,3.7613066287827914,3.6554926606204723,3.2179244001561185
Blimp-1,3.522280201882741,3.5513231522672197,3.382824037257115,3.3269189383158366,3.594556100646713,3.199437787921226,2.9448270210543215,2.91200175599703,3.349969918396001,3.2347799257243035,3.740192694355258,3.584023054635906,4.20528946595666,3.726463342914871,3.759832406572313,4.020929014630525,4.094368169833269,3.8721407763478126,3.070668769377403,2.987622631369461
spri,2.6161838512403257,2.653201930139435,3.1681325263781672,2.627739921952991,2.7413565131940403,2.3974829309982577,2.5801065076643765,2.662709604795126,2.7491062532915342,2.6646089814868557,3.610048348675761,3.320728098042987,3.5269485966067684,3.05710870219364,3.424535266773348,3.099851812655767,3.2305949232346767,3.199593712929335,2.897582460140195,2.4226344738653163
CG13101,2.9376831553759297,3.4473199061811646,3.3023903778933703,3.28409782532656,3.808978544761451,3.3338657305501123,3.5464865221946535,3.4753286871389255,3.1705551950332103,3.3011447557292635,3.855333405891442,3.7140779389422645,3.869598860665532,4.25194791515727,4.129780749135658,3.099851812655767,3.752981755600424,4.172030064118227,3.56276402173812,4.081394009393981
disco-r,2.9677745951830232,3.8482535999281597,3.4207380724980068,3.4997182732731633,3.834385387109918,3.2910333381671193,3.4026680323343625,2.9731365665896434,3.329226148740862,3.5795739093207612,4.109994792595183,3.792243662438341,3.869598860665532,3.8771684019030968,4.261299316712026,3.5426452916674926,3.8681560886459216,3.836543715352682,3.6102027813755497,4.021824075755069
Tep4,3.131473147361674,3.3105015177839667,3.323113401870019,3.3269189383158366,2.974010545446104,3.0440904563578517,3.2572488981577576,2.9731365665896434,2.9207063699568465,3.2573944486867514,3.6553380378158082,3.8991079930762176,3.7544207714651328,3.684950043547828,3.9450512131666104,3.3139433420373123,4.003606415581566,3.1286176595400272,3.1471366240876777,3.5625152015290515
Kaz-m1,4.595202034411477,4.584836115653896,4.445275389062292,4.159582090873578,4.359047125423763,4.4842143871403,4.352553554499723,4.304781607330215,4.16193779954937,4.190695860689827,4.999216136672631,4.961025789158564,4.303951298516901,4.808893510798249,4.995821445374571,5.0859047037609715,4.550799868162844,4.67144041659822,3.9909046328561817,4.794807653366085
CG13912,3.876903738931855,4.169785997204413,4.106817257716024,3.8147370374912564,3.671253531170745,3.795706512503134,4.145583871349752,3.4008407181365405,3.618432064511578,3.5125710263754955,4.335474567333823,4.0551888322828145,4.095817171391391,4.542078621596011,4.6284761730485,4.365817993026157,3.971424731273156,4.462330967648975,3.891100300251634,4.16458149362078
exex,3.131473147361674,3.331230871017916,3.4391693168221167,3.117890837196664,2.9128727664322813,3.150288778564379,3.211496851975098,3.32035449822661,3.2416600706755268,3.2573944486867514,3.740192694355258,3.4868578368251013,3.419175169124266,3.8415674779081286,3.9106507341469503,3.6399690715458477,3.575338782371699,3.4418048834483272,3.1471366240876777,3.5625152015290515
stl,2.6970865062416087,2.9926432470376323,2.367839268742325,2.949488254791189,2.5342051070671086,2.546265965914539,2.7790030457057218,2.5333571372940926,2.7109467537696124,2.6646089814868557,3.218017860061118,3.045016268357781,2.577581791130957,3.4467751806861107,3.2373331062712083,3.3139433420373123,3.083011626214278,3.0522165026913655,2.9878658082239617,3.070424566851899
B-H1,2.3247667711735636,2.262629900360286,1.9007284413946437,2.277904576484745,2.2109613811367756,2.222628000228277,2.487966775469159,2.2101413028328234,1.6284606518044444,2.4881055773592275,3.218017860061118,2.539451461142333,2.577581791130957,3.332965263676102,3.7182847861280424,2.5925310664368366,3.575338782371699,3.265864297787524,3.2181702320478487,2.987622631369461
CG7841,3.5881643948706983,3.6603932881980397,3.4207380724980068,3.58420931922583,3.594556100646713,3.4143908631891193,3.3221765341011085,3.4199893036677937,3.536699227345444,3.5956459333205855,4.137709791777379,3.7539243413802663,3.5269485966067684,4.008107765259624,4.35532649518727,3.6399690715458477,3.7928654009636458,4.14577851190573,3.5129622632848805,3.5625152015290515
CG42747,2.5731378523188053,2.375473180505267,2.6453775255573992,2.669045804497014,2.7032176997112947,2.753610615109525,2.7790030457057218,2.436779278989847,2.541832365610607,2.9139325302428487,3.218017860061118,3.434488998131671,2.811872701835794,3.684950043547828,3.759832406572313,2.8270767034685633,3.2969487172773237,3.3280147237054956,2.5642709120345955,3.1468915469046133
mtg,2.431622964327187,2.523948383849738,2.2550898136665025,2.277904576484745,2.3306986666296408,2.4990891226008625,2.5801065076643765,2.486233665647216,2.586866818296162,2.3866051087868754,2.0606430985953414,3.045016268357781,2.91120585418963,2.551148623608964,3.2373331062712083,2.7166646376127206,2.810487769568667,2.5464157811649155,2.6881338046419536,2.7980912473700217
CG9578,3.41452290036392,3.410101114827523,3.606905249498416,3.58420931922583,3.742485188837639,3.4889121572997728,3.3009989557763864,3.32035449822661,3.4476867347895257,3.642367936064848,3.460395959514602,4.0836810405870025,3.869598860665532,3.7663217597233123,4.157504681643273,3.885432380717168,3.8681560886459216,3.7613066287827914,3.958730719863053,3.8552381089772845
Damm,2.2667275009174626,2.262629900360286,2.057824543730704,1.9224188109830633,2.3306986666296408,2.010580885144312,2.146104310592787,2.27179496484787,1.5064917729309053,2.1462379871421238,2.0606430985953414,2.663070175995755,2.91120585418963,2.6748831796801067,3.0897058493183422,2.8270767034685633,2.2697187528687217,2.5464157811649155,2.798331730757024,2.564034542750844
Zasp52,3.634876724869822,3.7587284094492426,3.922164774191649,3.647011420711987,3.6859115669358635,3.69867858940717,3.657321642656973,3.8459493794385384,3.4661343880096362,3.611463727959484,4.312789552925147,3.9956468870976005,4.005053085545771,4.096161475310708,3.759832406572313,3.885432380717168,4.25438402827917,4.270643783817602,4.137865984801861,3.609953624640489
CG3556,2.6161838512403257,2.375473180505267,2.604146867494091,2.9184424601797216,3.0316248780546298,3.1247776928985185,2.9448270210543215,2.5333571372940926,2.8886615625543803,2.74240489354698,3.3465323976218184,3.320728098042987,3.474513069707536,3.6416384683762497,2.4410685817120843,3.099851812655767,3.668099721416647,3.3280147237054956,3.3466855358987697,3.284244497957053
Atg7,2.139447131458538,2.4768642473406546,2.057824543730704,2.627739921952991,2.579210749966514,2.4495759493422873,2.487966775469159,2.5783595635848497,2.280052586808004,1.918349503533652,2.6879858740439926,2.663070175995755,2.91120585418963,3.1335276629677447,2.582703007183663,2.8270767034685633,3.0001571475894226,2.5464157811649155,2.798331730757024,2.6878951386641385
Lim1,3.9235678413986506,3.8604129132928504,3.789851425484149,3.761893706423302,3.808978544761451,3.821783347183541,3.809926291259415,3.6703559138290336,3.5865359989332437,3.6723456355798687,4.137709791777379,4.0551888322828145,4.124329105433741,4.365468603433407,3.9106507341469503,4.020929014630525,3.8681560886459216,4.381634194888411,4.573983555285691,4.312693499465215
CG6865,2.06916661059266,2.2010435622292666,2.1279931593625956,2.0800629058167885,2.27262108152421,2.825842159527402,2.5801065076643765,2.2101413028328234,1.7371572723000828,1.918349503533652,2.7981826737390336,2.39836666187546,2.7015731390041497,2.6748831796801067,2.582703007183663,3.0169280589040413,2.072082418952996,2.670103630956601,2.798331730757024,3.2179244001561185
pug,3.293735781403851,3.0486136499767023,3.1438931651688207,3.1433939214938085,3.2337034642475224,3.199437787921226,3.2346345084645245,2.9430362716913736,3.0395086663026847,3.163695751747747,3.5626097976145084,3.7539243413802663,3.474513069707536,3.5963657395817763,3.0068236936031605,3.770213423275469,3.2969487172773237,3.4941861124160205,3.4605496991445994,4.052052549128845
mei-9,3.7631945646060037,3.772018966373286,3.6955146137255097,3.7482347304620296,3.6859115669358635,3.684015735924424,3.796976351728253,3.685013608423828,3.7226791277931826,3.860259669969463,4.241473096578781,4.415328702500639,3.9052209863559777,3.91154534996038,4.129780749135658,4.167966488558826,4.094368169833269,3.939745099976009,4.11015091443652,4.16458149362078
CG15152,2.807352291247029,2.523948383849738,2.5162060881589277,2.33601631753163,3.0032325807903275,2.7903784200916886,2.6231766733157604,1.998454677244234,2.586866818296162,2.535236863495771,3.2843382079816315,3.792243662438341,2.2710401179786364,2.784979539662915,3.0068236936031605,3.3762059965082556,3.083011626214278,3.0522165026913655,2.897582460140195,3.609953624640489
Dic1,2.139447131458538,1.7211772311393687,2.1935593238688242,2.3909357460908187,1.9173935395972794,2.086370291932408,2.2118244293597,1.9166079156743612,1.9244622107304932,2.331710370123586,2.6879858740439926,2.663070175995755,2.811872701835794,1.8027810866878684,2.7067433187915024,2.7166646376127206,2.700198539256746,2.7801630215764614,2.422867848778538,3.070424566851899
CG8199,3.0253700685760725,2.8372565215717764,3.067436903370251,2.7836176991901844,3.0592332587618287,2.9252591744750136,2.742263267996461,2.486233665647216,2.6299602672184483,3.1133342355602367,3.460395959514602,3.1213910622462957,3.2320102516938927,2.6748831796801067,3.3037046463729554,3.8101131068390917,3.1595234111443444,3.4418048834483272,3.3466855358987697,3.284244497957053
CG16926,2.2051109872943413,1.4914040868375442,2.313052755171002,1.626537661559604,2.074911756763006,2.086370291932408,2.2734904791291575,1.1997069666156102,1.6284606518044444,2.4881055773592275,2.0606430985953414,2.539451461142333,2.577581791130957,2.2453964684871117,2.8170816166839887,3.4901843729240327,2.810487769568667,2.9694917494840705,2.6881338046419536,2.4226344738653163
CG34194,3.634876724869822,3.1519513023543686,4.125378029645614,3.6161033019634865,3.4017310826465796,3.394859286511647,3.9309613652868363,2.9430362716913736,3.19482294479461,3.953653238838219,4.421394043597877,4.511372325767849,4.5149229670853375,4.386704374251136,4.756503004630176,4.811121244949028,4.532306937108532,4.747125012967232,3.9909046328561817,4.481215249832379
PGAP2,3.2721060912784066,3.1761993235472805,2.8943803514342545,3.28409782532656,3.3622962733751134,2.95631682746746,3.1131895878989386,3.32035449822661,3.011104907039362,3.52974730609785,3.740192694355258,3.584023054635906,3.972870522364582,3.5963657395817763,3.838082150700483,3.7286553568775935,3.5255183993621197,3.679945007601615,3.070668769377403,3.740097648926004
SP2353,1.7249334633303914,1.7211772311393687,1.9823582237443096,1.626537661559604,2.074911756763006,2.086370291932408,1.9182203573428027,1.729580530146714,2.082157305399267,1.6227088331035469,2.897432489559394,2.962322424455575,3.0844176966351644,3.204519080327228,2.4410685817120843,3.0169280589040413,2.5762202516613,2.879301380243175,1.81467465183463,2.7980912473700217
pyx,2.807352291247029,3.199873270901726,2.9554545473661262,3.0088298377044023,2.974010545446104,2.9864388870504732,2.7790030457057218,3.136878888202855,3.011104907039362,3.163695751747747,3.6986651352836772,3.4868578368251013,3.6242286556367738,3.6416384683762497,3.365943852291622,3.5426452916674926,3.083011626214278,3.3280147237054956,2.9878658082239617,3.4603016606387027
bbg,3.3953778986999064,3.410101114827523,3.1681325263781672,3.691653009816267,3.70035784490516,3.541371029534274,3.6268878599393166,3.4008407181365405,3.4097379786541646,3.4773072226525517,3.925331541653583,4.190165403498237,4.230882405669176,3.7663217597233123,4.010493406126805,4.082361732218191,4.034784647959862,3.543959579502909,3.6988199320715727,3.609953624640489
Hsp70Bc,3.3559519243580023,3.4473199061811646,3.4391693168221167,3.5512645030828023,3.511483859000255,3.5067059768909354,3.5954987106208534,3.4753286871389255,3.67932535897215,3.4219642469849685,3.925331541653583,4.215104545301744,4.066468388431913,3.8771684019030968,3.7997224612553557,3.7286553568775935,3.9381728499887454,3.5913726686230802,3.958730719863053,3.5127138139695324
nolo,1.6165384743128886,2.2010435622292666,2.1935593238688242,2.0800629058167885,2.5342051070671086,2.2843730657916375,2.4385044195492784,2.27179496484787,2.3931099462550676,2.2736262728108674,3.0705174072606383,3.8647399821649255,3.3605946709313876,3.5963657395817763,3.582157565633591,3.3762059965082556,3.0001571475894226,3.0522165026913655,3.070668769377403,2.0605581420357564
Hsp26,4.790315412843182,4.746702534886689,4.528519575481626,4.51613014442865,4.630409513102391,4.671279383741789,4.702351445487996,4.726491007212597,4.660994488368428,4.445480097552804,5.139102823551099,4.949274729673548,5.4322546077490665,4.996728161930057,4.678426437358462,4.906998179749851,5.035064773008936,5.025303777958549,5.288256978749609,4.902172407094392
CG11168,3.7631945646060037,3.7037260599572153,3.6955146137255097,3.5343759379701307,3.728638998609553,3.7131295468763055,3.579426753932286,3.685013608423828,3.349969918396001,3.4028143714540464,3.818406844598446,4.025860949647993,4.280183328019225,3.684950043547828,3.8750245729453816,3.988736889621181,4.003606415581566,3.8721407763478126,4.137865984801861,3.925236105418623
CG1572,2.6161838512403257,2.568914935526375,2.5162060881589277,2.3909357460908187,2.3855875887517364,2.3425263768098405,2.3864676503179973,1.6210704474493718,2.280052586808004,2.0758917165416793,2.7981826737390336,3.045016268357781,3.0015573893316985,3.05710870219364,2.9164461775004784,2.5925310664368366,2.700198539256746,2.670103630956601,2.798331730757024,2.6878951386641385
Ance-2,2.3247667711735636,1.9896223533996111,2.2550898136665025,1.9224188109830633,1.730338297163603,1.7411235583213271,1.8290468011566146,1.3607022078688864,2.152564432682077,1.500922619510809,2.7981826737390336,3.192344364675497,2.577581791130957,3.05710870219364,3.166241233455302,2.7166646376127206,2.9098125433896946,2.240807137863091,3.1471366240876777,2.2578949756482216
moody,3.052969789882333,2.6928228410207975,2.795149157676289,2.9184424601797216,2.622277818660021,2.95631682746746,2.8817574357898743,2.384751330294976,2.4946737757512327,2.6646089814868557,3.1469847198641028,3.434488998131671,3.2320102516938927,3.3914884362717426,3.365943852291622,3.099851812655767,3.0001571475894226,3.1286176595400272,3.4052373737550425,3.4603016606387027
LManI,2.841561729276509,2.4768642473406546,2.419779484136469,2.627739921952991,2.7413565131940403,2.753610615109525,2.7790030457057218,2.27179496484787,2.280052586808004,2.1462379871421238,2.897432489559394,2.962322424455575,3.0015573893316985,2.974363073737046,2.9164461775004784,2.5925310664368366,2.810487769568667,2.670103630956601,2.9878658082239617,3.2179244001561185
TwdlT,2.7719309879732763,3.245603363162933,3.067436903370251,3.261979424738054,3.278430452006903,3.150288778564379,3.494947775211051,3.136878888202855,3.1201780953421006,3.2347799257243035,3.0705174072606383,3.7539243413802663,3.576771086213283,3.91154534996038,3.6749358502180756,4.111718466918006,3.622794440472005,4.091112886469754,4.265971257772825,3.655243197161795
CG7560,2.996986929398768,3.199873270901726,2.8293320685093217,2.9184424601797216,3.3419799454193755,3.312678843560166,3.512424163554862,2.777230248739782,3.2642808769026015,3.1133342355602367,3.6553380378158082,3.434488998131671,3.474513069707536,3.5489457964622106,3.7182847861280424,3.9210662219277443,4.122879414062583,3.8721407763478126,3.891100300251634,3.346438467641837
Gbs-76A,3.2273904689512136,3.390959026519215,3.2812288061316437,3.0088298377044023,3.4208802504444633,3.3546130307336206,3.2346345084645245,3.0023572459525663,3.2642808769026015,3.3011447557292635,3.3465323976218184,3.672577672289281,3.5269485966067684,3.684950043547828,3.424535266773348,3.770213423275469,3.8312191634597785,3.721453054235708,3.740347650972091,3.5625152015290515
CG15236,2.431622964327187,1.9896223533996111,2.2550898136665025,2.004344104605834,2.1452484743018636,2.4495759493422873,2.487966775469159,2.740494867660397,2.4946737757512327,2.0002198505608804,3.460395959514602,3.320728098042987,2.811872701835794,3.05710870219364,2.9164461775004784,2.7166646376127206,3.1595234111443444,2.7801630215764614,2.897582460140195,3.2179244001561185
CG42450,3.6039788640732526,3.199873270901726,3.526550085862115,3.5678725751331375,3.3000654600172505,3.312678843560166,3.3009989557763864,3.4753286871389255,3.329226148740862,3.3633780613140782,3.958575023761785,3.7539243413802663,3.8326607776525816,3.944779693922781,3.6296222985001436,3.8484817003496765,4.177573324556287,3.679945007601615,4.216680487202001,3.740097648926004
hdc,5.300691465435031,5.343871169420484,5.340959993307855,5.088302052384763,5.405746347567397,5.270132115824341,5.479567221196988,5.356784927465481,5.3494019276830205,5.361547566066786,5.539252249802177,5.656508514061654,5.5055069690319085,5.564827260906058,5.770823701717987,5.56311946613296,5.910501709140588,5.585257717262549,5.956953038564213,5.829217153715117
CG11382,3.2042597878537524,3.0210199831553513,3.237512908280378,2.88640185712728,3.0316248780546298,2.9864388870504732,3.0870248218543264,3.085220879081664,3.094004739358557,2.7042632723085758,3.740192694355258,3.434488998131671,3.419175169124266,3.4991647757615425,3.6749358502180756,3.6852950493319807,4.003606415581566,3.543959579502909,4.44192490340125,3.779969120495141
amd,3.131473147361674,3.351539230329271,3.067436903370251,3.261979424738054,3.4396696069143258,3.3546130307336206,3.2572488981577576,3.4199893036677937,3.19482294479461,3.4028143714540464,3.740192694355258,3.829148643031287,4.036232142838268,3.684950043547828,3.6296222985001436,3.8484817003496765,4.474683170899522,3.8721407763478126,3.56276402173812,3.779969120495141
CG7702,2.906658052931332,2.803056385013551,2.604146867494091,3.1433939214938085,2.8477523486226,2.634425754253086,3.032547371747313,2.5783595635848497,2.541832365610607,3.163695751747747,3.2843382079816315,3.045016268357781,3.6695356785798907,3.5489457964622106,3.166241233455302,3.3762059965082556,3.668099721416647,3.5913726686230802,3.2844909876995745,3.1468915469046133
CG6231,4.710565917362093,4.679750885520405,4.738356235599032,4.788195926306743,4.815816649605457,4.682226354347069,4.738583257871686,4.640750908247236,4.598191682088538,4.71298805345056,5.0553577710999535,4.984121586910457,5.258372190380606,5.073611292410732,5.007576297961598,4.957921673146149,5.335155231707573,5.120016543847168,5.044536469698454,4.9396374963277205
ppk21,3.2042597878537524,2.9926432470376323,2.5162060881589277,3.0648463888896824,2.7032176997112947,2.860091177762125,2.9749302676162452,3.232818716685279,2.9818707297831852,2.9449704347368844,3.0705174072606383,3.320728098042987,3.939617702775574,3.4467751806861107,3.7997224612553557,3.885432380717168,3.7928654009636458,3.7996325826415376,3.891100300251634,3.8183116252058884
CG42663,3.749723544384989,3.53472319418169,3.6955146137255097,3.734386600241429,3.511483859000255,3.5067059768909354,3.4590511437813474,3.8582610496318335,3.664446119116077,3.6270352110214685,4.081489723432384,3.8647399821649255,4.066468388431913,3.8771684019030968,3.8750245729453816,4.221218445252168,4.122879414062583,4.270643783817602,4.052304180981744,4.109899032364495
CG13033,1.1957613227520743,1.1925740774268254,3.9444480231308625,3.517197242323101,1.8282332647398079,1.3711407982975556,2.9448270210543215,1.1997069666156102,1.835188738408249,1.6227088331035469,4.500511903136711,4.025860949647993,4.20528946595666,5.019304490713521,4.010493406126805,3.6399690715458477,4.550799868162844,4.2468869738089134,3.6988199320715727,4.736468396783278
Six4,4.437877235628044,4.433358891425659,4.540732928321455,4.303638828068389,4.484451966806161,4.318607966327204,4.258529936357469,4.206118595708883,4.66651299285546,4.079181817783142,4.379356791321098,4.913169589866825,5.133299972295563,5.396115980677588,5.096949135462781,4.982442868163775,5.089977617558066,5.047139857293305,5.139260619014266,5.066120801073691
whd,3.3559519243580023,3.222999699425228,3.323113401870019,3.1433939214938085,3.3000654600172505,3.2689089194371905,3.4771605218674844,3.085220879081664,3.3902095308911453,3.1133342355602367,3.460395959514602,3.672577672289281,3.712878639615523,3.804652191676669,3.6296222985001436,3.592490704390497,4.003606415581566,3.7613066287827914,3.5129622632848805,3.655243197161795
CG2076,4.226142392521632,4.440150434958286,4.497317204292527,4.334718204909806,4.297829996094776,4.237063730695484,4.478840863906202,4.248417221364223,4.403668131935621,4.360153402275637,4.674610107444115,4.529521746729113,4.87780541959858,4.722623393571895,4.741367763998406,4.511708747965996,4.532306937108532,4.895856295070551,4.780792736417851,4.7660633983644445
mab-21,3.736068574975232,4.096184496590842,3.9980760166319875,3.8017856810279107,3.834385387109918,3.394859286511647,3.986394708239064,3.727740073667089,3.8424888084539885,3.642367936064848,4.591345003096075,4.5820735284415814,4.372042760431818,4.275706445574295,4.461646275314408,4.194946896391557,4.43433580670156,4.500361853963699,4.400753071092724,4.481215249832379
CG34224,6.756276328425145,6.962060440985206,6.835509446557793,6.7366871921145925,6.816388833322278,6.539388008526077,6.8350039034437575,6.6232716964307805,6.79497632834777,6.881541058380019,7.441432125330626,7.026944864091002,7.136879237730031,7.199345807602082,6.961081208888938,7.0358675770487675,7.250179280423048,7.251822681380459,7.239710384027744,7.074093802927531
CG15696,2.996986929398768,3.0210199831553513,2.1279931593625956,4.023068447773664,1.730338297163603,2.7903784200916886,0.7709255168467327,3.185998917790842,2.95175611185819,1.7312603926815755,5.066217544823209,5.45726090675205,5.409190040670637,4.780955660398927,4.756503004630176,4.796642125558155,4.7034410155915785,4.84429527682857,4.780792736417851,4.052052549128845
dmrt99B,2.7719309879732763,3.1519513023543686,3.0935772401477424,2.8533005753033613,2.5342051070671086,2.6757526322560863,2.5801065076643765,2.6214236868391008,2.95175611185819,2.580246416472255,3.218017860061118,4.025860949647993,3.712878639615523,3.270803058613598,3.424535266773348,3.6852950493319807,3.8312191634597785,4.118819194011504,3.6102027813755497,3.4049897927844
ras,4.583487809774183,4.64727039237378,4.723300035961944,4.743459761824928,4.636052130607172,4.693054785266421,4.681042479839658,4.600796905193352,4.549904892659979,4.602818085749145,4.876489054513858,5.0922184461749875,5.2215272680478435,4.973630346613041,5.096949135462781,5.237608914385039,4.915270511510411,5.1972786302722165,5.044536469698454,5.128913495173904
CG6465,2.379621469975289,3.0210199831553513,2.5162060881589277,2.746866513290928,2.579210749966514,2.860091177762125,2.5801065076643765,2.6214236868391008,2.7491062532915342,2.580246416472255,2.897432489559394,3.258595115843803,3.419175169124266,3.332965263676102,3.3037046463729554,3.247545134463169,3.2305949232346767,3.6366391501372735,2.9878658082239617,3.346438467641837
CG13217,2.379621469975289,2.730933579707621,2.9253836341290445,2.979599159610247,2.880842547493,2.4990891226008625,2.9749302676162452,2.91200175599703,2.4946737757512327,2.43864258378876,3.512808269038327,3.258595115843803,3.7544207714651328,3.332965263676102,3.582157565633591,3.5426452916674926,3.8312191634597785,3.265864297787524,3.6554926606204723,3.1468915469046133
Fer1,3.934901391642049,4.160876656971886,4.1161407058445265,3.93578450396693,4.336527571096385,4.009024584084951,4.163812341341465,3.9952664134022604,4.0663623139225935,3.860259669969463,4.573826466963603,4.286394156172781,4.656563485212609,4.594637368699994,4.741367763998406,4.751902729732383,4.687586857654924,4.40242705126072,4.902426588256824,4.674513658014691
Dll,3.249998195154954,2.8703255850487865,3.040594865659015,2.7836176991901844,3.2337034642475224,2.634425754253086,2.742263267996461,2.8468847060733915,2.4946737757512327,2.881900331034817,3.5626097976145084,3.9956468870976005,3.8326607776525816,3.7663217597233123,3.838082150700483,4.082361732218191,3.668099721416647,4.222552014953604,4.241629539256266,3.4049897927844
hig,3.293735781403851,2.9023360006780057,2.9253836341290445,3.037230293776689,2.974010545446104,3.3546130307336206,3.4026680323343625,3.136878888202855,3.011104907039362,3.0603013061473847,3.8909448161508506,3.9644914173920554,4.255836658697862,4.25194791515727,3.5323271806427323,4.6725793673526965,4.177573324556287,4.033285243942784,3.818562084799556,4.7660633983644445
eya,4.451415237050128,4.302493826088309,4.3471280915697585,4.4569852661110865,4.444372649081795,4.278666801120694,4.49193678269798,4.394578449102446,4.410800373248891,4.242111703207694,4.8500268330612215,4.972640363536848,4.929379580173467,4.611560501204636,4.869983668027607,4.906998179749851,4.988854508286961,4.732439420357256,4.751629248092203,5.148997735627728
Cpr35B,3.1805813841532196,2.523948383849738,2.057824543730704,2.004344104605834,2.2109613811367756,1.7411235583213271,1.7311358201289888,1.998454677244234,2.152564432682077,1.7312603926815755,3.8909448161508506,4.239436830116714,4.095817171391391,3.4467751806861107,3.582157565633591,4.388008492154228,4.976960403808294,3.543959579502909,3.6988199320715727,4.481215249832379
Aldh,2.9677745951830232,2.8703255850487865,2.5162060881589277,2.669045804497014,2.6635664437895192,2.546265965914539,2.742263267996461,2.436779278989847,2.8886615625543803,2.2119592318081,3.5626097976145084,3.8647399821649255,3.2983677831785143,3.332965263676102,3.424535266773348,4.082361732218191,3.711441088232122,3.7613066287827914,3.6988199320715727,3.609953624640489
CG5853,3.946107930668043,3.9304184559102557,3.976968664723567,3.8770912147572956,3.834385387109918,3.9428488573566574,3.9535047659048983,3.8208617587179385,3.9717629250766544,3.860259669969463,4.35765636621454,4.511372325767849,4.393747163749887,4.25194791515727,4.101266229942321,4.880529768171296,4.7034410155915785,4.462330967648975,4.591502119857925,4.658406077277057
CG8080,3.293735781403851,3.267707374459052,3.259609723152043,3.4453699375906566,2.943908811692672,3.2462839147489753,3.187811138556173,3.161740469844782,3.0671278846503474,2.9139325302428487,3.780064256305908,3.6292802833782294,3.7544207714651328,3.91154534996038,3.424535266773348,3.6852950493319807,3.4730852058703165,3.6366391501372735,3.6988199320715727,3.5625152015290515
Pde11,3.131473147361674,3.199873270901726,3.0935772401477424,3.261979424738054,3.1122634737291746,3.150288778564379,3.187811138556173,3.232818716685279,3.0395086663026847,3.0042976010262468,3.6553380378158082,3.584023054635906,3.474513069707536,3.8415674779081286,3.4798829081964224,3.6399690715458477,3.668099721416647,3.543959579502909,3.56276402173812,3.609953624640489
SpdS,4.6182266815701585,4.573053426303912,4.522356502503566,4.372256467212375,4.437533761742213,4.573048483655162,4.585043675843457,4.372873817719818,4.492640609220071,4.517774800837521,4.999216136672631,5.1224933054548,4.903924949798284,5.448330756926789,5.538887876250939,5.327301893927888,5.121533854924469,4.944888623838263,5.010857115640848,5.066120801073691
CG33099,5.027979689802993,4.9074196508322006,4.833323458265589,4.872077886241115,4.875134333100838,5.073619518715284,4.915193925958096,4.814903050264549,4.72008509116502,4.691903709721532,5.338706959995374,5.170999565450861,5.2851414806085595,5.396115980677588,5.545733831230689,5.492947823563095,5.326757202583421,5.215696175686831,5.159145199332096,5.279312822008383
disco,5.323436870748274,5.489074482743548,5.329993685501333,5.603133757058779,5.573312214221034,5.291078374884603,4.944580455900436,5.180854704514895,5.218927449725274,5.409464588658364,6.057897721955461,5.81762813292603,6.018941479800685,5.951592164872575,6.037070446606107,5.8240760489418415,6.15544390118449,5.9197550153883975,5.952510240759049,5.90670627253222
tal-3A,4.965638327488842,5.045847728244345,4.864540147955036,4.826347913704138,4.951858022842377,4.6146714234606465,4.8627163369193,5.022197331466403,4.814584540600111,4.738733310507306,5.814091984238833,5.391108794979246,5.685972187039077,5.497953911735774,5.743208656819149,5.409608046764668,5.430787514378262,5.375572119966076,5.610830436911433,5.88312960627547
CG2930,2.139447131458538,2.2010435622292666,1.9823582237443096,2.004344104605834,1.730338297163603,1.7411235583213271,2.0000889568362448,1.9166079156743612,1.9244622107304932,2.4881055773592275,3.6553380378158082,3.672577672289281,3.6695356785798907,3.05710870219364,3.582157565633591,3.4348181902634507,3.1595234111443444,2.5464157811649155,3.2844909876995745,3.2179244001561185
CG30460,3.9571902736989957,3.9852312002475134,3.8152472834421878,3.9912230407050204,3.769615360135025,3.541371029534274,3.783856508616589,4.047239779970913,3.63400652624861,3.784004444576814,4.421394043597877,4.474054346162497,4.349856804862946,4.386704374251136,4.481618089095788,4.430964721708092,4.4547129637242,4.14577851190573,4.357813059344378,4.357560255529146
CG8460,4.673570567573055,4.736689559595656,4.796411618191359,4.712483639312746,4.914231813138493,4.709080703252146,4.792992470587985,4.819592945407855,4.869972499069689,4.80748172627785,5.305254509258959,5.0922184461749875,5.3532091883818405,5.019304490713521,5.236378013921818,5.149373631008478,5.162117146414655,5.047139857293305,5.197766090213923,5.168686528598411
Msh6,5.66532818455695,5.579686921061062,5.683833050532717,5.734049078588833,5.7110435122151895,5.603835163616557,5.640368682942726,5.7422507171555806,5.713519886582098,5.658916625592382,6.149710945582358,6.015047069399884,6.1117217224709295,5.878697546329834,6.007416331943818,6.14693414007311,6.11409647993519,6.0818709849952,6.127694144605512,6.089350951582092
salr,2.139447131458538,2.523948383849738,2.6453775255573992,2.0800629058167885,2.487078108387754,2.753610615109525,2.5801065076643765,2.384751330294976,2.78586297091255,2.74240489354698,3.958575023761785,3.258595115843803,3.576771086213283,3.332965263676102,3.978307549223522,3.7286553568775935,4.034784647959862,3.265864297787524,3.7802193602571403,3.958479524699475
egr,4.890519979450984,4.957069443632854,5.011288962206024,4.969939594932773,5.0307249402437,5.066231253479272,4.981136977741222,5.063366993543108,4.939351757107987,4.906786938832719,5.483906914241712,5.464348124257694,5.369526036859281,5.308124059332099,5.414706333649534,5.401675663620977,5.460735193923617,5.277610719128031,5.338864923833198,5.39458711464944
CG8036,4.510165620463849,4.590675804084041,4.666069407543588,4.565918581561354,4.696106242636406,4.687655226599659,4.743653709402067,4.496551748244506,4.592281812859561,4.702501449250594,5.252879141615263,5.112503181338074,5.069837242420414,4.985245941423196,5.03067942207435,5.128661705873732,5.131835126010534,4.991628738230375,5.022210067823035,5.128913495173904
elB,4.061740902321793,4.169785997204413,4.09740606417108,4.033462139758612,4.25757442590963,3.859666296083695,3.8961637553821125,4.1528790376682805,4.180003673685846,4.028778722035451,4.780635342137983,4.739632140305481,5.047755296628136,4.862531330404295,4.501198827276181,4.530915663785449,4.779147299103624,5.047139857293305,4.9877570691337825,4.8088757662191846
Hmx,3.1563286878362367,2.730933579707621,2.9253836341290445,2.9184424601797216,3.0860998505256076,2.7154391655603374,2.742263267996461,2.8468847060733915,3.1705551950332103,3.3011447557292635,4.109994792595183,4.3529380062028915,4.036232142838268,4.467406111999121,4.285647870975209,3.770213423275469,3.7928654009636458,4.2468869738089134,4.11015091443652,4.052052549128845
NK7.1,2.874639489025171,3.0210199831553513,3.1917982188957605,2.8533005753033613,3.3000654600172505,3.3546130307336206,3.3009989557763864,3.030748263149914,3.19482294479461,2.9139325302428487,4.137709791777379,3.829148643031287,3.869598860665532,4.321594342187486,4.18448068659853,3.8484817003496765,3.9381728499887454,4.062617011506683,4.081645769974017,3.609953624640489
cnc,4.437877235628044,4.780978874778836,4.873283096616119,4.565918581561354,4.727403916538327,5.051288919151289,4.893661928225874,4.640750908247236,4.568286752391591,4.707758497396048,5.859080711300722,5.668096150115673,5.732069826474272,5.924875480664901,5.834145262034692,5.792254296525444,5.8623173221975255,5.985253393004123,5.965779853714733,5.532402320942388
grn,4.7260114683370364,4.561130248205605,4.66070047561785,4.429532332410314,4.706648014364367,4.4573131062038795,4.579099115581898,4.496551748244506,4.632935699214316,4.573268820378199,5.197608241871698,5.006695988202784,5.15358970413965,5.484025346152563,5.342136109578272,5.19935096265395,5.247821648067894,5.242701690293154,5.087747312248164,5.066120801073691
mld,3.888775491632612,3.7316053443513963,3.910834136804239,3.5678725751331375,3.769615360135025,3.524188703926715,3.9309613652868363,3.741585959470393,3.67932535897215,3.657469114424917,4.658502511957332,4.474054346162497,4.588248887217715,4.822575088602405,4.520403511773489,4.751902729732383,4.532306937108532,5.1593935802891195,4.706224518127832,4.335378484619388
Hsp67Ba,2.841561729276509,2.568914935526375,2.469154597388299,2.669045804497014,2.4376198370588873,2.634425754253086,2.5350974826668904,2.329867192959735,2.586866818296162,2.4881055773592275,3.3465323976218184,3.320728098042987,3.7544207714651328,3.804652191676669,3.5323271806427323,3.099851812655767,3.5255183993621197,3.5913726686230802,3.891100300251634,3.609953624640489
nullo,0.7668793575362245,1.1925740774268254,0.9959259533310041,1.5046297395168342,0.7704047574073103,1.3711407982975556,1.500804989931665,1.3607022078688864,1.013576743706189,0.45803920176213814,3.0705174072606383,3.1213910622462957,2.7015731390041497,3.270803058613598,3.3037046463729554,3.1764226635873296,3.1595234111443444,4.14577851190573,3.2844909876995745,3.5127138139695324
scro,2.48105344895956,3.075466307752766,3.4750429495504953,3.28409782532656,2.3306986666296408,2.634425754253086,2.8144407102307643,2.486233665647216,2.3381781621410163,1.918349503533652,4.537840912789276,4.694915094177552,5.01369028188338,5.135111039174506,4.828922631310528,4.388008492154228,5.035064773008936,5.187941073442663,4.902426588256824,4.674513658014691
Vsx1,1.1957613227520743,1.7211772311393687,1.9823582237443096,2.216206374098141,1.730338297163603,1.3711407982975556,1.6225873339947032,1.499336451848424,1.367552707326562,1.500922619510809,3.4050839177019436,2.962322424455575,3.7544207714651328,3.1335276629677447,3.838082150700483,2.7166646376127206,3.752981755600424,3.6366391501372735,3.3466855358987697,3.6985701879006196
CG45116,2.379621469975289,2.065172714998695,2.1935593238688242,1.8331779807313653,2.3306986666296408,2.222628000228277,2.5801065076643765,2.329867192959735,1.835188738408249,2.1462379871421238,3.610048348675761,3.6292802833782294,3.7943057667889506,3.5489457964622106,3.759832406572313,3.3139433420373123,3.8681560886459216,3.721453054235708,3.070668769377403,3.655243197161795
hbn,2.528155218526035,2.963437695451106,2.6453775255573992,2.8533005753033613,2.7032176997112947,2.9864388870504732,2.0757593300000474,2.8799731661920176,3.1705551950332103,3.187956270111926,4.6254874179889285,4.7249475215520205,4.656563485212609,4.486603461044696,4.461646275314408,4.736533459860642,4.86302311751345,4.40242705126072,4.421550862254846,4.16458149362078
dac,3.1563286878362367,2.8372565215717764,3.363313976516676,2.88640185712728,3.4208802504444633,3.3338657305501123,3.2572488981577576,3.0583554335030243,3.4097379786541646,2.7042632723085758,4.573826466963603,4.394961270647769,4.850985320104217,4.559906908229258,4.309417637865363,4.825393708083375,4.474683170899522,4.381634194888411,4.952074575590437,4.608465529115767
ImpE2,2.48105344895956,2.1354139766637106,2.8293320685093217,1.5046297395168342,1.8282332647398079,2.3974829309982577,2.4385044195492784,2.1444352545795513,2.0064150103973644,1.918349503533652,4.335474567333823,4.0836810405870025,4.280183328019225,4.5239267087297925,4.35532649518727,3.7286553568775935,3.9381728499887454,4.197610064048453,4.519507576354798,4.289481937261725
gnu,5.7121445798944155,5.720838894481259,5.723667073552765,5.661640592330118,5.681814380888056,5.756220381806502,5.727256009028804,5.686811011655216,5.726950402105895,5.694725581654339,6.199617258369625,6.186726073037294,6.153225304431352,6.226459029360801,5.9032839413781755,6.11232410980105,6.250226295745767,6.241164105020004,6.178691457536024,6.181980952911876
pr,6.61839771066174,6.564915731446425,6.615382772084953,6.550717415859722,6.557272851688807,6.584257182474944,6.5532849683611065,6.549739997494329,6.568833110233241,6.605072107825798,6.903857937460577,6.983071523800904,6.933771800106187,6.910229487919739,6.896053505339747,6.798469817955149,6.915222084482093,7.02557615304175,6.9108707312567335,7.0204763420966625
oc,5.479299019777674,5.407596715081502,5.46153926285356,5.327368488438471,5.476176169567184,5.536650852752424,5.6341603301880205,5.6946430586775625,5.517862581775657,5.690809546183074,6.14237372095788,6.196961587793128,6.258373136300907,6.2973211131130356,6.17342984826138,6.3726701396175,6.236738834973502,6.214636926095379,6.230591179294345,6.439501247235835
fd102C,1.6165384743128886,1.907894224313449,3.1190516308201204,2.1504497333480748,1.9173935395972794,2.1568181233580663,1.8290468011566146,2.486233665647216,1.5064917729309053,1.8291738738234222,3.925331541653583,4.30907102479311,4.349856804862946,4.202667303870394,4.332635496291332,4.082361732218191,4.807894716827821,4.222552014953604,4.44192490340125,4.481215249832379
ham,3.749723544384989,3.9527053634468907,3.8277073808851885,3.647011420711987,3.7145983963825264,3.834571119106784,3.7705622443077376,3.8704229842290956,3.7084356935876794,3.5956459333205855,4.46173522383634,4.862907558609517,4.7358752296436295,4.6606765379896125,4.7861031235901255,4.621777958609126,4.719047737000244,4.554826544612619,4.836685877098742,4.70597074939
TfAP-2,2.7352087957918525,2.8703255850487865,2.9554545473661262,2.33601631753163,2.5342051070671086,2.7154391655603374,2.146104310592787,2.6214236868391008,2.4946737757512327,2.623317065587618,4.190936693765653,4.598994494985067,4.393747163749887,4.628202000797089,4.55774062400521,4.5864174591124565,4.7034410155915785,4.172030064118227,4.537997941105664,4.736468396783278
croc,3.105984027589895,3.896028156550358,3.363313976516676,3.407424129858168,3.3622962733751134,3.1247776928985185,3.032547371747313,3.577589236990017,3.2185156972192925,3.343060936717191,4.863345472379284,4.511372325767849,4.8234260322385,5.019304490713521,4.710392220283465,4.893851543505838,5.121533854924469,5.002980219835916,5.055515485279868,4.876392439039853
PGRP-SC2,1.356503036811077,1.7211772311393687,1.4848854934590927,1.3657697969300642,1.0083085589813638,1.3711407982975556,1.3621080147984646,1.499336451848424,1.2061460050108255,1.7312603926815755,3.2843382079816315,3.1213910622462957,3.2320102516938927,3.4467751806861107,3.0897058493183422,3.3139433420373123,3.083011626214278,3.543959579502909,3.891100300251634,3.8552381089772845
gt,4.314742503242858,4.105686432887246,4.09740606417108,4.221432117802995,3.952554146768421,4.1666745615811,3.9194961788382954,4.2147226663650335,3.9266640162160713,4.438641119948372,5.706219505951957,5.7822887109841705,5.519534863555739,5.645570263889599,5.908044217839647,5.904292941016421,5.901048782248017,6.046724182569583,5.635586663853086,5.447596137258923
cas,6.674540323445445,6.661199954321131,6.660836430672038,6.658185216221347,6.619557333241778,6.6646310555263755,6.63512718964032,6.7173394368936234,6.646237571149509,6.672715699731764,7.055159165382344,7.162398681616881,7.165488604145741,7.255761506572731,7.079679017163633,7.246638991570219,7.203517042140382,7.168658045114007,7.217337634727629,7.11250076748831
CG7900,2.5731378523188053,2.262629900360286,2.2550898136665025,2.1504497333480748,2.579210749966514,2.1568181233580663,2.2734904791291575,2.5783595635848497,2.445180708631344,2.0758917165416793,4.137709791777379,3.7539243413802663,3.9052209863559777,4.008107765259624,3.978307549223522,4.082361732218191,3.9381728499887454,3.7613066287827914,4.556152610015896,3.8908494471392405
Gsc,2.7352087957918525,2.653201930139435,2.5611428640693696,2.277904576484745,2.5342051070671086,2.546265965914539,2.2118244293597,2.5333571372940926,2.541832365610607,2.4881055773592275,4.608561916527459,4.394961270647769,4.689046840111311,4.150831656355327,4.756503004630176,5.006377137588672,4.764457625771871,4.655591011913051,4.902426588256824,4.95182030227589
Sirup,8.073815968726239,8.080853722001008,8.092998832843056,8.065215315616964,8.079488188766442,8.04583218430843,8.09278701745383,8.091429956393595,8.143539235347726,8.097545246032606,8.504198142996673,8.358950293282351,8.429910629690722,8.419693575665931,8.453864596519356,8.481106969746412,8.487352109769292,8.478386737977361,8.501576724829219,8.512395065085945
Optix,3.9235678413986506,3.5837185837891257,3.763793774632085,3.788664383557152,3.782909329410134,3.2689089194371905,3.964588709863898,3.3614071436581923,4.152780978934727,4.088964596929999,5.916080564459261,6.043150118137662,6.123212781795122,6.059764232515041,6.17342984826138,5.615913948845211,6.381839984519727,5.989471114811708,6.196292354678761,5.854083676337635
Hsp83,7.831938427655478,7.818635538376759,7.848260791382306,7.827319204980368,7.852368692456963,7.852511564919115,7.845181113092118,7.87022483883535,7.887144946197497,7.831819396711871,8.161052325249472,8.15559325465974,8.215882682056614,8.225957076764816,8.15187791980443,8.136481095118727,8.212999151550996,8.191472342130622,8.231097424908668,8.26843672775295
Hsp23,7.536503385980969,7.5583285331923395,7.489433790335962,7.581324451330519,7.5048442307274374,7.604470415569523,7.590006244155099,7.481637547873189,7.539287620684329,7.5454217446876415,8.172238756089362,8.177846910517678,8.1503594627201,8.164925386942684,8.135630379615588,8.077940239352346,8.128617877027231,8.11960286804012,8.210360155039053,8.164372827353164
CG3502,2.06916661059266,2.4274531824299204,2.419779484136469,2.819065977388114,2.7780940374862757,2.860091177762125,2.7041220258858796,2.436779278989847,2.4946737757512327,2.43864258378876,4.674610107444115,4.331245035221387,4.704901211333021,4.795022147861365,4.8964499607549365,4.319902759184767,4.532306937108532,4.883213130128226,4.795061618890617,4.736468396783278
erm,2.3247667711735636,2.320642397379482,1.9007284413946437,2.216206374098141,2.7032176997112947,2.591317064165632,2.2118244293597,2.486233665647216,2.541832365610607,2.43864258378876,4.88946212165207,5.0922184461749875,4.476139936062341,4.808893510798249,4.501198827276181,4.388008492154228,4.876343104689209,4.717534942667423,5.044536469698454,4.736468396783278
CG6330,6.76960333286841,6.773604304463247,6.687432648921414,6.751810737638951,6.759481850779499,6.767160789453679,6.783734332187062,6.800091004983173,6.824025452865757,6.765301605766977,7.138767315707831,7.215267796882198,7.135496255890011,7.154182209716109,7.063359929029359,7.120731548129925,7.1613264959320295,7.090619033394706,7.151086851249498,7.095612846157655
tll,3.6939479533205146,3.1271006722981745,3.7370389144707037,3.2393607135774714,3.895214234284387,3.2910333381671193,3.2346345084645245,3.277544115940688,3.2416600706755268,3.4407542848400006,5.677329764878485,5.656508514061654,5.6062122087928605,5.674968215656642,5.503936935730719,5.641301470661876,5.713562578089046,5.742470655879432,5.772486975021933,5.849159593420818
toy,4.041686998947495,3.8604129132928504,4.143600567669874,4.053930945539136,4.373783267764166,4.071091576450053,4.05917561942518,4.037058961072504,4.313860664941846,4.018385914473564,6.189130726395469,6.07048492625297,6.142075898061542,6.146581011294314,6.007416331943818,6.205652345031828,6.1480522359819085,6.1195267205294215,6.08960645487645,6.02935309204863
bi,5.244502650254522,5.078549080843988,4.9843908738310745,5.1678701486200875,5.171941639142579,5.204524740958495,5.108305717829448,5.113426640737016,5.298066050349887,4.862866544186743,6.347997044168667,6.463547163978755,6.374463388203855,6.457851641575268,6.454193473828154,6.4865697027692875,6.655047857711828,6.369941349578345,6.29900309903114,6.286072399028765
Rx,1.7249334633303914,1.907894224313449,1.9007284413946437,2.1504497333480748,2.1452484743018636,1.8392339837806118,1.500804989931665,1.729580530146714,2.3931099462550676,1.6227088331035469,4.021919688903046,3.9956468870976005,4.005053085545771,4.343772072363763,3.838082150700483,4.221218445252168,4.43433580670156,4.091112886469754,4.137865984801861,4.16458149362078
fkh,4.9815917923762525,4.89461223536956,4.868921177149057,5.120195553705685,4.914231813138493,4.905695631021508,4.94870891415191,4.913317514163763,4.780799006630653,4.915344193039931,5.808965972195782,5.450123101857349,5.743269693909262,5.411314751091769,5.45285786648542,5.742538476287148,5.4533319345577125,5.478912501192589,5.216531225220884,5.4252211549089315
Sox21a,1.4949493521468364,1.3531102163231605,1.4848854934590927,1.7351858793792267,1.6218094963005043,1.3711407982975556,1.6225873339947032,0.7699100909979605,1.7371572723000828,1.0090204710524096,3.218017860061118,2.8721687978780883,3.2983677831785143,2.6748831796801067,3.6296222985001436,3.5426452916674926,2.9098125433896946,1.7984950072786516,2.422867848778538,2.7980912473700217
CG32053,2.528155218526035,2.1354139766637106,2.469154597388299,2.7087129757904163,2.1452484743018636,2.753610615109525,2.8144407102307643,1.6210704474493718,2.78586297091255,2.1462379871421238,3.925331541653583,4.0836810405870025,4.179024285406175,3.726463342914871,3.8750245729453816,4.296129573941962,4.3024976857656805,3.543959579502909,3.4052373737550425,3.740097648926004
FucTC,2.431622964327187,2.7676450538647064,2.604146867494091,2.5846540765810766,2.27262108152421,2.825842159527402,2.5350974826668904,1.998454677244234,2.3381781621410163,2.0758917165416793,3.5626097976145084,3.7140779389422645,3.6695356785798907,3.804652191676669,3.9106507341469503,3.4348181902634507,3.5255183993621197,3.3280147237054956,3.4052373737550425,3.5127138139695324
bru2,3.052969789882333,2.320642397379482,2.9846475365370155,2.819065977388114,2.3306986666296408,2.7903784200916886,2.7041220258858796,2.1444352545795513,2.9207063699568465,2.74240489354698,3.780064256305908,3.9644914173920554,3.6695356785798907,4.386704374251136,4.285647870975209,4.511708747965996,3.4730852058703165,3.679945007601615,3.958730719863053,4.137613987879685
Gmap,4.000330833025579,3.53472319418169,3.7370389144707037,3.8770912147572956,3.70035784490516,3.9197799888175915,3.783856508616589,3.5105903035029513,3.7367225323555475,3.657469114424917,5.168783332200393,4.823480477445621,4.864485281873753,4.996728161930057,4.856483126757224,5.107511707566029,4.586790342807343,4.639486352534683,4.766317302119126,4.690365892177373
DNaseII,4.894844599448794,3.7316053443513963,4.855720085444696,4.571971389974737,3.941346180435048,4.714366106272671,4.659269537369735,3.833484240604325,4.367223333486639,4.314594789163936,6.1086732497022,6.253063455360835,6.0315426959960385,6.192510530603289,6.37106827990054,6.326375031201589,6.082914139458135,6.0702920988250915,5.75636485375645,5.89262707935869
Ance,5.162108412955392,5.1273830770020234,5.579924394023274,5.265983942936614,4.92271639214579,5.127357226654286,5.149588194339175,5.026010858296537,5.196505630247377,5.258221420841679,6.266850520372895,6.2939368364206505,6.268304512938172,6.360577662633267,6.49197737778502,6.405307577192944,6.253569927702751,6.263811819405048,6.24065554945752,6.240399964789116
Pdp1,5.265572882036555,4.706034643690989,5.558220138825155,5.210192372822036,4.875134333100838,5.148068992317808,5.111811768267194,4.786292175328318,5.156858401786837,5.261240553039125,6.77365765587763,6.682208665133573,6.4486611968122896,6.684383518254609,6.77596311505502,6.650070674621971,6.495511645983208,6.4527254937127205,6.368922590517976,6.444957037565993
Tsp,3.6795040465220055,3.9416239966745743,3.9444480231308625,3.761893706423302,3.8468507726789762,3.7131295468763055,3.783856508616589,3.4753286871389255,3.9606774399762275,3.784004444576814,4.766159927256553,4.615633900105061,4.5149229670853375,4.365468603433407,4.55774062400521,4.6725793673526965,4.32571337290033,4.422796356643036,4.44192490340125,4.312693499465215
GATAe,2.2051109872943413,2.2010435622292666,2.419779484136469,2.277904576484745,2.4376198370588873,2.086370291932408,2.146104310592787,1.499336451848424,2.0064150103973644,2.0002198505608804,3.610048348675761,3.4868578368251013,3.7943057667889506,3.4991647757615425,3.6749358502180756,3.955473861496445,3.3591723185389473,3.1286176595400272,2.9878658082239617,3.070424566851899
GstD1,4.156387959059626,3.9852312002475134,3.9662455330692725,4.053930945539136,3.671253531170745,3.69867858940717,3.7155440169858975,3.3614071436581923,3.9494676880510218,3.743579252596721,5.26180109236581,4.754104238057236,5.069837242420414,4.676526708376099,5.107579365279007,5.344313999195363,4.7034410155915785,4.956780052869142,4.706224518127832,5.0106027389729455
CG12643,4.6407331039172925,4.746702534886689,4.516155210387915,4.630565972151938,4.624734875703853,4.687655226599659,4.619987523477185,4.40879082696285,4.505652394814585,4.71298805345056,5.772328743025736,5.2351830929881915,5.336621677904719,5.418828378983121,5.611732924091113,5.56311946613296,5.475379289319431,5.597789588588007,5.402588982137213,5.629199662189572
Ant2,3.487635434685009,3.3714433558906047,3.4391693168221167,3.367981451141338,3.32124228965585,3.6072919121244467,3.2793631663306764,3.4931149099681096,3.664446119116077,3.1133342355602367,3.512808269038327,4.111383881847808,3.8326607776525816,3.804652191676669,3.5323271806427323,3.7286553568775935,3.752981755600424,4.091112886469754,3.958730719863053,3.740097648926004
FASN1,3.522280201882741,3.267707374459052,3.509674108189071,3.367981451141338,3.1122634737291746,3.312678843560166,3.342914907817998,3.381318294154199,3.6493421393128522,3.2347799257243035,3.958575023761785,3.8991079930762176,4.005053085545771,3.5489457964622106,4.071914707833826,3.3762059965082556,3.2969487172773237,4.091112886469754,3.6988199320715727,3.655243197161795
CG8565,1.9935708259384637,2.262629900360286,2.057824543730704,1.5046297395168342,1.9992509456352485,2.222628000228277,1.8290468011566146,2.2101413028328234,2.3931099462550676,2.3866051087868754,2.5641244049158574,2.8721687978780883,2.91120585418963,2.551148623608964,2.9164461775004784,2.8270767034685633,2.2697187528687217,2.9694917494840705,2.6881338046419536,2.8973405027750667
CG12420,3.5051078432679996,3.28933334599379,3.5594709504912942,3.261979424738054,2.880842547493,3.2910333381671193,3.032547371747313,3.593660352333605,3.618432064511578,3.784004444576814,4.081489723432384,4.7100440469647715,4.152050594156574,4.202667303870394,4.55774062400521,3.8101131068390917,3.8312191634597785,4.518848318097254,4.461892117906173,3.8552381089772845
