gene_symbol,Hox_1,Hox_2,Hox_7,Hox_4,Hox_9,Hox_6,Hox_10,Hox_3,Hox_5,Hox_8,No_hox_8,No_hox_2,No_hox_6,No_hox_5,No_hox_9,No_hox_3,No_hox_1,No_hox_10,No_hox_4,No_hox_7
vnd,5.130043975768357,5.205384396706576,5.186212075219773,5.292143130554014,5.2236795555660045,5.225040451482491,5.1149886009420324,5.088655562478364,5.11581476316188,5.0728437667651125,5.199378762949357,5.245054760322058,5.232588459436724,4.85224445075893,4.878950251395023,4.928358156157274,4.89436037174173,5.176239611994983,5.007701942840544,4.862763918765011
CG6712,6.494585754480968,6.498681272500478,6.529009762942657,6.518029023329748,6.478769340279055,6.515553642364081,6.530734690348346,6.480843135594265,6.556918066730615,6.546227890295505,6.457837772020927,6.409020427324971,6.496087358106916,6.4197041148918075,6.4479895834846745,6.4476339584293605,6.4382436322312095,6.472286475824351,6.483579483788788,6.590185359290842
HGTX,5.520905181658134,5.513244749368555,5.328993440697462,5.504299841275902,5.421963839248072,5.477237523328764,5.479802850582048,5.481449960741145,5.374149451802646,5.375410621218675,5.52594915783152,5.027653815021007,5.286863880344994,5.110735963940179,5.215090755928147,5.43880167636681,5.348369141645971,5.407871087960367,5.3490903666168705,5.422898266136003
pre-lola-G,3.8542310909770054,3.894770524587922,3.868637578637996,3.769021448579079,3.8350116343870595,3.8938718797304714,3.808768229178708,3.7645394876492544,3.5466952859861323,3.5575047101019575,3.8006013523867157,3.268139680927916,3.7145675853086386,3.612223048854253,3.5523197872468883,3.083435929759629,3.580110848109116,3.3443545833307593,3.5555725452150138,3.667845172361772
eyg,3.695444579710808,3.6176568627066157,3.2639858058541784,3.085519693649618,3.1989585931697646,2.4363693854069455,3.287271482916941,2.9261061104908586,3.7406068142529945,2.924520431483293,2.0790029203281803,2.2429213324850514,3.4761906513864034,3.0726489106890553,2.7882391642393403,3.359601537861642,1.8296375566622443,1.8126525103060773,2.6048511088454807,3.2303440340335228
ss,3.540652882370507,3.163632190560474,2.649605676476399,2.912297863367579,3.566725399395439,3.1613103188070704,2.868305316815963,2.9261061104908586,3.0164879335280586,2.7896457269592383,0.0,2.548596172625234,2.70318823475849,3.40724487867018,1.4791964329041365,2.576631110913744,1.8296375566622443,2.058673533796187,2.2975158929227266,2.575978905047461
GATAd,5.048215302439692,5.124503644165235,4.936950360969648,5.056317705490737,5.041199936588032,4.946386058774572,5.009913224722755,5.081607221494264,4.956366355004961,5.05801231631875,4.662942527252915,4.98249623959728,4.992037412890461,4.85224445075893,4.614999753422444,5.090419554471737,4.8812149893094325,4.6063270644688465,4.718257857462705,4.9276573753160315
CG5151,2.5745556117762036,3.036121483213773,2.608361449621608,2.912297863367579,2.766751404066613,3.0019303826220276,2.8010445720227968,2.3685311888427436,2.6487733707745846,2.752879717659779,1.8321603909450803,2.548596172625234,2.272592755132589,2.062593782489796,2.5543518441830733,2.576631110913744,2.7047786576118726,2.255961051189237,2.7291002870079177,2.4344283939506486
CG42342,7.222584104050476,7.180782737039124,7.10691478316743,7.20226282680181,7.144810438727864,7.119141728973966,7.15173223773684,7.204607237516855,7.173926922797486,7.1959818807450135,7.01048768861243,7.183882147150006,7.120479308206213,7.089391221950812,7.1349580339542795,7.0920635827197,7.19542823010618,7.0244196953248625,7.152417327069163,7.082657229234153
Sox14,4.300720293608301,4.433932648087288,4.0129329359378465,4.320627910670501,4.220697253006788,4.161509290220287,4.2195264977902625,4.116891675519745,4.173924958069184,4.192885572957755,3.97918972899623,3.496479904103972,4.126032291649634,4.13990925530053,3.9803536639359542,4.004042976856797,4.182407445610453,3.9885332420810773,4.153337325671192,3.7926100697318557
CG30431,3.081292456933262,3.2550920654246696,2.9597686374409173,3.111682599504624,3.390037584032302,3.713261562322331,3.4811270744125626,2.8300504175912566,3.1953030954496056,3.311926643558166,2.4418893391591,2.0459687724646805,2.437591015692949,2.8002817480579147,2.7882391642393403,2.435072436098857,2.9144549051698045,3.215850956004431,3.112565838132965,2.4344283939506486
brk,4.33911806486533,4.44728705622656,4.275100190045113,4.343490537318841,4.301553168445884,4.463258626824192,4.522364701252103,4.405139933621035,4.519770150826472,4.449701645867003,4.158389620809257,3.8744571567031425,4.068169908130318,4.1121932547614195,4.545515394529964,4.302936343227546,4.182407445610453,3.9885332420810773,4.378959926431925,4.413276715577993
D19A,3.9912253080169275,4.024309789209332,4.08278728303509,3.9848468532103536,4.114160935185295,4.161509290220287,4.185260798688986,3.9883272920407062,4.182677686213267,3.930615622105854,3.8389617985709448,4.0053894737443585,3.578453876286475,3.9607674968817967,4.0417413171008025,3.9042128470522317,3.9085876034722733,3.853123865009869,3.934114053308443,3.867900330509741
M1BP,7.634667723745366,7.627657836989991,7.6297075386421955,7.6435516709205915,7.6367789434154485,7.6299250294918854,7.635314692130259,7.613627412103703,7.630477271619103,7.608366208091017,7.601900288748843,7.5675620637184355,7.550697669820963,7.627562765452188,7.637872202803025,7.57769578635364,7.5830460993602395,7.593386277768469,7.596570402542467,7.586715581481208
CG31109,6.270510462729303,6.319894749166067,6.275725240570208,6.258416133064335,6.269993679291352,6.248733879094697,6.28281284410039,6.2313364559069875,6.239807223517464,6.286735961091614,6.170678290599993,6.088061194563917,6.078161568642732,6.212225572378492,6.249755340702546,6.202645959009351,6.192945644852319,6.221413575059342,6.233092170398008,6.236478128579642
CG14442,6.092924020899539,6.118377532959687,6.165542891439042,6.166621845935987,6.172048515698558,6.133709020118481,6.19684605043792,6.171324628214965,6.1513518876253,6.135987173214636,5.990964503411603,6.103236351427498,6.078161568642732,6.031679936992608,6.124413324268902,6.159563080272563,6.107415017806934,6.067593912982387,6.167747091913686,5.933489799090165
ewg,5.611428365919835,5.5291085471708366,5.624442065797532,5.572706588511843,5.616978941451121,5.6604771264447,5.711153310998493,5.65712801735209,5.617341688248917,5.639216005348592,5.553428752363252,5.642811399196878,5.528199979882124,5.357247231533544,5.444495035856341,5.636621229105396,5.6032280256236335,5.620877796043073,5.491557346469525,5.496690878985308
gsb-n,5.53010631991011,5.520074358350055,5.508655299910697,5.482830792129638,5.520781262126572,5.46259331273646,5.546764390669039,5.534548843457315,5.435746725292388,5.581160413766718,5.199378762949357,5.385673090089976,5.338344517352177,5.141324828864249,5.268871939436059,5.525450930590151,5.3890008820339,5.3608350104157685,5.241419774191513,5.161857425808709
Met,4.815509215645963,4.851058238298854,4.762596391249551,4.791428391623161,4.836189944329353,4.736264286913218,4.839551543124255,4.852038156905573,4.86376638852994,4.873972524772862,4.7573942798030195,4.778210255527618,4.706616719146511,4.521561347817926,4.648011459144871,4.764898509324412,4.769325089687093,4.639895612774911,4.718257857462705,4.550541409190052
pho,6.759819729261743,6.749281936360571,6.777583964212178,6.6985328275402445,6.720796881124662,6.780739719024576,6.753586612277653,6.719616663528832,6.748290560929756,6.735455043465297,6.605473662954415,6.727024974835843,6.762138980595115,6.672829970752089,6.640285618860592,6.68194992952785,6.659950778199144,6.691945128193246,6.690419053366503,6.585407250044103
zfh1,5.818514037901275,5.730079454530526,5.692230944019135,5.798612655409659,5.811474235443274,5.747366528457164,5.762849536514236,5.792707041597403,5.731022267023856,5.663974744792493,5.580173370618003,5.535854328261217,5.880213710294212,5.6253540326361,5.515150836200667,5.769706910785878,5.8217671038069065,5.570100691953132,5.506203325323674,5.343223351999344
opa,4.579097841747155,4.523871917248507,4.551286440853317,4.612686169760545,4.612755286798152,4.588637396706066,4.464747379087963,4.571384743147822,4.407996072027354,4.697651818852805,4.594623617746876,4.55716725628718,4.457880477304653,4.218726266231202,4.390134938324483,4.455152470799905,3.9762416573965313,4.263589115448871,4.401154112510446,4.413276715577993
EcR,4.9177150716194316,4.99518291941665,4.985007799431665,4.97957065530894,5.041199936588032,4.929769243259768,4.930426319412536,4.834080798019936,4.872547971999758,4.968179073387042,4.695427831197949,4.935202618809919,4.53547722744848,4.381563903843062,4.347200743757439,4.902903717685727,4.518321112687444,4.47907970980162,4.562930775156654,4.807635632492359
ara,2.9984451159957226,2.920937737952172,3.3067737635976537,3.1862991046059053,3.1989585931697646,3.1364492161485646,2.9614066236115044,2.516907866546869,3.2184250734426527,3.149541593067545,2.70758233148549,3.268139680927916,2.70318823475849,2.062593782489796,2.678117884955622,3.000579691380739,2.0763747835213886,2.5620409990561566,2.7291002870079177,2.4344283939506486
kay,2.698517907255871,3.2329992907928324,3.219284881993975,3.162040338869962,3.266790146038663,3.232387260150243,3.220943317656205,3.1688638262867794,3.147390683309697,3.4136359127377456,2.917296538405876,2.782382011961588,3.086069712586597,2.4247602865377313,2.7882391642393403,3.083435929759629,2.4391467263161863,3.1448244756309918,3.189180626182374,2.90956556036651
Kr,6.589441029064775,6.5172665692500225,6.641794191428516,6.585895181991594,6.595010919701948,6.670962641893917,6.528226844151075,6.622225337963375,6.663757850007817,6.655569491465212,6.531833724842432,6.504180901677391,6.447635364110065,6.433590042775911,6.442607295369227,6.600378559351057,6.481898025374255,6.546095324599606,6.544596868829559,6.556248994222118
CG4768,6.395579573000108,6.325993782470601,6.282157859690951,6.347578625369638,6.350224627585795,6.325261235261838,6.325740305533406,6.354487159215688,6.34641999491142,6.317948066922999,6.322962105494283,6.316090638840693,6.292829161960233,6.316696943218984,6.189046875926358,6.296493245034621,6.275022377630381,6.228179840094806,6.277764128530118,6.236478128579642
tara,6.105882070266291,6.078945539127171,6.117577920585474,6.088172506372722,6.097548753414835,6.070152394763259,6.092488466935478,6.084394980780422,6.106554396582113,6.086478696565449,6.025365887738161,6.016770350179434,6.066116829780104,5.967850902267118,5.9462302823743665,6.0305163008381335,6.022368821134386,5.822015150924496,6.073396350763258,6.0381255214356235
tin,4.33911806486533,4.399744909306003,4.3367771214467075,3.940750056031492,3.940688950416048,3.8938718797304714,4.193937926157237,4.029674333334246,4.101000264758582,4.039772636653493,3.7191619711611414,3.8019452645423844,3.3622657872814554,3.700844957313586,3.2741450702657806,3.4735160891955177,3.7162306081584937,3.560416523112156,3.823130179594566,4.254126521063862
sob,4.148826862474761,3.883178276216468,3.741481196140041,3.882745460729075,4.123485519666555,3.655042605846826,4.268819314314883,4.1971086283079835,4.165094942703326,4.2362943748197495,3.304570624528283,3.593673107187358,3.4761906513864034,3.462560909786563,2.0514064740672597,3.5757710062172805,3.3639112835312175,3.068364881266749,3.9685305584680606,4.003349965873706
CG13287,2.843007036913847,2.920937737952172,2.9597686374409173,3.3413935172152267,2.962533391056516,3.0847922411741555,2.9003119043552843,2.895101538680246,2.7985810289871673,2.9555768032645044,2.70758233148549,2.407393200977347,2.074884141756086,0.99937621774915,3.136850294715756,2.270117483480841,2.580756922622829,2.058673533796187,2.0991888994491608,2.90956556036651
Awh,4.33911806486533,4.241837450868305,4.394869992857677,4.232020432907132,4.465921932033775,4.429293865340306,4.284724698343209,4.398159389575765,4.343341984007014,4.261463045312388,4.4825069205406765,3.9742282542096294,3.834354489169085,3.782248399372514,3.914949669516064,3.9386088626181266,3.872962973057345,3.737988990519474,3.861509797963244,4.150343149230339
Myc,6.200404035748443,6.203228266801097,6.123857381949682,6.165404151569557,6.18866129406836,6.265396755501285,6.207283998838205,6.097285812273391,6.214996275487219,6.271312092895288,6.152232464307917,6.250048375851683,6.024886526767248,5.922916191583066,6.098104925435517,6.071409084390568,6.08384508891405,6.018919579143854,6.085688630627385,6.113835840225309
Max,7.2055821822758315,7.237347871194521,7.168675433677972,7.1996673600590855,7.230171531788074,7.251633191330934,7.216025460980804,7.195679578091815,7.230921171494293,7.252486780963963,7.214003485862798,7.190250834701283,7.150970556287431,7.146423773707994,7.1483704307737375,7.103548457193355,7.140312193702259,7.1283215152309705,7.122545622613217,7.182383238809873
NHP2,8.40723212586954,8.424711106762192,8.382061256917753,8.387921222954748,8.410177105590131,8.445484838955766,8.417250251856423,8.395531980428112,8.435792558616887,8.439548157507385,8.392545014960877,8.398511525232857,8.338701745816879,8.372583191400103,8.378623188173949,8.354499028201543,8.404487124539717,8.32014598949506,8.33730234889837,8.42094384305774
Doc1,5.273039192829124,4.999010448076151,4.8864662971677,4.856651410111652,5.235959285287775,4.921356130726004,4.917938968761625,5.112940734904166,4.827847957329517,4.873972524772862,4.594623617746876,4.641829081265257,4.53547722744848,4.243676072046165,4.451266121819404,4.178011181347119,4.8812149893094325,4.535607711196476,4.749727431713377,4.889228748007588
Doc3,4.636673698105954,4.420397483107963,4.209367711172149,4.21503116880899,4.339654709939603,4.327554761776344,4.055142591569807,4.376920539014805,4.320827100522397,4.156748631542978,3.675812068824828,3.908832164600646,3.834354489169085,3.2864896543409876,3.3948454210756434,3.418180002879957,3.422498556959505,3.560416523112156,4.034001757440549,3.903521188365203
tgo,5.969538604570308,5.960637807522028,5.932670154997899,6.008757486748799,5.97859585988801,6.006570978253611,5.98175693413232,6.006162263824812,6.016037139002679,5.979440109167256,5.9230871690508895,5.880651549170092,5.899484504407123,5.851485331105324,5.777635672505186,5.83269473260086,5.886766120806303,5.866558190958901,5.946064341023065,5.92425511728618
CG34159,7.557220497139543,7.4980092385956505,7.544833563145671,7.5000755912102965,7.5198509732426775,7.497065954784403,7.479998947639374,7.528575959488993,7.53238373464849,7.490936715695932,7.477385994922661,7.511150768884735,7.461735234028024,7.4120332849391,7.450735845204148,7.440805046113837,7.482268487200955,7.477601224539741,7.49644518961313,7.436016165018464
Hr78,3.666343951953868,3.5051164410693265,3.367707237531746,3.3206563121096564,3.4463967030648197,3.655042605846826,3.4633476384023925,3.527291059321152,3.655751265719439,3.637931173593084,3.304570624528283,3.496479904103972,3.625913687792474,2.062593782489796,2.7882391642393403,2.700613341480671,3.2353105245930878,3.1448244756309918,3.112565838132965,3.296697165002286
Crtc,5.073835968140963,5.117741504683698,5.126935319718519,5.0600046958357,5.041199936588032,5.13710050617754,5.094136139036826,5.163075559875714,5.073813960026772,5.0728437667651125,5.031572549485788,4.993978243666418,4.931098235710879,4.593557461054699,4.812338933674397,4.836279906380256,4.920143821818094,4.925160088738827,4.893739290481542,4.862763918765011
Rfx,2.8760877076997398,2.889942408573642,2.3719643006001334,3.0310462763585266,3.0201129221253495,2.7768090195624033,2.5669374102866955,2.5618473509446646,2.958919444028858,2.7147102035273356,1.8321603909450803,1.4743796360909367,1.8282067591613465,1.8164130930450093,2.0514064740672597,0.0,1.0093714752697909,2.8952997752502796,2.939102265937514,2.269484533106175
CG31365,6.132559400920962,6.032472816624546,6.0658700685769995,6.096039086025562,6.114167987985215,6.075494818991516,6.138022948596556,6.097285812273391,6.040806179100869,6.097107171383103,5.995329955460826,5.974851969922612,6.058005643642694,5.92750161919194,6.018883843163125,5.952411252711464,5.965850082395275,6.010571768727306,6.06926511546637,5.991522004705857
D1,8.632391453247077,8.63817132500307,8.652324917346808,8.668226219494054,8.645605068420911,8.642316855830272,8.6483424826896,8.645737910478376,8.655615734886863,8.642819846502872,8.601997742826894,8.620091705713438,8.629544753153754,8.579360586987447,8.632090386330276,8.540723223030955,8.61113245798984,8.587691356988898,8.628880868862566,8.624522340683598
kni,4.861235251945484,4.824122458119005,4.985007799431665,4.955348990597899,5.129833707653576,4.986758795045134,5.013726439468741,4.945422824731228,4.984118293364802,4.878452776863028,4.910317355277514,4.959128988972305,4.852702955679802,4.708282138475308,4.826020895843924,4.569397076001206,4.784015372014196,4.7926655246635095,4.907062394486087,4.764198636134878
HnRNP-K,7.805868520047478,7.8491033664225025,7.8490251721833095,7.851986613993166,7.803035165284724,7.848287561469835,7.8361490353643415,7.837852494137012,7.853246409168927,7.847837679170718,7.757725586780716,7.767346894122535,7.8075747758690754,7.7913867431184824,7.8161584207813375,7.817478041878117,7.82054178033754,7.855435569995885,7.784485176532038,7.811867290921916
Ptx1,4.102190491450123,4.249950064836082,4.429535688152914,4.206427058176806,4.2779753560137355,4.288556030807435,4.2195264977902625,4.2871446159106625,4.191354468361396,4.277896985406722,3.9459328241774885,4.093438938398474,4.097519548448638,3.782248399372514,4.127287716843428,4.035221458295078,4.283571541642352,4.188713516063467,4.065197073182031,4.122622428295796
su(Hw),5.44657176289498,5.404774114334403,5.463650586198357,5.423219016458262,5.361931856392259,5.385971617154942,5.467790585490061,5.471920540546002,5.433254517269239,5.505297210459463,5.065256459610997,5.338268516389235,5.1653035191340235,5.089810879321556,5.336356812119741,5.2663515851772145,5.331642628570373,5.3608350104157685,5.202789532256273,5.318028111806359
CG43759,5.827057711788022,5.829766040700914,5.8238932981572535,5.7844462122023375,5.774772494062728,5.811821183166759,5.805128240231694,5.8030741995418085,5.809388891838325,5.864570554217351,5.566890468151778,5.648760477306832,5.699422702943512,5.561468236664514,5.73475436725157,5.679032295281557,5.701121521869417,5.743062169944607,5.58984155139488,5.7635706822164465
EndoB,3.6363710299501815,3.554906442334299,3.88050725922834,3.510894077518464,3.659464257640635,3.713261562322331,3.5326439398282163,3.6962590758882907,3.754074882219552,3.821019800499011,3.238196818362206,3.7237614361721434,2.8134999195876773,3.2864896543409876,3.64502128723638,3.2310220219171732,3.2353105245930878,2.985571606566405,3.112565838132965,3.3589201831925086
CG32772,4.608300085108802,4.453897972707961,4.557301523556567,4.571558144002187,4.635260491970579,4.515311172916778,4.4581356201861455,4.553554285899872,4.669689899902538,4.7240801250579025,4.356213957915045,4.4838660153529855,4.305659084533774,4.423602308060673,4.563344333842043,4.5139053656580534,4.259223702376458,4.2873515702538585,4.284902800496838,4.302240004263627
sstn,4.530524533565071,4.479913076071391,4.344225986824829,4.416131324962044,4.35449792611464,4.342738136877046,4.3823659309042995,4.317974174152318,4.335893205596113,4.363751710061945,4.042558767436349,4.318862496404235,4.180728960732085,4.13990925530053,3.844966767639415,4.065457162336344,4.039607241005111,4.310562452175346,3.7416475725184313,4.203580604873708
Hr39,3.9696569183612396,4.312585242184823,4.217824474507011,4.289307879659317,4.237399916989152,4.350244239887186,4.193937926157237,4.2713659292558095,4.182677686213267,4.174980328186123,3.8006013523867157,3.942064695240334,3.974569133491419,4.0836871263316885,3.7697152334467736,4.004042976856797,4.039607241005111,3.9885332420810773,3.823130179594566,4.094111306453486
Reph,3.3574332101794857,3.6622636381488842,3.8566253146164113,3.475632125408606,3.266790146038663,3.3808843919813065,3.643435654134595,3.458006352798924,3.6257868460202136,3.5234310821393615,3.090563947796744,2.548596172625234,3.0032025674896072,2.9898376419811337,2.9776596377232676,2.700613341480671,2.274121768225004,3.1448244756309918,3.189180626182374,3.296697165002286
wnd,4.614039578300851,4.577691574404427,4.449772568213378,4.436933017502916,4.397749730426601,4.496107577786328,4.622894646686568,4.510670242482177,4.6589226833602515,4.496626484341635,4.158389620809257,4.093438938398474,4.2818905517549855,4.3376804245629526,4.490038127016836,3.9718610271972623,3.872962973057345,3.888733601858115,4.208057524450091,4.434077688448732
CrebA,6.303802775415205,6.414206554544197,6.205560034048029,6.12054935072645,6.229024496516553,6.183950799681511,6.1780163433143125,6.185496600283853,6.234222182013196,6.128331165515809,5.383996065638695,6.158176356041048,5.918390945327419,5.661813940426245,5.630968741263883,5.87258515197259,5.659467038534386,5.438042662237129,5.679324543998932,5.821764638152836
cbt,4.573153648016434,4.738667524675896,4.526857633939184,4.464012152115589,4.535905383626911,4.588637396706066,4.484324341659973,4.6004133648046155,4.343341984007014,4.503153833209051,3.8006013523867157,4.3839702078848894,4.2818905517549855,4.13990925530053,4.431301422703006,4.229868504985674,4.039607241005111,3.92311876707719,4.181071665892212,4.064763384073977
corto,6.701232047398438,6.711407984364348,6.671915860777996,6.645685189955686,6.719413510282177,6.701339768918242,6.653168775098116,6.760692801961289,6.7536354846996325,6.686095935575448,6.476856378198859,6.560555423599278,6.554766523022091,6.581978643796008,6.668666222073937,6.576486898950268,6.609547671740257,6.516211519633091,6.547167176510412,6.49525082306535
sd,6.90593024467293,6.882666853171935,6.875510154079863,6.905717536252519,6.8502813583074955,6.875467952888835,6.860566249098712,6.9234997418167605,6.849505783412699,6.869797327903791,6.66295127276167,6.7390589648417105,6.868993741582974,6.785635295554233,6.842127217245555,6.810416031740109,6.807191800636805,6.691945128193246,6.838974448183742,6.696361506149878
Socs36E,6.9299350748059645,6.892492013919944,6.870182330926855,6.874432230705711,6.8872399474646615,6.892088253185748,6.88312253107411,6.8822982299536095,6.908856405917196,6.912211946655975,6.756722330304988,6.866191819122765,6.874408189995624,6.82369290202856,6.8811676391883125,6.831247119966003,6.793601296327031,6.753618829101115,6.867328589400465,6.760688838088436
Imp,9.707032288662697,9.714093562557924,9.712467709712298,9.71703346476503,9.713270370331342,9.734758369524194,9.728724777649711,9.737330529815285,9.721761633561519,9.724311650140992,9.651973599413063,9.690431900515458,9.726584468768207,9.677955120118895,9.71351644865778,9.660902520693364,9.67341084322513,9.682456005857501,9.669371093860537,9.665493192997676
inv,4.791837442014948,4.952083862460712,4.68651379695833,4.926328310733374,4.858688672188922,4.994641368806078,4.82586808441254,4.758841766779628,4.86376638852994,4.878452776863028,4.462534901648699,4.591896726594301,4.674652052234167,4.359862864859335,4.695571485217679,4.12331688756862,4.375435140411511,4.535607711196476,4.422866392847459,4.254126521063862
CG10654,4.636673698105954,4.819561769386025,4.752780325594786,4.7670635919764415,4.715412681887171,4.9422576692466516,4.703912238687519,4.815795066709358,4.6589226833602515,4.759944238743881,4.442155858313232,4.521188119500161,4.65827821770557,4.3149947393045345,4.431301422703006,4.151037921079969,4.397140473498854,4.43953728223337,4.309259381991779,4.348144457779132
Fer3,4.219196756313483,3.4704902448648,4.002543151612381,4.162259722245739,4.015795961784411,4.036617711781993,4.284724698343209,3.922913079873525,4.156186263043514,4.210475851224771,3.533199907433522,3.3888130898620514,2.074884141756086,2.6900691010516873,3.9803536639359542,2.700613341480671,2.7047786576118726,2.4206662125771254,3.898470703197291,2.6999548757030736
eve,4.71208688857301,4.312585242184823,4.533021009966723,4.5534005024248785,4.635260491970579,4.422360253282771,4.375184377339326,4.4526851865255725,4.5504002625431506,4.414782408847015,4.333522694251337,3.8019452645423844,4.097519548448638,3.2201635704618106,4.527362805073365,4.094805435069046,3.301676750496471,3.560416523112156,3.7416475725184313,3.3589201831925086
srp,3.8663919731693337,3.7980365408432295,3.768238912206915,3.9519578907288655,3.962729828078867,4.036617711781993,3.983129265472029,3.9115822703215937,4.147197504882331,3.821019800499011,3.480754220361416,3.2018629172613715,3.3622657872814554,3.2201635704618106,3.599744348842028,3.6685330482714993,3.087696432075726,3.068364881266749,3.4477018659966014,2.999908934950797
CG33557,2.8087944852219353,2.51188788111343,4.053445110784558,4.232020432907132,3.370522546542523,3.754804083912701,3.197818887214809,3.8284541898647646,3.386354988735014,2.6337011530028227,1.0112819334129592,0.987368757704784,1.5000274015082167,0.99937621774915,2.0514064740672597,1.4978838608642593,0.0,0.0,2.0991888994491608,0.0
sim,3.3574332101794857,3.0890922419132782,2.833614382062125,2.7026505013382094,2.8021606505488306,2.66229176684583,3.0995713565204106,3.2819635402469625,3.3668424874482055,3.3331129343304955,1.5036875206321143,0.0,0.0,1.4891156893257556,1.4791964329041365,1.8258907838395606,2.0763747835213886,1.8126525103060773,0.0,1.4973358514607686
E2f2,7.2166662564202,7.227934170648208,7.2595419258453795,7.247864891291303,7.251945064082379,7.2508110681311395,7.190888299908137,7.2041839133467205,7.240385285843083,7.2284775619979245,7.1732658175762944,7.150094875874169,7.152334674495014,7.096523079936892,7.073707876657651,7.139988691997419,7.19542823010618,7.171247413755234,7.1949443172433165,7.155664269826068
unpg,5.52781396013227,5.600681395241116,5.694156801977397,5.605231597410995,5.6538121895959215,5.510595745716651,5.611617460823255,5.471920540546002,5.596365601367028,5.581160413766718,5.24652541397212,5.34632698246909,5.1653035191340235,5.035498428539112,5.055692692684553,5.162559273874562,5.1963910336918815,5.384629572772544,5.152303686532697,5.068113392392118
CG15107,6.7497270058907075,6.757214469763156,6.80836057051607,6.7748992754465815,6.773307888286666,6.7708204824412555,6.763558466582244,6.763328273407998,6.774733997776956,6.804880472412779,6.719417849282189,6.67526363323938,6.704100554792995,6.687913780085626,6.668666222073937,6.686292325001536,6.7100621788412536,6.75162315973585,6.71676185854761,6.696361506149878
slp2,5.913397938387143,5.935498427946498,6.060549132887917,6.018683489194028,6.030923534486095,6.01368110255227,5.974502600817507,6.040636269751205,5.997758971118189,5.977952461054881,5.680525900161313,5.723040544498762,5.722468594061877,5.7420482453441695,5.919273269948677,5.617879582699663,5.768724932550229,5.837084363282839,5.750126058941268,5.790442981270044
px,6.432472542105124,6.452435926284018,6.462563027451732,6.452560868765569,6.444738567135438,6.38858461996416,6.492440162974019,6.436222986140387,6.453606043579793,6.416748811590511,6.278021067668455,6.285185235330112,6.336920459551243,6.365105803176732,6.349343125565465,6.213132778879302,6.449337186638031,6.336709736669943,6.233092170398008,6.276406725552217
Wnt4,6.332949285988465,6.438044153879255,6.466125714503112,6.391291694616738,6.367102763208585,6.437990257474581,6.416779255456966,6.353496330140335,6.3740692282264,6.365541511395882,5.986579910602185,6.012656705379813,6.2228179377463455,6.133496187100367,6.185563645021779,6.042960669838056,6.251771188596051,6.17982540424623,6.02698601182654,6.098366216364703
so,3.8784067433775666,3.9062299312011732,4.259067686698967,3.9063525537932726,3.744327804492199,4.026332258779986,4.035091037710864,3.737784147497192,3.9698312376395757,3.9190148464768386,3.167102345549024,3.1308797760458003,3.1625922978879957,3.6575154123195865,3.0604193352270577,3.2973769443533207,2.7047786576118726,3.3443545833307593,3.02959054728758,2.90956556036651
btn,3.621040804378466,3.036121483213773,4.408880803101123,4.4968613868746825,3.822549507284439,4.115301258298232,3.833849097658281,3.8033763582905826,3.7673639691901237,3.5234310821393615,2.4418893391591,1.4743796360909367,2.272592755132589,2.4247602865377313,2.5543518441830733,1.8258907838395606,2.580756922622829,1.8126525103060773,2.462944190907197,2.0718540986082123
Hand,3.316386560720333,3.2978651472395994,4.415813275705412,3.7555485561030797,4.261942198095334,3.9286678620733264,3.643435654134595,2.895101538680246,3.8557486212476726,2.283671952002569,2.583534097702792,1.4743796360909367,1.5000274015082167,0.99937621774915,2.0514064740672597,1.4978838608642593,2.274121768225004,1.4856383595839102,2.0991888994491608,2.0718540986082123
bap,3.4160072290887027,4.583496583299895,4.234526428108937,3.7140052779816806,3.390037584032302,3.9948255025242263,3.9395238382222226,4.0886560712053805,3.7934237967648476,3.895401583730523,1.0112819334129592,2.0459687724646805,2.272592755132589,0.99937621774915,1.8056830198715774,2.700613341480671,0.0,1.8126525103060773,1.0260011840063237,3.082762379504569
mid,5.196133078906936,5.147817401033992,5.1602996316586,5.181166072655058,5.136596335226226,5.19336472507741,5.181514373287363,5.052906306475587,5.152824772074036,5.339415803956497,4.356213957915045,4.885560797174878,4.722223889665981,4.502722208597035,4.929218358456995,4.940846454547889,4.537163487979342,4.5715924109697434,4.702143731179584,4.749289988615474
trh,4.073127658580301,3.99346393321393,4.20083882059464,3.917950351306928,4.015795961784411,3.917203205633911,3.9395238382222226,3.8649297851515096,4.1381272155297655,4.060243740698589,3.167102345549024,3.3888130898620514,3.625913687792474,2.6900691010516873,3.599744348842028,3.753416005939242,3.004822564872209,3.2821654987732964,2.8396037804487086,3.1592732826979293
cg,6.859154900302091,6.865680217423522,6.822778629870375,6.840897087644325,6.867141669449896,6.857348512262255,6.838103574754272,6.803314102853213,6.863931270614415,6.783822935902731,6.700230429051082,6.710751016339073,6.693372551262891,6.581978643796008,6.710814092061325,6.743140641770565,6.697229793847253,6.683426920198487,6.683723476994218,6.679066634922637
cdi,6.502410303598159,6.528088595509547,6.529009762942657,6.419091918913596,6.530249976139937,6.507803171269743,6.480220900310913,6.489533130582272,6.524770255202724,6.553789667315771,6.241236444562757,6.291443200077663,6.361269267335947,6.1409150989068655,6.322321762978155,6.361516330643116,6.2279664864015745,6.261341007216905,6.267630916004641,6.308504337177876
vvl,7.570403292722607,7.515126200366664,7.46559040629372,7.4272429886129885,7.596714276512765,7.522144838602544,7.548674106959061,7.577559162557585,7.566063523923769,7.578775642523511,7.11386197222996,7.293883872012312,7.303838356871707,6.949825919474391,7.215354858873194,7.29048032936371,7.269762872973627,7.2149233091719305,7.233154179597341,7.279061505123704
Poxm,2.843007036913847,3.0085453257044312,3.3067737635976537,3.111682599504624,3.100706054111856,3.1613103188070704,3.581636339485783,3.041321797049735,3.2847465108836156,3.3941048427517813,2.276817414426621,0.987368757704784,1.0082885002525266,1.8164130930450093,1.8056830198715774,2.435072436098857,2.274121768225004,2.058673533796187,2.2975158929227266,1.4973358514607686
ftz,5.976889072237948,6.08927133576545,6.117577920585474,6.143228224212564,6.1065318775974715,6.031934254179254,6.075522234359649,6.0673845610903925,6.09116456112529,6.180731689275985,5.782555902324093,5.593900031926848,5.899484504407123,5.785162423498615,5.630968741263883,5.901492240318461,5.768724932550229,5.770078402489923,5.810898535772738,5.617176255492273
slp1,6.449964649117523,6.598418277090091,6.577889406243272,6.590684752837415,6.664644040528179,6.561655354622808,6.651690300930493,6.634275891625055,6.698855433582023,6.763670472016151,6.254769745773791,6.1510230902507566,6.233124671754054,6.379765273504169,6.294549920433408,6.296493245034621,6.245027470711993,6.330641483930534,6.3237403764197255,6.246610734850652
Dsp1,8.459712357219912,8.459752012901532,8.461653350934,8.47641953388274,8.47849128190721,8.474690352123684,8.503536263066255,8.461727304480435,8.476110069208879,8.476814741737957,8.384188658843426,8.39813217605168,8.437314492951918,8.389498859739014,8.422794092860178,8.425462629318783,8.446158650815244,8.409285265604039,8.412005228592173,8.351748375653166
CG7903,5.852259308258411,5.852802259299713,5.8102818414807365,5.859989531553573,5.8251090092684406,5.865822189130483,5.81028957544109,5.846796577307441,5.841418555535317,5.961440579856218,5.532890173381443,5.700767135821246,5.728148026227535,5.612899218359598,5.630968741263883,5.769706910785878,5.72416754288671,5.645331108115842,5.635583614686627,5.654314657642707
fd96Cb,5.870345008824781,5.698316845255683,5.811993440145945,5.822931051457455,5.7531789855680096,5.666510623931298,5.909842361652752,5.775185968280068,5.723583843351421,5.705880141918575,4.102150355731753,4.970880866282221,5.184994153314537,4.989819289943448,4.755658571706134,5.079675543051139,5.0622711142251156,4.688225732767846,4.669114917838731,4.821705230628048
hkb,6.459049576040054,6.513072866343173,6.616873121784956,6.622813532187877,6.447467716824528,6.50173322120841,6.520665347533963,6.51515900350091,6.491554535971174,6.610729402112203,6.037967299449519,6.024947218987583,6.173263327894654,6.133496187100367,6.160835272699805,6.293288894645828,6.1821956826172295,6.200835671068149,6.000733041573986,6.0626589627163145
bnl,5.490402987400999,5.936994839438869,5.766511121284031,5.613729192773717,5.7568104397659665,5.780113066260128,5.720582962198078,5.72070190124146,5.736564997970713,5.70978104760671,4.594623617746876,4.734784175659817,5.026894504835996,4.904487548777885,4.770132683974229,5.211076685426983,5.18668913677819,4.806733387629066,4.401154112510446,4.84926413907387
cato,5.924263698033886,6.103297427974929,5.87495426661949,5.914689791532666,6.037789390616206,5.804861311358631,5.803401858276425,5.815034922282009,5.886825565464888,5.762853741546003,3.090563947796744,4.093438938398474,4.257543292436805,3.5647815636126,3.880570294507952,4.734855394774185,4.008426264903796,3.737988990519474,3.02959054728758,3.5750848814795235
scrt,8.24071066727959,8.261192471065796,8.242392545578147,8.258599774478686,8.23987490028155,8.244986398938863,8.238686995594707,8.223595433259534,8.223119443860515,8.215601145170124,8.111651846131213,8.116954161626971,8.201511299901105,8.164752999478152,8.13865563352906,8.190602710760816,8.127364125164846,8.101423831987221,8.140960773508912,8.053444251487328
mirr,6.685491937031408,6.753256068677014,6.628277927783105,6.6768513577324855,6.6491712025845,6.705604999687622,6.656855425451684,6.716863274228995,6.678950753935641,6.68094963014632,6.303948421846765,6.300757325329911,6.501328811694114,6.304219495903063,6.346376557230951,6.385215806945988,6.297745210520085,6.1177809935634,6.310818576031815,6.121481826954645
hb,6.564524770268253,6.551816141091516,6.571508523371262,6.600984123237947,6.544366949147652,6.620508701765915,6.53904904404415,6.559693047694412,6.55610654359172,6.568743812071526,6.174326974700967,6.136561196334847,6.3820987408231264,6.359181309029529,6.355249990476038,6.391053944100536,6.44380579272441,6.176280371971912,6.326944904521869,6.305340542572712
sv,3.841920499261398,3.99346393321393,3.5799570068808277,3.833790596034076,3.674117787982918,3.456785358454936,3.7295149146416406,3.3238493124478232,3.655751265719439,3.6832547141130347,1.8321603909450803,1.4743796360909367,2.9128429013434327,2.8002817480579147,2.2485029323428227,3.2310220219171732,2.0763747835213886,1.4856383595839102,2.2975158929227266,2.4344283939506486
jigr1,7.474906529725921,7.38339019150472,7.449092461432974,7.4406074792585,7.436921897847683,7.444261049230612,7.4754648885176485,7.469628886967973,7.469266346696395,7.455221042858111,7.327115299625217,7.401234891252656,7.384820164486343,7.365344544111293,7.314893495332727,7.352456891069707,7.330989179045846,7.311879272082934,7.376244906409443,7.325822130925702
luna,6.598921780858698,6.507171977998325,6.542279714989975,6.467984533462067,6.596577404569485,6.599434348932137,6.547294838893384,6.53684900685964,6.548773046498362,6.518868790877339,6.278021067668455,6.386584994334319,6.327634606414314,6.329020620530123,6.291416006512847,6.385215806945988,6.297745210520085,6.071545157078337,6.144980781116447,6.302166706593998
Poxn,4.227654761708339,4.349829192716175,4.0129329359378465,4.1347915633296095,4.245647783567908,4.026332258779986,3.833849097658281,4.079064213592714,3.9369518597162445,4.070324257878214,3.0076782576189283,3.763617244703258,2.70318823475849,3.2201635704618106,2.4130750401014898,3.2973769443533207,3.301676750496471,2.8952997752502796,3.189180626182374,3.3589201831925086
ato,4.567173909455965,4.505268518714145,4.415813275705412,4.380470371677435,4.316968425510803,4.68943573229506,4.490765743961163,4.439329920789539,4.494572097691327,4.378599561362801,2.4418893391591,3.3888130898620514,2.70318823475849,3.2864896543409876,2.2485029323428227,3.359601537861642,3.2353105245930878,2.4206662125771254,3.189180626182374,2.6999548757030736
sens,5.055602718445159,5.183389295062307,4.8777988259541365,4.93052604263819,4.960150881259687,4.833086483667093,5.017525168826438,4.924951774566822,4.952338165512546,5.000348845714483,3.090563947796744,3.638942470867382,3.9413152132506735,3.2201635704618106,2.0514064740672597,3.9042128470522317,3.2353105245930878,3.215850956004431,3.189180626182374,3.3589201831925086
ttk,6.062467444330038,6.022913369638232,5.871737533008432,5.88125912356908,5.981495487768084,5.9643045293138925,5.998955587717606,5.9258571471304995,5.936313760198118,5.982408782517663,5.490502480845894,5.67220906718781,5.722468594061877,5.554849314481833,5.459031224318735,5.545988906900568,5.628614378419732,5.384629572772544,5.562732034139072,5.724693398208795
gro,7.101779515824504,7.130391248424822,7.123637975112094,7.118964771483063,7.125629527823776,7.113968230546526,7.120283767833808,7.105002850002985,7.134194002023097,7.125752066156571,7.032344035032485,7.066034223702838,7.064030458820636,7.080765305169052,7.075142411751041,7.032573211000319,7.029342353447114,7.018318257150975,7.078261780144444,7.044052508743464
odd,4.994916427730147,4.898631586452698,4.882141952163678,4.947142948922485,4.976103734574877,4.785846745080508,5.142132259519819,4.94136200260055,4.923677139436092,4.9049207729120425,3.6304974610803646,4.341039419120947,4.153754545284462,4.1121932547614195,3.8080486827640945,3.9042128470522317,4.208673987768948,4.135488483545136,4.378959926431925,4.370329921583624
Stat92E,5.513948339711602,5.386791044953733,5.2238636695061045,5.3652660205354,5.351113459708484,5.401772831618625,5.465370719554364,5.319665459493292,5.3445973329298875,5.412777983241078,4.801472583164753,5.18086774625906,5.0154099486937636,4.978065863471133,5.033855397065935,4.902903717685727,4.907335192765468,4.996974001220104,5.054461992595757,5.110865719875781
Dr,5.371646204654849,5.381593062130622,5.406313904747593,5.329372796321682,5.432045988576536,5.425016146028063,5.313940461554891,5.440307418591416,5.39510629677104,5.476218498297033,4.9482621493098895,5.171352362289444,5.026894504835996,5.089810879321556,5.0664350800887235,5.035506555379173,4.89436037174173,5.1468502716862625,5.131373377419294,5.3264972547535265
caup,5.33057063221882,5.303018382764497,5.245189735606526,5.262531010048841,5.3565372876923805,5.140499262559123,5.184727266317532,4.977329068734159,5.27399655544534,5.339415803956497,4.072798390593215,4.296182581894232,4.395456957438851,4.4835213304556145,4.470840021197804,4.413974058529327,3.9762416573965313,4.639895612774911,4.422866392847459,4.703182166121432
retn,3.936406186214315,4.191729072784647,3.948910567711081,3.9519578907288655,3.9181513026523795,3.984098726460382,4.140708507010863,4.059599994926563,4.032514401531513,4.099970082727255,3.090563947796744,3.1308797760458003,2.8134999195876773,2.8002817480579147,2.9776596377232676,3.2973769443533207,3.301676750496471,2.255961051189237,3.112565838132965,3.6225402004782556
Top1,6.300628948388445,6.315807962767002,6.278946722445256,6.274932253655877,6.321788930506516,6.359932918879771,6.316473794041768,6.330432019585094,6.302411907430914,6.38157870619485,6.1104126772490375,6.0490841527769454,6.113449051065436,6.027549108825864,6.206283328574273,6.159563080272563,6.171328901761122,6.114008616672635,6.167747091913686,6.222806273302376
eg,5.170219177729071,5.061932307940259,4.945122035010276,5.103219748771713,5.01109352068532,5.07022727734696,4.974923720724566,4.834080798019936,4.919514816760539,4.951697590307157,4.502087855877324,4.4838660153529855,4.328875765493652,4.644344787254737,4.798467175634343,4.434775207395593,4.6599665883981825,4.377127740967794,4.669114917838731,4.4940040662545035
psq,6.965440478355851,6.971527066802532,6.944512894964497,6.9388686526315215,6.9611077745229375,6.963639551942744,6.978766345790024,6.91562017180823,6.957843497661937,6.9427407176505325,6.744441481406025,6.7819845316813,6.803558941206345,6.766049197968267,6.790127913252022,6.8180412745506205,6.799448429194943,6.71292850630369,6.935754889017233,6.80009687192054
pnr,3.6054718992317696,3.810652535930876,3.443574061555535,3.085519693649618,3.674117787982918,3.5771526123917674,3.287271482916941,3.8284541898647646,3.5132198173429736,3.540613015615951,2.0790029203281803,2.548596172625234,2.074884141756086,1.8164130930450093,2.88742772633004,2.270117483480841,2.274121768225004,2.058673533796187,3.02959054728758,2.0718540986082123
crol,6.901872813527127,6.954375509266175,6.918838249507207,6.924143550438301,6.937457483117581,6.9193802169605,6.941820604194041,6.927974633152656,6.952396121793145,6.853803896993374,6.633475473779462,6.743038327043945,6.731466396680472,6.607796671265578,6.786308126478221,6.664389290770391,6.781803453227404,6.7003913887524185,6.755018925232585,6.7424355821215505
mael,4.404724010312088,4.233658483730593,4.2908797029640855,4.547273942035245,4.35449792611464,4.222810741668966,4.345931029058987,4.432584800707135,4.597536889614937,4.48344256021605,3.97918972899623,3.8019452645423844,3.4761906513864034,3.612223048854253,3.7697152334467736,3.5757710062172805,3.6275728636100153,3.9885332420810773,3.823130179594566,3.7926100697318557
CG17124,5.316495086936459,5.352510909415748,5.205215067215724,4.999316642397003,5.29519301795717,5.314458687507613,5.191122249181907,5.2045811358909075,5.355444872746986,5.287336084773569,4.9727816803483975,4.734784175659817,4.752725955201696,4.627700635794285,4.710935113491337,4.6719178048061165,4.769325089687093,4.517117829246147,4.8526706446364,4.513207209677824
slou,3.8902788710049307,3.6476146901340423,3.937830030401645,3.728045673626073,3.614169505464609,3.881998858324927,3.8703289763448887,3.97771777613926,3.7673639691901237,3.4881553620135892,2.8179268962670276,2.782382011961588,1.8282067591613465,2.5661876050299455,2.88742772633004,2.8109056912640185,3.087696432075726,2.7960629658494764,2.7291002870079177,2.575978905047461
Kah,3.4160072290887027,3.2978651472395994,3.903832134599972,3.299479952419344,3.702795988757437,3.5771526123917674,3.7016370822023386,3.3238493124478232,3.5132198173429736,3.5575047101019575,2.4418893391591,1.4743796360909367,1.0082885002525266,0.99937621774915,1.8056830198715774,1.0065363301692276,2.4391467263161863,1.4856383595839102,1.0260011840063237,1.4973358514607686
en,5.56387567726691,5.694512863480413,5.590878296464612,5.613729192773717,5.70663680887476,5.721134314481976,5.514997409607163,5.659115078697695,5.606908643327296,5.643385265602597,5.189676704114,5.081376020472775,5.038248662104663,5.024272767782754,4.9414002501589245,5.046733041635522,5.234283886185238,4.688225732767846,4.933187627796277,4.807635632492359
l(3)neo38,8.101589499363353,8.083244439971846,8.084063169240508,8.120955045376903,8.125542388978486,8.121915402702083,8.129768403538302,8.116803890263943,8.118844129350284,8.114726434498976,7.960084252713125,7.957646255476212,7.98604554173123,7.959468149070347,8.02393569821059,7.970771956369552,8.018654409467613,7.903923329305587,7.961509445774998,7.925303114527603
HLH54F,4.737698858651799,3.835416847484553,4.11129297797327,4.50330370217264,4.132723958922092,4.469915308717556,4.131554809592378,4.009214494695009,4.46872265353264,3.942083361587314,1.0112819334129592,1.4743796360909367,2.074884141756086,1.8164130930450093,2.0514064740672597,1.0065363301692276,1.8296375566622443,1.4856383595839102,2.6048511088454807,1.0060884871723723
gsb,6.998674463799845,7.091093742806425,7.132809199242621,7.076766931363188,7.0379784543402595,7.118203081503536,7.049793112468757,7.027752099122487,7.064900206140772,7.11003896931495,6.770861931520276,6.664581911126357,6.617200614759079,6.756110389428059,6.704604050052115,6.777343977359474,6.812960232775484,6.727359212179182,6.599671532270839,6.715467268230109
nau,4.959089118207909,4.698210059455803,4.727810146275744,4.652189290185743,4.640808536111264,4.933949404868374,5.097641885652413,4.834080798019936,4.872547971999758,4.996383766469627,2.4418893391591,2.407393200977347,1.8282067591613465,2.2599837774827813,1.8056830198715774,1.8258907838395606,2.274121768225004,2.058673533796187,1.0260011840063237,3.082762379504569
CG12744,6.086381480733009,6.052654715239421,6.044414312908104,5.9769041666516936,6.155155083927218,6.078155366025133,6.121818092897184,6.062091834454178,6.10017072376621,6.114141079362228,5.606221306332295,5.677986298795123,5.387304151749762,5.4932208154744435,5.48748465496491,5.552742221365826,5.641069899800207,5.42307066126971,5.58984155139488,5.538486557688587
pb,3.4160072290887027,3.6176568627066157,2.3171538239779346,3.9519578907288655,3.0201129221253495,4.046798450362062,3.4268113822515427,4.009214494695009,3.7934237967648476,3.3941048427517813,0.0,0.0,0.0,0.0,0.0,0.0,0.0,0.0,0.0,0.0
Mef2,5.728805114192235,5.540287705811995,5.638779250836223,5.430867739724501,5.643716073662894,5.591588793097894,5.598978961728701,5.49557595614462,5.633811409911268,5.690122544023833,3.090563947796744,3.5462568560042937,3.0032025674896072,2.899544416385143,3.914949669516064,3.1599492152013493,3.6275728636100153,2.8952997752502796,3.02959054728758,3.3589201831925086
lmd,5.077443060691194,4.935939214604054,5.13032229171172,4.674081075729539,5.007265679272043,5.051859638502488,5.076420647600035,4.899820181975072,5.080937744899888,5.042957578114059,3.0076782576189283,2.6723055674468097,2.272592755132589,2.899544416385143,2.7882391642393403,2.700613341480671,2.7047786576118726,2.4206662125771254,2.2975158929227266,2.0718540986082123
rib,6.812627145710641,6.795959848267293,6.78794843446723,6.831552530771108,6.871907145525691,6.791212900061043,6.841780621240025,6.807100179433968,6.794117569652412,6.824865638629753,6.195943851769048,6.288319112961247,6.16962794396946,6.205319051455987,6.256278732277494,6.280367816667382,6.33862196619328,6.221413575059342,6.379907100694104,6.327279741458498
tsh,6.977360010435595,6.918043214463093,7.012154832968108,6.977468065724771,7.005234671642549,6.9358557510189875,7.011302403404138,7.032790512761804,6.991496010846866,7.067890371898945,5.686475758824197,5.787030380706288,5.83034657114989,5.554849314481833,5.555265828497979,5.806930204504178,5.570561060125476,5.62704741134477,5.673191763788249,5.713302222991373
lab,3.5735874870043873,3.5219900620815774,3.28560861843641,3.5939648720413415,3.5169177484707452,3.5273295621539913,3.6283401700801408,3.144623677122361,3.594896751156548,3.3538596627809887,0.0,0.0,0.0,0.0,0.0,0.0,0.0,0.0,0.0,0.0
Dfd,4.300720293608301,4.440632144518368,4.321710838477995,4.477281613107903,4.390669762197747,4.365089506754157,4.211069518529383,4.1352820021370045,4.297793597999986,4.442814665884447,0.0,0.0,0.0,0.0,0.0,0.0,0.0,0.0,0.0,0.0
Scr,5.1093344347997505,5.271521114561154,5.1602996316586,5.078238454580339,5.091798969139688,5.143886506512658,5.094136139036826,5.0492600726525305,5.253301114702124,4.917896615690998,0.0,0.0,0.0,0.0,0.0,0.0,0.0,0.0,0.0,0.0
Abd-B,6.374151542949556,6.228123033555867,6.364192110522007,6.33325941477577,6.254688554783865,6.280702191445218,6.297679118383192,6.346532900883848,6.409471127434891,6.3574254244786585,0.0,0.0,0.0,0.0,0.0,0.0,0.0,0.0,0.0,0.0
abd-A,6.476086803689084,6.415133969975702,6.387545171218632,6.371658665627387,6.413276167589922,6.426803682167157,6.328810158603676,6.464121160484553,6.4197587950159045,6.354364828767421,0.0,0.0,0.0,0.0,0.0,0.0,0.0,0.0,0.0,0.0
Ubx,7.920412813652582,7.940473450776495,7.950122377289815,7.882425128114087,7.959667216543188,7.9263838496982055,7.930661751472422,7.92597250817356,7.910173651422118,8.04146566810089,0.0,0.0,0.0,0.0,0.0,0.0,0.0,0.0,0.0,0.0
jeb,4.900673940976416,4.698210059455803,4.936950360969648,5.085439873819615,4.927460775962534,4.96273126290036,5.083544548854937,4.847578957862217,5.088011140214867,4.926454571357106,3.167102345549024,2.881534205127647,3.3000350441965423,2.5661876050299455,2.9776596377232676,3.083435929759629,3.087696432075726,2.985571606566405,3.189180626182374,2.6999548757030736
ab,6.245073138033634,6.228123033555867,5.966937978034676,6.076255374869692,6.18866129406836,6.181557668399756,6.153969388966138,6.235806956408403,6.217277426319766,6.24885695285072,4.612145880463972,4.574682750877929,4.9681055015596005,4.423602308060673,4.878950251395023,4.808335761531151,4.723913260759272,4.806733387629066,4.669114917838731,4.532048529622797
twi,4.252607839200965,4.335097644222141,4.380660087016748,4.305090508196326,4.339654709939603,4.170500090843794,4.193937926157237,4.2713659292558095,4.313208063756562,4.22776205269287,2.276817414426621,2.0459687724646805,1.8282067591613465,1.8164130930450093,1.4791964329041365,1.8258907838395606,1.5013518543384636,0.9965398148064776,1.5216497625389214,2.269484533106175
His2Av,10.594338958334472,10.596669180615367,10.619657160516867,10.60917523064087,10.604263639413297,10.601155831138566,10.608268148648813,10.601861891796895,10.600651557477208,10.597951692921125,10.509846809833263,10.514806589249753,10.522583619831119,10.522524881099656,10.512928022229708,10.507895229502372,10.518270938938095,10.498431003066429,10.520213512956621,10.527332701868698
lolal,9.086508134045689,9.0895808493104,9.102847079843299,9.072203386811362,9.089591373140737,9.058371473426082,9.105083444143787,9.095744927464901,9.082345910674102,9.083056083352398,8.900184089802773,8.94472081015618,8.930397961475062,8.95341034028985,8.944571992231088,8.913254820229835,8.939445826391657,8.9113794374704,8.941184137824354,8.97284953055489
E(spl)m3-HLH,5.726926233363385,5.694512863480413,5.5450436855278795,5.492429539655308,5.527642444120321,5.571947179136025,5.5818752537371035,5.622729487074032,5.677752505484113,5.558773194936815,4.870875771823717,4.55716725628718,4.589962458043011,4.73878041857034,4.929218358456995,4.915711925789816,4.591649686870384,5.008457138225608,5.26944361987721,5.068113392392118
pnt,5.894491755107034,5.897341325415878,5.9081196035071555,5.87639075624638,5.9521137612470865,5.9613226815453295,5.950928634384032,5.816731978271353,5.979140481707368,5.872873462374888,5.1798795923711864,5.070859987216396,5.260094352366875,5.21859633923975,5.606365752172447,5.284117828298774,5.105486778617118,5.250633591917722,5.4462866480075816,5.334895273259938
dmrt11E,4.747762753694825,4.486312462752639,4.68651379695833,4.50330370217264,4.735744354030957,4.77612497857728,4.739585495353143,4.510670242482177,4.736985374115514,5.000348845714483,2.276817414426621,1.8004693398609815,2.70318823475849,2.2599837774827813,2.678117884955622,2.700613341480671,1.5013518543384636,2.058673533796187,3.389063936649124,2.269484533106175
grh,6.44905160040262,6.3686477449662515,6.278946722445256,6.3311969720333865,6.455610758917751,6.402128073550584,6.450813469822109,6.437135181985405,6.37114311290271,6.4282025742529685,5.824762555155186,5.856851528408897,5.820067636871432,5.945635916722239,6.128115797059088,5.812136488749657,6.185791858845293,6.006371585021002,6.171491591491409,6.0545478421834575
aop,7.483709311947917,7.5283074152226375,7.4600115899018125,7.510287171961598,7.569577106575629,7.58766796061043,7.581320413774326,7.527044216530192,7.553865532598327,7.667794639645856,6.715185681081457,6.745022085609383,6.90104922856723,6.919752612888248,7.006926411176116,6.9998638864757075,6.907996128689379,6.9220261126453595,7.163566356311516,7.132377983626165
chn,6.0170821074117065,5.942958192956967,5.956632391526307,6.01727150677681,6.0142505573007305,5.9613226815453295,6.02559592978886,6.028362092216336,6.036720376151746,6.146104849960498,5.3596188270623095,5.199631119902105,5.286863880344994,5.500259006428874,5.48748465496491,5.525450930590151,5.494701033425833,5.523452051458227,5.583132759568789,5.660372476993266
E(spl)m5-HLH,6.82273633499543,6.736591965966958,6.574704054256911,6.732965097487567,6.785044008986667,6.832042042991876,6.881360153390909,6.818995721123893,6.896225269348691,6.8550432832819945,5.798592876669875,5.8520227884721026,5.908982405890336,6.1628472012139826,6.233258220341795,6.000862660038366,6.255126069707499,6.461664608899897,6.4097994477861695,6.151494237094485
E(spl)m7-HLH,7.513765301254609,7.407045397699239,7.376307979002551,7.420666805204252,7.431842726798392,7.474634929493174,7.473515409437366,7.430560848176798,7.563398632921918,7.499426002378938,6.57422650708888,6.826802112800744,6.888705012851681,6.7952863420832825,6.937011201792941,6.889490284631539,6.933811855487336,7.01371762304773,7.027171719740215,6.955467770142439
Jra,4.883337368259277,4.814980185438372,4.6211841841215735,4.737019910354261,4.817819245143568,4.736264286913218,4.892486499068126,4.763713743756722,4.872547971999758,4.7240801250579025,4.4001078754034975,4.4838660153529855,4.674652052234167,4.610774760894642,4.545515394529964,4.77958823793973,4.573815457535882,4.749234041922339,4.7341164312431845,4.654845218254997
ems,5.539223568510783,5.54250861856805,5.549500524821908,5.689086850899866,5.685451377762569,5.522244764634263,5.528735580386263,5.637037172550435,5.523846322935486,5.554234974141095,5.208987595600741,5.288504433772173,5.304320227924874,5.527926626925964,5.376333332940888,5.5323438967003655,5.404802314689883,5.4745203808314296,5.438538196748351,5.422898266136003
fd96Ca,4.1396719628709375,3.45271689927438,4.192236561844966,4.171250629160303,4.203710864374777,3.8578213527525262,4.112992143138814,4.009214494695009,4.258184717824748,3.883382511562805,3.0076782576189283,3.0544704058251,3.1625922978879957,4.024114778210883,3.2741450702657806,3.2973769443533207,3.580110848109116,3.215850956004431,3.5555725452150138,3.667845172361772
sima,6.145017021521425,6.104562825645596,6.131341053395655,6.121822872469154,6.142911194841377,6.169505344520719,6.114249430474402,6.181972391952595,6.205819276803683,6.146104849960498,5.982176008443959,5.961925979665277,5.981882909596142,6.079963016789991,6.071085650636467,6.1484959603232925,6.043283659518438,5.958966316932535,6.09783164332436,6.070704821960138
E(spl)m8-HLH,7.206010772344266,7.1825055643337175,7.055492024902218,7.171554945758706,7.09282040273254,7.166328383974012,7.176985587726131,7.156488857222841,7.28797045919028,7.198181422095503,6.698075588852015,6.853826218925386,6.854410229141545,7.073519763510318,6.913699737546638,7.034104426653025,6.993179065918765,6.911866610057111,7.028758873792364,6.937105656523617
hth,8.663198252523891,8.631726683705507,8.610510884472703,8.630316039558057,8.661711465771702,8.643951890808943,8.685611134942713,8.64132101128791,8.67930409028905,8.644993714922366,8.498120610742305,8.516100952011335,8.539404647609008,8.597266268218146,8.588237119042637,8.584192806241246,8.546881202965919,8.53303267916111,8.619553219206402,8.642743538997415
Bap111,5.935012660896933,5.924960375478474,5.906564995873453,5.9575935071214525,5.920304664140399,5.920172485638737,5.953905951370944,5.869570828515603,5.838094917630119,5.7991091604213105,6.090809719265156,6.029010716362811,6.058005643642694,5.954581218240227,5.828774153570631,5.920309595092251,6.013878848524987,6.047600058586122,5.950735965417655,5.8268908458813815
CG10492,4.810819477005541,4.898631586452698,4.842357568843094,4.731923688838337,4.657270340538344,4.7712284217927445,4.764309093687996,4.815795066709358,4.868166819759906,4.7447311255599764,4.870875771823717,4.910689715175198,4.943586781706152,4.723647542153105,4.865978230521034,5.0688148430106015,4.945279161127287,4.949675574333573,4.7341164312431845,5.068113392392118
CG3847,5.907135509445116,5.785523497488332,5.8877187151819435,5.8893207677349375,5.851833198422941,5.832414795566982,5.787728818248755,5.8759836155724745,5.862757046686711,5.887647153574513,5.941643011456298,5.842294790380935,5.932339832100451,5.8996682564999094,5.9853503872998814,5.887143144978535,5.8269198039224275,5.913829282093617,6.039858483427021,5.965155705834169
ADD1,6.18148494633799,6.103297427974929,6.170334758736303,6.182318400535198,6.2003608347194525,6.127405621846694,6.185119097932748,6.224593007738725,6.188382060020905,6.232832841686791,6.254769745773791,6.3808965960148285,6.25006995542556,6.205319051455987,6.233258220341795,6.286849224793447,6.134229003678314,6.287100261085388,6.22603892769798,6.29258430792116
ap,3.7375667747921155,3.6327479561535236,3.781353982517146,3.640684707679235,3.482278749223953,3.4004065206226923,3.2656472586016383,3.724133156320744,3.8557486212476726,3.8589021139549438,3.97918972899623,4.0053894737443585,3.974569133491419,4.0836871263316885,3.9803536639359542,3.6685330482714993,3.301676750496471,3.92311876707719,3.7416475725184313,3.937916722684121
CG4282,4.834051280087196,4.810377513927752,4.8195514857602175,4.874531040246861,4.715412681887171,4.715721832768714,4.744579357417373,4.904052886973239,4.771428984065609,4.8829130457907315,4.829814446080693,4.910689715175198,5.060577394327567,4.9661726493528064,5.0664350800887235,4.953180717011218,4.812763955954672,5.095863125171389,4.702143731179584,4.915011209997589
CG16815,1.617768652073152,1.6023858623921847,2.0617949132050954,1.6213216824202181,2.3197825181645926,1.3603682540120463,1.906070551223143,1.81247692513141,2.4725005296284133,2.3967733123380373,1.5036875206321143,2.2429213324850514,3.1625922978879957,1.8164130930450093,2.0514064740672597,3.6232272413830917,2.4391467263161863,2.8952997752502796,3.112565838132965,2.269484533106175
CG6340,6.358273970461446,6.420680472739653,6.395209884875467,6.453474758294188,6.372992384538001,6.419275832868955,6.39788842581236,6.416872107275365,6.4066469338148755,6.423446105987602,6.4660329334234925,6.366532403244075,6.516890324254685,6.489892721938618,6.4744748787683015,6.529457375308423,6.5687818190397484,6.40396979910101,6.502547225163471,6.444174942061259
exex,2.6588803321880023,3.1393976910272556,3.196162065963418,3.111682599504624,3.2220841325902314,3.1109542469644964,3.197818887214809,3.2382463607899714,3.4054940278737473,3.6065324547610316,3.304570624528283,3.2018629172613715,3.578453876286475,3.514976801193049,3.336315213144659,3.9042128470522317,4.330557835419366,3.6078521044506147,3.4477018659966014,3.2303440340335228
mtg,2.698517907255871,2.7907383930971905,2.473320627355567,2.4370650309487885,1.9887992349221666,2.4858218765351348,2.4255006156935415,2.4204750229914005,2.196807221873704,2.1561278284648555,2.8179268962670276,3.0544704058251,1.5000274015082167,2.9898376419811337,2.4130750401014898,3.2310220219171732,2.8151022599979205,2.8952997752502796,2.8396037804487086,2.4344283939506486
CG5815,5.051915832166318,4.881592896227329,5.000527069468749,4.883352386479991,4.927460775962534,4.990707848776635,5.047406430239996,4.94136200260055,4.936061156619415,4.939155729968162,5.087098133177923,5.081376020472775,4.931098235710879,5.199830991035924,5.0448336521258845,5.046733041635522,5.0948566850812185,5.053114803679546,5.250848585418237,5.068113392392118
Phf7,5.084618445548304,5.192875067035598,5.1765734232949665,5.203731353681823,5.119603235720313,5.150626767261732,5.165293219346579,5.139991718705198,5.152824772074036,5.266327041071063,5.264778806546515,5.338268516389235,5.175197300575648,5.272867764033267,5.2242575571271574,5.3603768569610555,5.176892190145337,5.400183779015677,5.4462866480075816,5.383854110762462
mRpL1,6.077149410949921,6.128306061339732,6.103622717386094,6.099949290746276,6.097548753414835,6.181557668399756,6.107898156142109,6.134990282076572,6.03808416617441,6.103693056848739,6.144757797895491,6.158176356041048,6.041583188426919,6.225897140572377,6.150047296437913,6.209649377246538,6.111289888732835,6.172722727720648,6.28111917556209,6.222806273302376
Tes,4.5116835291045,4.517709158598675,4.351619776605466,4.4968613868746825,4.595537641841525,4.576783688545018,4.471315709614783,4.355220793092024,4.5504002625431506,4.476784839070767,4.57678884125214,4.734784175659817,4.879523413156158,4.708282138475308,4.770132683974229,4.604751436090126,4.591649686870384,4.734327342689594,4.669114917838731,4.454454782957518
CG17359,4.439393880001608,4.623214621525609,4.615542396485473,4.4968613868746825,4.678806170036745,4.736264286913218,4.570933778159883,4.6004133648046155,4.580119986729087,4.6594380001330915,4.711283130955636,4.763943409764037,4.83901806164619,4.753687700688625,5.033855397065935,4.836279906380256,4.573815457535882,4.778396929701629,4.8243235508974225,4.550541409190052
run,5.436564972141029,5.546935701268431,5.451462722750743,5.5066570862949895,5.570036405229353,5.489279317070396,5.579716573726312,5.376551925757552,5.510076768183778,5.4932836715042805,5.5997726547210975,5.502088727299617,5.620629601467375,5.661813940426245,5.612573479309869,5.504482285283741,5.729847006607521,5.663286504875804,5.548896602716025,5.496690878985308
Traf4,7.80115345611303,7.877637740683103,7.8103730111965275,7.8356104199823875,7.813287497144746,7.830942361602828,7.834790261421423,7.8144383740994074,7.8508026427782935,7.848525878536093,7.895772534193583,7.777984584893213,7.924368236420496,7.904620470420323,7.963296855243287,7.8954443366057605,7.913394272793172,7.888020547906049,7.8458736884834615,7.788413331674635
Xrp1,5.852259308258411,5.972252921582984,5.842311589816204,5.839946244435501,5.794165103938626,5.854256124140355,5.974502600817507,5.794442382208451,5.905671799762566,5.775693193503018,5.894591385576231,5.802407904878187,6.058005643642694,5.980946805282356,6.014753143321685,6.042960669838056,5.8622639109068935,5.993664135780987,5.9600142473873134,5.842113662073745
Xpac,4.4794708674113055,4.565979473513266,4.654382390483883,4.450564241950296,4.418693757933356,4.576783688545018,4.534729907024318,4.478872252336536,4.507250489894468,4.428896760079115,4.462534901648699,4.734784175659817,4.477851419847422,4.929620008560406,4.648011459144871,4.532746829998582,4.9697981750498625,4.834288967225642,4.544083164719243,4.550541409190052
CG11788,5.261124783029083,5.199149292159654,5.292291996592257,5.238193300666863,5.2298382692787175,5.231256950129861,5.249917901154471,5.282756280427513,5.219888826564785,5.143870597406119,5.300315450353056,5.171352362289444,5.260094352366875,5.548186290097165,5.414772973863354,5.468526846454452,5.356628638722264,5.481658925299224,5.32323993744734,5.292181627903158
D,7.383052752541332,7.4223974303579014,7.4708127776548094,7.477367427042274,7.369513861480816,7.3616372731369975,7.397522986761878,7.480287021677733,7.477054166895791,7.471400977865756,7.624362044509646,7.379406630283882,7.475644017628252,7.491710478661136,7.625547568648355,7.46992134716729,7.49106556640444,7.566336027982117,7.482438779630727,7.567169418048213
CG9215,4.346623810647669,4.466990120204541,4.575132684213286,4.50330370217264,4.293755503009021,4.564787782732358,4.438033933790321,4.510670242482177,4.5623943502106945,4.619705665044222,4.910317355277514,4.425133561166606,4.737591214926031,4.73878041857034,4.545515394529964,4.587230489256386,4.8268341425601085,4.672373815894028,4.444117250856523,4.6212717295172
Zw10,5.935012660896933,5.728238733433676,5.835653213217152,5.869862510776878,5.91102735884767,5.772928166601678,5.837375618881639,5.831877258548849,5.865999850233406,5.827195860150407,5.884909442322981,5.837395071905352,5.885066335833662,5.9938734202139825,5.8726643557128035,6.0221331788852215,6.030787320489153,5.880975613893196,5.969207233632176,6.086604899013687
Nap1,7.574857997743392,7.602246457525397,7.576962458567975,7.5543837784917285,7.586005813713175,7.573473785122553,7.576637587442966,7.563764852189125,7.550567426831028,7.551374183120653,7.637938007292919,7.5865347941334225,7.662301440733329,7.663674214211847,7.582469860590808,7.5750269260829795,7.591003184378251,7.643750014481762,7.5562186357197065,7.620453575772191
jumu,7.244263073999606,7.277277072347546,7.293929278288728,7.296601508750961,7.272060443095052,7.300937317656458,7.267681659784669,7.24605955312867,7.251382236483679,7.304389576065075,7.288426739770293,7.2927385195345025,7.32814301560677,7.356616415068701,7.286290373945242,7.291663655023549,7.306712591070764,7.36085492383311,7.304251231011323,7.321243244691415
otp,1.1968321160252944,2.0537274177894247,1.7180011289383383,2.943332899200589,2.475990818106134,1.827083342934709,2.5669374102866955,1.6067500631713068,1.4877135620738153,2.0856865909136757,3.304570624528283,2.6723055674468097,2.437591015692949,2.062593782489796,2.5543518441830733,2.910232994648511,3.6275728636100153,3.3443545833307593,2.8396037804487086,3.3589201831925086
ebi,5.192930328362935,5.2269061074615,5.236105625379279,5.184421027087574,5.289425060581238,5.18366299267012,5.200638691582247,5.2231715720638014,5.276918391267166,5.235527146239837,5.475964352680272,5.370119923211506,5.456522938874368,5.209257681778663,5.2242575571271574,5.3603768569610555,5.465623604201214,5.4745203808314296,5.406929676717375,5.538486557688587
lbl,2.8760877076997398,3.062957559225209,3.017339725050619,3.085519693649618,3.151038533760783,2.9426107721677583,2.990608988589854,3.094306054205849,2.8658313967155484,3.0709714831075594,3.480754220361416,3.1308797760458003,3.4208497020750483,3.0726489106890553,2.9776596377232676,3.359601537861642,3.7162306081584937,3.6078521044506147,3.189180626182374,3.3589201831925086
REPTOR-BP,8.364973606856745,8.385688021529457,8.386761771987286,8.362385841599858,8.378410886755848,8.371460441820675,8.39562777742811,8.389855831856016,8.361338989648988,8.364137232427868,8.440134879704788,8.361815032500397,8.424026897588114,8.39649574830333,8.383671565996329,8.413209338445201,8.457699788777536,8.424774309964151,8.432863432945505,8.41903185245276
Cdc5,5.7977063919778224,5.792458752760846,5.915856594934764,5.780873020252199,5.814900397258232,5.728699712229833,5.796466371248551,5.818426159140217,5.788617945308111,5.755442211529531,6.00831312018629,5.944427243274934,5.927711788602086,5.936609873987216,5.823776393953507,5.731044294542935,5.9011843571697264,5.8617058188018465,5.842553644145922,5.900788279721321
Xpc,5.962133707197062,5.9650093003934,5.995810458543313,6.0016066743751875,5.988707985112398,5.906070654149172,6.006035301044235,5.940945945062588,5.960168757044366,5.894143824728121,6.1142875740034235,6.088061194563917,6.016432476806357,5.945635916722239,6.022997550490298,5.956914223246315,6.08384508891405,6.027198280136019,6.073396350763258,6.187785796363013
mip120,5.79067317200072,5.802772277881371,5.7930027716133905,5.759161521745572,5.734821228768809,5.758401619407779,5.815424407999874,5.799630408431398,5.7691913140040745,5.7175375024635295,5.937036230844279,5.940004292373793,5.950640746535715,5.8111943682001765,5.706988698866542,5.806930204504178,5.9294117712842835,5.801562990160902,5.7782085325670645,5.978425750467583
Arc1,6.829003072403374,6.8326494483381905,6.847368784410167,6.814509076320393,6.755441339047635,6.820726331065467,6.831944957484277,6.834435218209914,6.79347746755092,6.85998552452972,6.877310622020557,6.902396817435686,6.867182391067843,6.928197431440584,6.810879848318922,6.827491782988626,6.831951507087389,6.882507852810985,6.8802903249970715,6.85094796881391
Brf,4.887699769960461,4.787040921153689,4.722740407764194,4.791428391623161,4.689402623438906,4.736264286913218,4.7594130328333035,4.843099785263448,4.832408951559628,4.804242362226604,4.960597063871959,4.970880866282221,4.918451751436401,4.989819289943448,4.7844002818746,4.77958823793973,4.957613813961722,4.949675574333573,5.007701942840544,4.9276573753160315
ac,5.566086933107337,5.600681395241116,5.434146240802887,5.525317641273279,5.811474235443274,5.847586381898294,5.3417396238629795,5.65712801735209,5.489060273159236,5.874525803350539,5.618995179275878,6.2597542446586925,5.981882909596142,6.052081933806712,5.740216173428156,5.714005785276724,6.034970141791383,6.083306070220483,6.113796305679818,5.9149343606430245
sc,4.608300085108802,4.612026664293302,4.2908797029640855,4.373182996883225,4.673465536887358,4.606158594701751,4.47784117855169,4.485313254009742,4.462154520877193,4.896175716567828,4.679317085297143,5.0053299064812125,4.624703604842637,4.838745790607321,4.770132683974229,4.569397076001206,4.945279161127287,4.912673220835467,4.995662118630994,4.835579618526127
knrl,5.249066706645636,5.26275593333735,5.113271536902787,5.384072443303688,5.3699695337603295,5.173866213782803,5.175057452361846,5.085137601862288,5.201182171556929,5.293258481610541,5.475964352680272,5.5490476742086345,5.346672734415012,5.389101483425854,5.6248745084868395,5.352185192895839,5.420357941127399,5.259555437637574,5.7153517774498885,5.558747061463987
tup,4.691114272925401,4.529996928811613,4.157067871830935,4.305090508196326,4.554171380911889,4.342738136877046,4.330977058468122,4.2713659292558095,4.266232997769626,4.3333778015527855,4.662942527252915,4.719879385567599,4.624703604842637,4.40280399311632,4.710935113491337,4.475122780150104,4.798492970561791,4.5715924109697434,4.838597539119475,4.58653178632071
CG12299,4.921930362749605,4.814980185438372,4.890772022700136,4.8789514403505585,4.770359439482778,4.917122882048308,4.98672344237686,4.949467223256392,4.915335096716245,4.864951349203115,5.149898846013844,4.993978243666418,4.83901806164619,4.929620008560406,5.0770632940152,5.046733041635522,5.073251374756479,5.0198099083995436,4.945998675744935,4.976700987672849
nub,6.7456612211049265,6.72305781242546,6.745829999031163,6.787405821370883,6.725623663935027,6.758786043869371,6.782559904143058,6.787382648393868,6.727304864234895,6.694857020749428,6.85727613904288,6.7781574626123255,6.845186337873434,6.771965411693509,6.8898318521446935,6.891256832335391,6.8832849235077065,6.7811479134180095,6.742428494442705,6.817336154825045
icln,5.123188339125775,5.244991663049136,5.323433998596391,5.25952099256045,5.201820363217153,5.153979937169531,5.313940461554891,5.282756280427513,5.182118895829021,5.164230843495247,5.3261629793507534,5.393359891290869,5.379308868794002,5.486132737063261,5.3199077298647515,5.343925870857615,5.205999707518427,5.352775986303159,5.406929676717375,5.467823932413108
Elba2,3.316386560720333,3.2767072809669004,3.367707237531746,3.2331194954720845,3.2220841325902314,3.1855683107286814,3.308437980678282,3.2156495377201004,3.241024485571138,3.198688997926083,3.4254050033032093,3.5462568560042937,3.7959980139293927,3.40724487867018,3.7697152334467736,3.359601537861642,3.2353105245930878,3.4029015789620685,3.4477018659966014,3.6225402004782556
msl-2,5.040772906104517,5.032814514839024,5.08890125104415,5.1102441182611,4.987903552470787,5.036918687129542,5.14880459492936,5.041927475912503,5.088011140214867,4.947534423346927,5.407793168516519,5.081376020472775,5.223249092212843,5.141324828864249,5.167952265758121,5.2928839701128245,5.116005060787907,5.16653881992521,5.222291178575366,5.141771671749908
CG15435,4.54901710920903,4.5718526705242555,4.648925328819873,4.771984274894419,4.6070489471177005,4.662439976714286,4.724452510626914,4.682761734904487,4.726922437730455,4.584345907200169,4.9482621493098895,4.92302127541769,4.767635046017112,4.838745790607321,4.740971878830745,4.8899293286049765,4.555657384218362,4.719195066933172,4.749727431713377,4.821705230628048
crc,7.865666398008448,7.8746268338854515,7.875870949618693,7.891357213018157,7.879870522475848,7.883849032825177,7.883442868318622,7.854121147369091,7.88898978822343,7.883674905678741,7.9734293357921,7.901894300780179,7.883876209087066,7.946187601517239,7.887353941470256,7.974960880290983,7.907636370021764,7.8982274184278145,7.917498888498543,7.905670755047411
Orc1,6.31116943162984,6.3310480480868065,6.302259054866774,6.328095310289407,6.3135136846139215,6.341727161793769,6.32060284821206,6.3344816086593125,6.3076297598240165,6.329536877266523,6.460576961566171,6.4145515102188035,6.3245200611061465,6.391340061184648,6.340416887721417,6.4985729310868106,6.407086120006047,6.392592632377064,6.379907100694104,6.465999362187451
ena,6.921427917833811,6.920283151147839,6.92335102172047,6.928697488768409,6.955110735962173,6.908436829089097,6.908620129083407,6.908247413861042,6.930304939374328,6.900445043048398,6.994578269394893,7.058820161301802,6.913242920827082,6.949825919474391,6.970990101314971,6.974204018447329,6.93211138717687,7.016787063005687,6.978346506152091,6.963704012236139
Noa36,5.133454249357507,5.083227415261503,5.106368989579977,5.1102441182611,5.066819451491258,5.036918687129542,5.087087558188029,5.1197723917088815,5.241279962818522,5.0728437667651125,5.4537530160384,5.452815516101344,5.32147707219295,5.131232148826982,5.3525396948997885,5.408165779936855,5.224944433631914,5.259555437637574,5.32323993744734,5.3596742830629385
Skp2,5.9812735577476115,6.022913369638232,5.974234625423941,5.97543189854011,5.980046724807909,5.917055885993188,5.923726197885681,5.961694933616536,6.011848656010144,5.962952977036141,6.070814788694535,6.045101571552599,5.964149937334218,6.052081933806712,6.043316013463971,6.079390737096791,6.009606678470144,6.075480850269649,6.022658100412249,6.0666899842977715
Mad1,5.405929379690213,5.414906798521364,5.4316477963736425,5.4755707794570405,5.404071721164235,5.401772831618625,5.410596092526377,5.464713404150721,5.470000769858944,5.538187022429064,5.771719899804877,5.618654725989291,5.507231101885432,5.527926626925964,5.612573479309869,5.667097270415922,5.480268002201767,5.657337122645608,5.5763786556947395,5.598076689631857
CG18004,7.222584104050476,7.233674795730637,7.218078816418543,7.234568614556958,7.1560553860285285,7.198038967974024,7.193043244438908,7.185377978541129,7.208765397717017,7.214741684291871,7.313219298993887,7.316519674467108,7.209298102089767,7.267269527812596,7.262803816252844,7.336754037183105,7.24890510044022,7.30730566725883,7.292138073774595,7.274262895616957
CG8765,3.9250722942689693,4.044357469195712,3.8566253146164113,4.067603416865925,4.141877830098837,3.9948255025242263,3.983129265472029,4.019496738726639,4.012053501707619,4.008258118554449,4.042558767436349,4.093438938398474,4.0379327525386195,4.243676072046165,4.325022003573473,4.371026889374509,4.375435140411511,4.1624550710243415,4.309259381991779,4.122622428295796
ovo,5.660848395746292,5.533595218565796,5.367067457229422,5.480416639593143,5.523073557418385,5.533759644993337,5.510375755167284,5.422861749418872,5.550829360369047,5.596538501779479,5.490502480845894,5.6546743730857125,5.535093021424539,5.67955721837433,5.919273269948677,5.857812088964211,5.74669438731342,5.856829786273665,5.858013192394026,5.701779792311505
Alh,6.353260080988065,6.415133969975702,6.311641460930632,6.348593622820102,6.341172463335691,6.352892233873364,6.324714923377218,6.386645653200429,6.375042700388864,6.368568141678142,6.3955955136161915,6.422791192535605,6.419667334368175,6.452711995645096,6.4744748787683015,6.439348357745661,6.4242013542497745,6.5362329512319555,6.505227770111935,6.416207068327059
Lim1,3.7375667747921155,3.718803407594504,3.4794528291089675,3.3413935172152267,3.566725399395439,4.124715258919976,3.9395238382222226,3.9115822703215937,3.684843878819714,3.9190148464768386,3.8389617985709448,4.249218724713249,3.9413152132506735,4.4835213304556145,4.099577492598662,4.178011181347119,4.591649686870384,4.079270500890548,3.9685305584680606,4.370329921583624
cwo,3.337120474095946,3.3782854164057143,3.071776036448119,3.0586538583017253,3.309582766988029,3.298745786302641,3.4811270744125626,3.560212650700287,3.2184250734426527,3.290281760474591,3.7191619711611414,4.035608943838862,3.7145675853086386,3.8205929043619533,4.011518472067665,3.793300058883556,3.580110848109116,3.5106182675313122,3.50309101138156,3.6225402004782556
sqz,4.27695338953457,4.433932648087288,4.358959299253146,4.365842126174361,4.186430945139366,4.521631285783111,4.367950875770492,4.465864437283816,4.372594351009348,4.385941625075316,4.594623617746876,4.763943409764037,4.589962458043011,4.593557461054699,4.852835722334406,4.39273101365249,4.6763406852123115,4.5715924109697434,4.652182205340315,4.4940040662545035
REPTOR,5.319326090299562,5.378983903347474,5.192586613944066,5.238193300666863,5.2298382692787175,5.4502238230722115,5.216300903556225,5.415290847903846,5.3197513907203255,5.394268832044153,5.4233490030868605,5.600146391610679,5.485813095517595,5.527926626925964,5.7292625658451675,5.431230241977375,5.557189502565368,5.311476870376757,5.406929676717375,5.467823932413108
CG8565,2.326151537827476,2.0537274177894247,2.2591640587165536,2.4865207385878962,1.490665203162911,1.3603682540120463,1.9877737190514495,2.194237631707655,2.2583619996252446,2.1561278284648555,2.583534097702792,2.6723055674468097,3.086069712586597,3.2201635704618106,2.88742772633004,2.435072436098857,2.8151022599979205,2.058673533796187,2.462944190907197,2.999908934950797
Axud1,5.723157847846413,5.617287365780401,5.638779250836223,5.702726324747203,5.657822266973888,5.664503500174762,5.584029283884272,5.672915038847408,5.609003978358723,5.672093285335425,5.709927380461396,5.837395071905352,5.783235791955273,5.8996682564999094,5.756424853062606,5.753319906950646,5.877037160581295,5.657337122645608,5.805523874779727,5.7470937102300725
Trf,6.481407229765452,6.492694590385029,6.480250875886032,6.499009223658482,6.491890085343578,6.554255377639619,6.513895678790417,6.58360321972819,6.491554535971174,6.481785065934749,6.65171701001882,6.4965877309794084,6.596027060318586,6.619315344999601,6.522942617830834,6.542049589528053,6.648716558877615,6.650821372977965,6.611776497307959,6.556248994222118
CG5726,3.6810001179143788,3.8475727598985277,3.685717041908872,3.6557852069762142,3.702795988757437,3.5771526123917674,3.7830420921450667,3.7512512959327307,3.5132198173429736,3.821019800499011,4.042558767436349,3.908832164600646,4.068169908130318,4.054344494773336,3.844966767639415,3.9042128470522317,4.182407445610453,4.188713516063467,4.034001757440549,3.8309636107441283
CG8478,5.896080994665198,5.927982596336406,5.890884530821912,5.90049898874038,5.903229977394857,5.865822189130483,5.929835453999015,5.937946344271703,5.870844423323107,5.839240009036465,6.037967299449519,5.948830717792876,5.990632851153329,6.079963016789991,5.955056851726409,5.983514365764675,6.047414643245823,6.098775169613649,6.02698601182654,5.8960280979461555
E(z),6.075823558569426,6.014646189530721,6.088173409117258,6.131953077504583,6.041886390433172,6.117236803831815,6.0609378791956745,6.007564285421355,6.017429410519909,6.070321126694106,6.203046867809197,6.158176356041048,6.136300710582657,6.252692003835608,6.113222938574639,6.188490238855697,6.200048617497861,6.193881181619411,6.125604737848112,6.106130941654533
CG12708,6.212049245537458,6.268642534000476,6.22611458620746,6.3145424844521,6.2535863155593105,6.215709748127304,6.176827630573938,6.1831485086078475,6.244252906133967,6.190408769369927,6.415823224722872,6.294557557661785,6.352207798359373,6.405622649610144,6.310073840132092,6.4476339584293605,6.389672846098432,6.420796470535854,6.291117302750207,6.1588586803266105
l(1)sc,7.275925007801134,7.299725872575162,7.205848823552281,7.233731697858322,7.203657551585002,7.270357848639398,7.242596863380935,7.266158664695374,7.349312654733103,7.267768743622857,7.265453114497841,7.400206183814958,7.41985282697663,7.381507251315969,7.392974300823269,7.468931322574557,7.402599879530153,7.444185679095876,7.312643974994214,7.39636885337044
CG34031,2.969230511418955,3.0085453257044312,2.9597686374409173,2.7026505013382094,2.475990818106134,2.740074684297242,3.125052886137661,2.5618473509446646,3.0164879335280586,2.7147102035273356,2.917296538405876,3.682250966188966,3.4761906513864034,3.40724487867018,3.207852066127568,3.4735160891955177,2.8151022599979205,3.2821654987732964,2.7291002870079177,3.5750848814795235
NK7.1,3.4347935132992573,2.8579555541917743,3.3067737635976537,3.111682599504624,2.962533391056516,3.1364492161485646,3.3693751925718303,3.041321797049735,2.958919444028858,2.675025762344629,3.7191619711611414,4.174359187029269,4.305659084533774,4.291782444115111,3.844966767639415,4.254822389151698,3.5302834581509965,3.92311876707719,3.934114053308443,3.867900330509741
Dbx,3.471339347972362,3.2550920654246696,3.2639858058541784,3.1862991046059053,3.2220841325902314,3.3406581959901414,3.4811270744125626,3.303125712557218,3.424273632655971,3.2681579918970645,3.4254050033032093,3.8744571567031425,3.6712227541832094,3.9607674968817967,3.336315213144659,3.753416005939242,3.422498556959505,3.816199103021714,3.50309101138156,3.667845172361772
Ing5,7.152317985799366,7.120367314602163,7.145058420850339,7.1585515857458795,7.134352204924087,7.139572154978274,7.166872260647628,7.1444257470493655,7.158489418155583,7.173265799604957,7.1852648142062305,7.190250834701283,7.16318114406233,7.188781533660771,7.211609957255948,7.198783890362193,7.167577683472665,7.197169529133357,7.1704719012735385,7.181064110375605
B-H1,2.1408013535608115,2.4648547078890166,2.3719643006001334,1.916874987650847,2.2001955853047144,2.532943627153644,1.1910826763865152,1.7148946335129742,2.4231097797270857,2.545546529224768,2.917296538405876,2.6723055674468097,2.70318823475849,3.2864896543409876,3.729853553871427,3.2310220219171732,3.580110848109116,3.4029015789620685,2.8396037804487086,2.8102422729639156
Mlf,6.770474195259047,6.784493041833054,6.841277701444613,6.788713246748723,6.81316547491148,6.7879517983698445,6.7747409821225455,6.771193268014663,6.838548442923303,6.81201778860243,6.864607930277048,6.834080247848336,6.832128263679674,6.8799606580648645,6.872427701068986,6.8180412745506205,6.914945747719177,6.870163871340768,6.857966254184291,6.881687552668156
CG7101,4.772488106009298,4.881592896227329,5.095925003312689,5.037676046169868,4.914921120701352,4.933949404868374,4.98672344237686,4.9331905501539985,5.033699312525972,4.922184748321763,5.264778806546515,5.161745565261032,5.204304541654075,5.26402460914826,5.097986732227435,5.0688148430106015,5.205999707518427,5.1953633641380295,5.202789532256273,5.141771671749908
tef,5.913397938387143,5.985160665978296,6.040339600258099,6.028511933682115,5.9843867321096,6.019333026031873,6.063605450023895,5.9891828676257886,6.022979192976265,6.0273307161996925,6.1485021149151935,6.200053587983857,6.147533653134325,6.180763526409141,6.071085650636467,6.129774150719914,6.055625765425689,6.1026053419890305,6.133400264454507,6.0214289987719045
disco,5.439076073213466,5.114343209830595,5.233059157612054,5.450982857324833,5.29519301795717,5.587257208824506,5.368786848860623,5.352567141904491,5.366176005049938,5.154102537008293,5.829915300943286,5.880651549170092,5.433978206309947,6.0234011461134465,6.113222938574639,5.785829704521291,5.979179262769403,6.224802430358973,5.794687107761193,6.37863869132866
Nup50,6.285683091670639,6.170620435385352,6.213603749921752,6.311388651340205,6.293581090393808,6.290419123592804,6.234597335786536,6.230215701071797,6.265104122867811,6.24885695285072,6.46874979694245,6.306918892590942,6.3430634677424385,6.405622649610144,6.358190390102263,6.299687360350031,6.291305487464922,6.415218980646017,6.400925190925735,6.4386435936225785
sbb,7.960095404915535,7.9410782571293845,7.958753070922694,7.98349338072511,7.981847467271925,7.964165055952585,7.971016276644303,7.967084490500723,7.953852738527799,7.949641793993081,7.988974572715391,8.000903255683475,7.999574567655925,7.984342364124856,8.040450531308677,8.026744447232247,8.008265145995088,8.037802924815642,8.035458788718861,8.003676448237105
CG11723,5.783590135261315,5.860902545597933,5.847276438577118,5.795089814657211,5.801124750355738,5.789022199281445,5.777141970615161,5.833545995137289,5.781597303518477,5.797327270678698,5.973309590500847,5.979123768927693,6.058005643642694,5.8710379635613466,6.043316013463971,5.901492240318461,5.952340832085009,6.059644277087778,5.9319170784245525,5.862056847904487
chinmo,6.189806124453425,6.051321853556517,6.123857381949682,6.076255374869692,6.290397199576208,6.112113353274161,6.183938803380388,6.180794890418015,6.097605800408203,6.144845724439712,6.329220502071398,6.325179028111211,6.503939272044489,6.212225572378492,6.458668024556593,6.257346239386953,6.310501566100631,6.582236419521686,6.388968999928733,6.2731395645959385
Six4,4.193384850752796,4.364346869538433,4.298677058750278,4.180161419453917,4.4790159092658985,4.3724303066056835,4.471315709614783,4.126129113746784,4.608981882031629,4.566185832624347,5.087098133177923,4.657934105385802,4.866203098840486,5.54147857185583,4.852835722334406,5.211076685426983,5.146911959217986,5.116570976884555,5.007701942840544,4.821705230628048
CG12942,4.418736525162652,4.6007121190776665,4.643438324158359,4.436933017502916,4.535905383626911,4.594511972415598,4.600133574852891,4.376920539014805,4.481730897507069,4.503153833209051,4.679317085297143,4.673783863342271,4.690762097744809,4.838745790607321,4.770132683974229,4.808335761531151,4.7544157814145835,4.656266562749431,4.652182205340315,4.793365252485373
Pym,5.813352575302619,5.95477926400731,5.870125277597598,5.879638966479762,5.853479982845267,5.823885603485644,5.879883301538484,5.9364431630131715,5.888409722149463,5.862901667821646,6.086842589073187,5.957579918547061,5.994979277853961,6.010853014322564,6.051329195583243,6.042960669838056,6.0515286321280115,5.976465711137158,6.0095608333898065,6.082653518047693
cmb,4.983116040237562,4.975822393070246,4.916224166399764,4.913628342280435,4.999565756900074,4.837690001854405,5.002242894207857,4.95349533048849,4.898439294100727,4.943353851944718,5.227932630422118,5.060232190657053,5.114310775843743,5.100328153028139,5.0664350800887235,5.01266825602734,5.224944433631914,5.1062706519606005,5.007701942840544,5.161857425808709
roq,5.073835968140963,5.1312203640779535,5.049363201000297,5.134447974304413,5.119603235720313,5.084682283983818,5.178291124294031,5.045600495139329,5.169205110599507,5.0728437667651125,5.415601333495362,5.171352362289444,5.371249145725724,5.307478518383298,5.19650114483576,5.2663515851772145,5.331642628570373,5.250633591917722,5.231901213582419,5.3596742830629385
Phf5a,8.79344690881286,8.782251797926396,8.807021246230237,8.797701161504893,8.769601896673624,8.794394712291997,8.785199085602326,8.78771288082262,8.803555435775333,8.802790862047729,8.8555542010644,8.82268924957633,8.823284738864494,8.82018273257602,8.818202296890444,8.832249248537789,8.848301425937008,8.84517401031871,8.85282071401968,8.883386745116441
mim,5.594396962362803,5.497125229310092,5.60359708897258,5.598810675533573,5.543471135053367,5.554158083135467,5.617877311345049,5.6268383285868095,5.606908643327296,5.57226557788025,5.727162083162369,5.67220906718781,5.788581271126261,5.673677703559179,5.695662912787078,5.702483327595906,5.7577703268204194,5.663286504875804,5.709436654780681,5.80099291505298
CG15696,2.9081089991737414,3.570967043494451,2.649605676476399,1.6213216824202181,0.7639237158444548,3.7946894384993706,2.8010445720227968,2.9261061104908586,2.6883812193041834,1.8385774583928678,5.189676704114,4.885560797174878,4.416700718793152,5.0465994714594915,4.180505811425858,4.989296153866105,4.6599665883981825,5.495784932955375,4.809842861931284,5.110865719875781
pdm2,6.396542749037338,6.357908238816695,6.3769093369201855,6.431307541559979,6.4142158016603625,6.406920910129094,6.367883646075115,6.423364095531584,6.3603401685380225,6.412901550980182,6.57422650708888,6.478642845834605,6.514313497444255,6.530758247064537,6.5620110332170025,6.458575704863707,6.4925202234245045,6.575111940028947,6.447369748226157,6.42748825436344
nerfin-1,7.1861030022486805,7.155462337148467,7.228503181752215,7.227853586484292,7.258829789138337,7.179663541489891,7.273259927462108,7.190971181053033,7.171736102247908,7.212578307081713,7.498922270828455,7.302999770165961,7.475644017628252,7.476274836168448,7.444810429064515,7.519155478181981,7.417374728799122,7.438171136938011,7.354727952706126,7.318945915173325
tap,6.683326233805303,6.6385063662841155,6.6588033000905416,6.773573651951221,6.741321028838622,6.6426601070999585,6.657591127356973,6.801415675568708,6.69320869519054,6.646455749590781,7.0597608839422366,6.895600932702655,7.027639343467817,6.912945032509607,6.896709575751891,6.887720610713476,6.958977868202135,6.97772479473773,6.999797396308224,6.802027089732489
gukh,6.0114382092386185,6.02565397772264,6.060549132887917,6.0815694184878755,6.0198391609178,6.017923037112352,6.001793490556899,6.080495103203611,6.054306200403037,5.998580799256501,6.291068770865957,6.193194703921513,6.3245200611061465,6.3228777658822315,6.294549920433408,6.213132778879302,6.255126069707499,6.299735259619775,6.267630916004641,6.11766614121131
dmrt99B,2.8087944852219353,2.680598062134823,2.9597686374409173,2.27207580604391,2.5680344588785062,2.812241620597016,2.868305316815963,3.013738324112733,2.988117897958454,2.7896457269592383,3.238196818362206,3.496479904103972,3.4761906513864034,4.13990925530053,3.729853553871427,3.5757710062172805,3.7976642820998725,3.4582095832311555,3.7416475725184313,3.867900330509741
Droj2,7.446003089786435,7.493920238139656,7.475360086632291,7.467806570782425,7.420233525044781,7.435752461170508,7.433028701218691,7.444974879707944,7.435137308496316,7.465027688273478,7.497953345836514,7.554416591857734,7.577785542195031,7.537552196505887,7.533834617215754,7.521977479607696,7.526439620384444,7.533976131173211,7.535415257579471,7.584072586062153
Dll,3.5572557645828327,2.951001169021901,2.988968427808608,2.912297863367579,2.6919338464293676,2.911577002859145,2.4255006156935415,2.760471395662295,2.7631801320768203,2.545546529224768,3.8389617985709448,3.3888130898620514,3.9413152132506735,3.700844957313586,4.3688982414785205,3.9718610271972623,3.8360221968135004,4.01970280808617,3.861509797963244,3.8309636107441283
CG15646,6.7047750549414475,6.8010143032637025,6.743137753079177,6.814509076320393,6.738608692315305,6.698486141318342,6.7126740348220375,6.678930876501198,6.762260512731813,6.742410615360366,6.97022925171016,6.958369867474283,6.975335649866706,6.954751370151225,6.991460353521956,6.875244420706761,6.942271091713176,6.948624080713094,6.846614507454148,6.883466670684349
Fer1,4.082909420179863,3.91755950620306,3.98143402229898,4.180161419453917,3.951770113054339,4.143281490117698,4.112992143138814,4.171078120411624,4.052565033360267,3.9534210816401645,4.801472583164753,4.833325352534448,4.866203098840486,4.521561347817926,4.826020895843924,4.39273101365249,4.6599665883981825,4.5715924109697434,4.259938134262852,4.532048529622797
Vsx1,2.381014244143788,1.4812532688274298,0.7623673266630916,1.4995796741781817,1.490665203162911,1.199393138806232,1.6111611197965192,0.7603489555039027,2.3163464930334223,1.7404798264065016,3.6304974610803646,3.3888130898620514,3.1625922978879957,3.612223048854253,2.9776596377232676,2.910232994648511,3.580110848109116,3.6531390868553926,4.001801872021147,3.5252648722155526
Sox21a,1.4961401419888711,1.3433987498702527,1.3502423621903523,1.4995796741781817,1.8180884830511712,1.498987582462281,1.1910826763865152,0.7603489555039027,1.7172662520629967,1.5096304744925848,3.304570624528283,3.268139680927916,2.5791815643228215,3.1491238497397056,2.9776596377232676,3.2973769443533207,3.4778425032550357,2.255961051189237,3.02959054728758,2.269484533106175
fkh,4.8061076410452594,5.061932307940259,4.828736426784264,5.022508396910544,4.923298337895951,4.95049747475182,4.926281171073113,4.843099785263448,4.86376638852994,4.934939909436681,5.782555902324093,5.574923382271827,5.485813095517595,5.373301188788001,5.574735575827334,5.630412959688035,5.515967355159121,5.268398387405182,5.5695786235212585,5.552039066792989
grn,4.5428908361564035,4.583496583299895,4.373478689160232,4.833842723921552,4.760591073502895,4.564787782732358,4.431242562580196,4.446029848882223,4.435441893849927,4.713592467411469,5.227932630422118,5.236133598516229,5.093162618909495,5.068438560454941,5.251264311969003,5.229843187029479,5.331642628570373,5.204789821800087,5.305627444541029,5.2198018825415975
cnc,4.874555054737525,4.877287472008473,4.508136251230644,4.737019910354261,4.827046779466845,5.051859638502488,4.516124284788995,4.279286393129474,4.61465562965977,4.809045396993925,5.7879301872140845,5.683730345621785,5.80444837278362,5.673677703559179,5.882161550970298,5.585841167779056,6.071848468897396,5.958966316932535,5.513446653072291,6.1588586803266105
ase,7.126672406561554,7.169947293737543,7.161160753336732,7.187903667883849,7.112167526405269,7.192823210184569,7.13362192129018,7.1267402636243755,7.1378307815791535,7.129053641209385,7.335133011547078,7.353862287763421,7.378316601131581,7.341156445325352,7.309237947910914,7.2833508182955935,7.402599879530153,7.292295314385593,7.319782114801002,7.324679373447844
mira,8.326036482859584,8.335208819294174,8.357819248767534,8.365360535561683,8.30148930512696,8.35931900949474,8.317090131850707,8.338084133906287,8.330703951902692,8.350071337233173,8.42260108094236,8.458855135267342,8.420964781458721,8.445256720808867,8.422421527117319,8.405085741507284,8.413425910673645,8.424024287008585,8.441781474432878,8.436861853508834
GATAe,2.070507685662733,1.8079087008153505,1.7180011289383383,2.27207580604391,2.261775616856789,2.532943627153644,2.063302751609102,2.3685311888427436,2.3163464930334223,1.7404798264065016,3.304570624528283,3.682250966188966,3.7561114350530054,3.2201635704618106,3.5523197872468883,3.5757710062172805,3.422498556959505,3.068364881266749,3.898470703197291,3.296697165002286
CG5516,6.6176178179914364,6.574993714539096,6.612274528949678,6.63202506332941,6.5887203255540605,6.590719528013761,6.589110102493674,6.592228993015335,6.597456076382659,6.597997493618239,6.750600758143246,6.774315690799262,6.8207982899682635,6.7952863420832825,6.814607092671503,6.728709662988232,6.697229793847253,6.749623499709002,6.7736122474602345,6.702770738102023
exd,6.722999025233904,6.725099649673588,6.731614149137731,6.719053999618978,6.743350464237343,6.766157617032917,6.76883640716657,6.73123472112111,6.7149144184592044,6.793090216461168,6.910997467557558,6.904088596802088,6.98343844467777,6.983805232517179,7.020644254988322,6.949534798355343,6.945634850951393,6.877236221985587,7.023989834412416,6.9471631286207955
SoxN,6.269417843349813,6.286723026118221,6.262734519657523,6.239362050382592,6.262370397606348,6.234064664095886,6.237959639495325,6.284769372638902,6.29400629650958,6.2374374202526495,6.4714592991093,6.586433511489421,6.671564975415861,6.744051942671684,6.751257131914329,6.6214036378735175,6.590570574477125,6.516211519633091,6.567495212957868,6.553780322908856
Hmx,3.1820524167782134,3.036121483213773,2.7273169129580785,3.00265482386506,2.9324506528317316,2.740074684297242,2.651211128077338,3.144623677122361,3.1953030954496056,2.924520431483293,3.9459328241774885,3.638942470867382,4.232588419594593,4.13990925530053,4.206089149888563,4.178011181347119,4.039607241005111,4.43953728223337,4.095448608509848,4.413276715577993
CG15141,6.897215500876628,6.860943020387418,6.906894408443351,6.883386315724995,6.891910822849165,6.843849101820447,6.894212702670431,6.914489433404668,6.877563124201231,6.901036688289803,7.008908088412203,7.0006897128637595,7.061047938995708,7.037991130532949,7.113116847925304,7.0804452719211834,7.052241550166571,7.051424637197255,7.009544716197539,7.0605675059491455
ham,3.695444579710808,3.7592045052099996,3.626658642016769,3.929415180578806,3.871492433069185,3.6699181770178635,3.643435654134595,3.9883272920407062,3.754074882219552,3.6223550440581436,4.333522694251337,4.502701174754131,4.931098235710879,4.521561347817926,4.965327678049782,4.836279906380256,4.591649686870384,4.949675574333573,4.634957830363816,4.604052608290186
scro,3.026830398461201,2.2508850512130807,2.565342684714623,2.27207580604391,3.0201129221253495,2.5779444838805996,2.133525577410987,2.4698534063123962,3.0164879335280586,3.5575047101019575,4.726890958820597,5.32195411142579,4.992037412890461,4.593557461054699,4.770132683974229,4.703881660618557,4.739280817049399,4.749234041922339,4.971138672703643,5.000349346077678
fd102C,2.070507685662733,1.8079087008153505,2.0617949132050954,1.7298381298307062,2.261775616856789,1.3603682540120463,2.5219784129013885,2.255773200495252,2.4231097797270857,2.545546529224768,4.262185642058172,4.224882933018653,4.65827821770557,4.0836871263316885,4.180505811425858,4.065457162336344,4.330557835419366,4.7926655246635095,4.284902800496838,4.348144457779132
Pdp1,4.990998417013883,5.061932307940259,4.429535688152914,4.999316642397003,5.169740026716444,5.44021687358242,5.322361652942767,5.314075040841719,5.080937744899888,5.1742575951093475,6.848035154082835,6.770459102836976,6.46675774208552,6.672829970752089,6.766987216706228,6.559416477949635,6.668848159747129,6.254796163726906,6.349093594888957,6.4133667738630304
croc,3.4891233200180514,3.062957559225209,3.5638922119752503,3.3413935172152267,3.5169177484707452,3.456785358454936,3.197818887214809,2.9853723685913485,3.563021960184399,3.311926643558166,4.333522694251337,4.92302127541769,4.767635046017112,5.089810879321556,5.0448336521258845,5.1322771751554175,4.784015372014196,4.912673220835467,4.907062394486087,4.976700987672849
dac,3.540652882370507,3.0085453257044312,2.7273169129580785,2.912297863367579,3.0745567822327855,3.1613103188070704,3.3494725470817017,3.3238493124478232,3.0970666403764646,3.198688997926083,4.679317085297143,4.792276418162351,4.690762097744809,4.878707128638336,4.648011459144871,4.178011181347119,4.418384676367752,4.459503933732445,4.634957830363816,4.654845218254997
CG7900,2.433022934433175,2.363581872398064,2.1320028479382986,2.3850356201756004,2.261775616856789,2.4858218765351348,2.318711158176055,2.194237631707655,2.5195662194618618,2.283671952002569,3.8389617985709448,4.318862496404235,4.2818905517549855,4.193138004283541,4.0417413171008025,3.359601537861642,3.9085876034722733,4.079270500890548,3.934114053308443,4.064763384073977
gt,4.4794708674113055,4.2002567811831035,3.741481196140041,4.240408038575921,3.7842032903283065,4.124715258919976,4.17650771915314,3.9451966617598266,4.182677686213267,4.309976180831268,5.511920899862003,5.7555472126927505,5.777861585004195,5.875866965022532,5.905517268679657,5.956914223246315,5.983583131565501,5.5027738056650515,5.73866846935443,5.591628233166063
Optix,3.9912253080169275,3.7980365408432295,3.514088772986786,3.4390811770735095,3.906689092123705,3.84550980001768,3.9283187665589105,3.6962590758882907,3.8557486212476726,3.8464334508888833,6.278021067668455,5.98337739725998,6.097919246160492,6.1260218233924695,5.923816872081297,6.257346239386953,6.141759912973184,5.98079312661607,5.842553644145922,5.8960280979461555
cas,6.648769863439616,6.6167707060743695,6.6558658996382025,6.669518464058972,6.665374904267653,6.632027571032023,6.611692401429122,6.729874875942385,6.683249522129528,6.607561589730596,7.166536966559648,7.139464871105762,7.201541860447931,7.209306058795764,7.219085788509744,7.086271300368768,7.2148570449826135,7.16861785796082,7.113844350473985,7.2350218068776595
toy,4.166888997758416,4.00385196325751,3.844466999931239,3.882745460729075,4.159937963751815,4.0962031413010305,4.014629177736091,4.2871446159106625,4.266232997769626,4.165906028634425,6.1296387357782045,6.0490841527769454,5.95516411805082,6.222496731541569,6.175040557833624,5.882313990765666,6.009606678470144,6.258073939834388,6.167747091913686,6.308504337177876
tll,3.523769683853987,3.45271689927438,3.196162065963418,3.475632125408606,3.499748223883298,3.2549995878605107,3.715673141969015,3.3441521497097626,3.610461068591613,3.22238561032272,5.52594915783152,5.55557964200568,5.633163103152239,5.890215610812065,5.772374996364262,5.598779967379138,5.689396232347727,5.785944601115464,5.679324543998932,5.769003222272952
erm,2.482459920857354,2.189385887496397,2.0617949132050954,2.3850356201756004,2.652315545361123,2.209741402189784,2.3735307086302417,2.4698534063123962,2.6487733707745846,2.2219319513678104,4.960597063871959,4.574682750877929,4.589962458043011,5.012919659531083,4.9168862362977395,4.794065298692579,4.854394179955998,4.6063270644688465,4.58142971465835,4.862763918765011
hbn,3.054432146360818,2.7186754070925674,2.608361449621608,2.8471796681747135,2.475990818106134,3.0847922411741555,2.8010445720227968,2.795865939631861,3.2184250734426527,2.4488627257783326,4.378401731827062,4.404763672280649,4.572128539858294,4.3376804245629526,4.904400131999145,4.7194884444288965,4.573815457535882,4.672373815894028,4.599592649715425,4.4940040662545035
bi,5.143615840697869,5.147817401033992,4.965263763316132,5.177900488886765,4.931605959932758,5.308739901860139,5.021309522431774,5.163075559875714,5.207456685767651,5.091078997495462,6.0462808766230705,6.4117897928767595,6.2193586174112045,6.4197041148918075,6.542667606026308,6.2900742433791565,6.544001913270516,6.56070887411865,6.447369748226157,6.683418475273968
Gsc,2.617606541074979,2.363581872398064,1.9046001003662214,2.912297863367579,1.9887992349221666,2.2713921178603003,2.4749025590058116,2.516907866546869,3.044075264490118,2.4488627257783326,4.502087855877324,4.935202618809919,4.589962458043011,4.644344787254737,4.7844002818746,4.7194884444288965,4.64331991108667,4.749234041922339,4.444117250856523,5.034805255191414
TfAP-2,2.326151537827476,2.951001169021901,2.473320627355567,3.0586538583017253,2.3746083026672573,2.4363693854069455,2.318711158176055,2.646086772978447,2.726479872385634,2.590594931445968,4.237229088552569,4.296182581894232,4.589962458043011,4.381563903843062,4.988695937542851,4.39273101365249,4.6599665883981825,4.734327342689594,4.309259381991779,4.474424930091043
wor,7.7672660168426,7.776961092589281,7.785968675005236,7.8208251940323885,7.754815647192887,7.76946450128399,7.753382132223476,7.760329698803721,7.78150389322081,7.744965238460567,7.977038206589963,7.9167406037381,7.928140463022185,7.986679383637759,7.964475690522741,7.927262217593802,7.933602422452629,7.950770730801572,7.95336433687842,7.9082257259551065
oc,5.451537856122684,5.513244749368555,5.3776846980800554,5.689086850899866,5.52991908321807,5.556399103221678,5.489309840286286,5.554582639746133,5.498455509099714,5.517168135894642,6.264800868759874,6.288319112961247,6.243326259786167,6.422496768837148,6.352300919396044,6.1484959603232925,6.130442173723821,6.3028692216423945,6.274397787254209,6.208944904402694
Rx,1.3576427391555843,2.0537274177894247,2.0617949132050954,1.1999257654080848,2.261775616856789,2.3843435346992323,1.7194188502185455,2.058490478360376,1.6090623003570603,1.8385774583928678,4.072798390593215,4.1211463255471985,4.416700718793152,4.268018508070249,4.127287716843428,4.229868504985674,3.9429866552318424,3.9885332420810773,4.234334241339757,3.9711684374948097
lola,8.873794628582653,8.879481805458099,8.91656791595202,8.905418332679794,8.893299300984014,8.898263166318989,8.885714254685858,8.909478328631012,8.893181681933562,8.883596130125099,9.0432826527373,8.999636305560404,9.052329234459481,9.068388413140308,9.037395333686431,9.031464183117487,9.047898031856496,9.033567281685201,8.984957723551446,9.013164737874074
Capr,7.185228391571128,7.175596374438766,7.249843897627094,7.225745859154406,7.186884726195957,7.2190587290804755,7.216446115770314,7.2100942060887645,7.184809603302476,7.236121878303267,7.397060545515542,7.419572929888406,7.416718271905662,7.422347093320857,7.36654821773201,7.397074312621058,7.401536132745339,7.378085864314723,7.364977926715439,7.424700061373346
insv,7.801389738063239,7.875272791809033,7.885808921209473,7.909624624904009,7.8676506177904395,7.8691112658618145,7.834110181472227,7.870999163359679,7.890059707358426,7.867380637358639,7.916397513402251,7.9167406037381,7.873326018957777,7.9449714872852155,7.898742216556906,7.923497096204114,7.934227393788621,7.914594548645228,7.881651773715046,7.917749145450182
btz,5.360856631609441,5.4994439875431596,5.4660704344548545,5.438458403820759,5.419427338689869,5.36991671030174,5.327936638776757,5.341719751222426,5.410540654131775,5.345038501354254,5.461211745385692,5.529191801765128,5.575482315119503,5.521081155680492,5.48748465496491,5.525450930590151,5.529897733980211,5.415499752715655,5.406929676717375,5.445613367497062
CG12253,5.7002443586014335,5.683013318140681,5.744800605629153,5.677245952639463,5.700903332157906,5.696143852975018,5.638464919601663,5.639064518517619,5.721715559829024,5.7175375024635295,5.8502648106945685,5.807481642930815,5.772458339825049,5.84653684825155,5.777635672505186,5.785829704521291,5.84726913558348,5.715295746348267,5.750126058941268,5.695968404065106
CG30460,4.03301474842144,3.6176568627066157,3.832159039321722,3.7140052779816806,3.5503969496172703,4.256223594336752,3.565570765353692,4.009214494695009,3.948032204584974,3.540613015615951,4.695427831197949,4.574682750877929,4.153754545284462,4.4835213304556145,4.490038127016836,4.794065298692579,4.499116872992388,3.6531390868553926,4.065197073182031,4.034528051895666
TfIIS,7.028795159891675,7.059478364033106,7.061392474423614,7.023970274469395,7.034953868463723,7.040104178138868,7.0825389207085125,7.005276440941482,7.051633833416102,7.034294333233999,7.044622193087035,7.068905339507799,7.09482132077196,7.141000638635321,7.113116847925304,7.0582902796842,7.137544307174551,6.990391505876615,7.069164725660877,7.085565998917316
CG11696,5.116285378104038,5.244991663049136,5.205215067215724,4.999316642397003,5.109267018474798,5.221917650021247,5.194304469782776,5.129933156984593,5.172449224827377,5.130063091157231,5.4537530160384,5.190293440458838,5.204304541654075,5.209257681778663,5.286174895169391,5.431230241977375,5.205999707518427,4.985357468494946,5.438538196748351,5.274571882001033
