gene_symbol,Hox_1,Hox_10,Hox_9,Hox_12,Hox_6,Hox_14,Hox_3,Hox_15,Hox_5,Hox_7,Hox_2,Hox_11,Hox_8,Hox_4,Hox_13,No_hox_5,No_hox_9,No_hox_13,No_hox_7,No_hox_11,No_hox_12,No_hox_1,No_hox_14,No_hox_2,No_hox_10,No_hox_3,No_hox_6,No_hox_8,No_hox_4,No_hox_15
drm,4.260463550178468,4.5628582597760845,4.4233623795510715,4.383835263358446,4.358045046974361,4.280470941860835,4.397546129335643,4.309640347969765,4.372061769360076,4.2425630421690474,4.553643343500404,4.488230084903066,4.527590252508251,4.49095154067419,4.508648261142745,4.292799433481294,4.4583013832999185,4.240216570371504,3.40959247945187,4.490992528614477,4.1803608166468536,4.334130593268291,4.115956458887712,4.308440298202509,4.3093786900535545,4.481116852925358,3.955732653436943,4.306774791743575,4.615147034285518,3.395802882890197
Met,4.4253436183745976,4.317175868516632,4.464261240844497,4.459606308362323,4.4409787493315465,4.349601785436155,4.291962602134813,4.459660593980557,4.42811778139239,4.528721926959186,4.510221483384785,4.578497997588918,4.319555098281772,4.246461928264425,4.462344858814955,4.041867059517956,4.4370469294304185,4.28952408679992,4.317390274804922,4.367322871524981,4.205944098234879,4.050810085311674,4.648133789848755,4.510740024245757,4.0185244873538855,4.319497986611396,4.230637156176623,4.306774791743575,4.240216570371504,4.072051261688935
CG1677,6.686603384176419,6.694046348449432,6.741471497540457,6.685208295877346,6.7234721428572035,6.731584779429623,6.756163943082887,6.690265861660439,6.685566419140823,6.741121376624444,6.727754211027543,6.654702024643593,6.688109265360239,6.740605827646532,6.725339447623,6.62935193076377,6.706974854365999,6.627255577589218,6.681747242790054,6.651745278601651,6.620007717031227,6.724151837005017,6.676650861617124,6.592010230596006,6.654032359550092,6.725199041152146,6.7876775620631875,6.70309371051656,6.670437237186608,6.621144125982263
CG17612,4.498596217840771,4.531245310359801,4.490626463121924,4.3909657417446795,4.4926775894498325,4.40727968602095,4.473329729419162,4.505051160441916,4.297261545128407,4.606496007953249,4.3890523977794,4.4691558291856515,4.57646206802255,4.5881405435234965,4.540456788697433,4.409062802482097,4.109562895042259,4.240216570371504,4.405202253575858,4.451444620488777,4.647865623508093,4.1086553321347035,4.56199289411216,4.454227891171953,4.332062663909198,4.099675554754215,4.129553996793741,4.208108953733088,4.505085512808901,4.408042330673895
CG31109,5.821611084308725,5.879856915354645,5.908658922249121,5.879765118155854,5.777418553218234,5.860927553007793,5.813529311504318,5.811827788052585,5.949264162399264,5.814979679576562,5.899359375363431,5.918638143417772,5.919848393953171,5.837767682251352,5.878467693493302,5.944640533803802,5.752974136589105,5.56991010937476,5.828915145426213,5.849098109920936,5.782722025774342,5.621770108817741,5.825234723327853,5.874810260294136,5.870190634435246,5.7755464923132624,5.641766519184231,5.768153161650478,5.8121652018025225,5.7796065920465844
kni,4.560831483685507,4.73404379558927,4.450813291395468,4.498637267471007,4.61689421809181,4.400249273671561,4.505965526651403,4.736095856303628,4.591230973619838,4.559354998904954,4.345164680003042,4.525320633230078,4.508629476195848,4.697684742232005,4.577337795150291,4.452030053739276,4.299058037907685,4.615147034285518,4.578441507804863,4.322450330668946,4.278986738407603,4.572478708258231,4.341456249344828,4.3943298363099865,4.417978406305635,4.341187578397029,4.3653543969388915,4.154867750664158,4.561629702218099,4.339919009408336
CG42342,6.6937783931366095,6.808402694592066,6.783724962678529,6.808410313620056,6.737582655253853,6.646487280289097,6.842344890077241,6.815408578611938,6.768306125303452,6.740440286740632,6.639784451212169,6.7502886866454865,6.798025505979137,6.859676651475804,6.792748396970279,6.634107568879997,6.728927187767729,6.6726591147730145,6.791932119185061,6.6405111786925675,6.554653987752101,6.805050278890946,6.717074989537771,6.801533072508382,6.760363424793841,6.7639931484077405,6.64360290791878,6.657141181906546,6.739197268764005,6.594382107403492
Jra,4.390186278434508,4.378887565453864,4.607162764517871,4.548416231933676,4.350813145048443,4.206203747485442,4.383128306241719,4.301902978941275,4.350203256905842,4.337319603955163,4.275495641252891,4.346373329439588,4.415057195563651,4.451924036114344,4.441824837032307,4.2422251759417335,4.499501232415594,4.188351154022674,4.114581502355075,4.251124224429486,4.324876705811385,4.31144598831755,3.9312730979729538,4.214474665916309,3.8875582981113546,4.319497986611396,4.230637156176623,4.4178180288039535,3.9821643372965565,4.2668134257785875
brk,3.8539079227791735,4.085394055429723,4.057873341267274,4.339950495132921,4.047960377146932,3.986778981912202,3.8364240474338622,4.026427733217109,4.042060050206091,3.9894367489404137,3.957245677975724,3.9827843670849807,3.9729367878467805,3.976962081074031,3.9296336785975217,3.791043629548648,4.079304071978269,3.7221197700336104,3.895512830980845,3.619576057996091,3.5521767608954997,3.345218553687265,3.1527857862983844,3.931707191754733,3.815025648214494,4.071978224309517,4.046415312526885,4.127144998009112,3.7636712659793963,3.905303254111733
D19A,3.6951226156574632,3.7273259452927103,3.6409300879866824,3.644884666517079,3.8413260575852783,3.676584304091932,3.5805101144857976,3.4467400207125176,3.726428472911941,3.762913751929614,3.650029888216617,3.5114319584297227,3.7943717838001416,3.6955080709517985,3.636955919199028,3.660731625229942,3.4029345914935973,3.307490706146153,3.351031643319486,3.3559806176476794,3.449995871639851,3.283027442542398,3.2901726138486245,3.4338702918754693,3.921942632602759,3.3092561135675016,3.745205463235564,3.5297267032106254,3.307490706146153,3.829951704855584
Med,4.390186278434508,4.340766280738511,4.3437392543984625,4.376653575886386,4.553755273715353,4.4880013155744365,4.439592799558495,4.453004709342163,4.506717050541166,4.503521369662396,4.437933051986724,4.4627160276055005,4.527590252508251,4.390369194085951,4.489065876336897,4.693698595865514,4.3931327870542765,4.359206345212262,4.317390274804922,4.322450330668946,4.205944098234879,4.1363697201380045,4.271790733000061,4.163958968290963,4.332062663909198,4.341187578397029,4.277588552038654,4.208108953733088,4.424347690298678,4.451009053062046
tara,5.64635576687152,5.685346911334196,5.746526505770096,5.660119940673077,5.743743954233061,5.7336313334754125,5.665934256532271,5.662169709133558,5.736027348687611,5.688723815741737,5.667379547954422,5.670239865038354,5.759905079633467,5.656360584418305,5.617106930171525,5.681170843687394,5.662578795142654,5.634628302522124,5.576994834849634,5.549005274087935,5.689804802399682,5.564460479082527,5.653620023305506,5.518670363935254,5.508519150713486,5.590775060447068,5.5813635351628434,5.5362195189270125,5.486278468273455,5.698428401688636
CG32264,5.547929563799935,5.589768545327927,5.492680492437433,5.5210797556387154,5.531703749018126,5.511760707402227,5.555352545847178,5.442380580285875,5.493231753902526,5.493341848389759,5.603602687132854,5.602320336133703,5.59557793817465,5.5691244657935295,5.52556681873022,5.492126500953677,5.44501836319747,5.40294109496084,5.309894454004156,5.472086319595392,5.606219046800224,5.408762631160348,5.545289321258094,5.449486523433811,5.473325532764947,5.507450600596129,5.469482125621661,5.380434614443474,5.486278468273455,5.642532256432814
vnd,4.636346732392547,4.770097431512416,4.78685258062714,4.751023446801185,4.822330358467847,4.748265930023286,4.74475843865935,4.695010410408036,4.780521111222181,4.740937101972678,4.809353231712947,4.8223877577173155,4.88227335164404,4.7283373487533975,4.7589512064563735,4.860614869366463,4.539070607749026,4.597624240265381,4.362259822620975,4.818684168002598,4.825874830151685,4.518003608258787,4.648133789848755,4.510740024245757,4.702641279252983,4.770630637460729,4.406508177095558,4.517753807425768,4.4855039139842035,4.8167596713283825
eyg,3.2054155300391853,3.1891103660064704,2.5338774019701056,2.8024421610167622,3.372120503332019,3.224513997492807,3.188879606493972,1.9073841713529627,2.897323647185597,2.6968183998434747,2.5731900269765,2.4549032185950637,2.271100684538042,3.2812223488854544,2.788705681711078,2.470271147919734,2.1117926066589976,2.2795380139705186,2.9018388652305123,2.431650081407017,2.5542160458291967,2.4214822184580496,2.903159917700574,2.961716161093768,3.143676308318354,2.026988417836464,1.4598737846834529,2.07587315408331,1.0132115965872366,1.5271046875048877
zfh1,5.307625139119066,5.412194680652828,5.433655258198028,5.409514856261798,5.520499823237141,5.4295371528233884,5.399971720633233,5.3432750754178695,5.430219055937946,5.294637304674779,5.181790076947422,5.240124328887335,5.328290797645607,5.2732756005696775,5.243870797379971,5.050930377515398,5.405029263223536,5.240287357296761,4.956547126038876,5.15882928061287,5.251117837273605,5.345542767707929,5.468371529582024,5.375158157090957,5.09467059398899,5.10067075394362,5.1333025031171475,5.195820647062291,5.182893766420925,5.229227128215214
Fer3,3.5732665857933146,3.388993129393339,3.8709763239683532,3.309871513282602,3.7917967746264516,3.269224417356379,3.908990074327064,3.8954413761186437,3.9252186177187145,3.8022708099995266,3.4333629065645273,3.494563835340879,3.0300115091556026,4.134524203714001,3.6213802034924574,2.470271147919734,2.7425212418099023,1.8347070203924956,0.0,2.266754149552261,2.0512781579436963,3.4590769524938825,3.615945698287068,2.8715656536396756,3.5592507707424965,3.1809316197361497,0.0,3.2347595362898725,0.0,3.195867680656076
Myc,5.765330762170575,5.728946123250769,5.925840836791106,5.82878766269232,5.668911494177134,5.805380133732741,5.796007123965904,5.773344248838655,5.808851120314221,5.797640260775306,5.74960698020318,5.84032452393322,5.750734508103107,5.809158591390128,5.808735719645956,5.438700797357644,5.570134710715063,5.514939887342314,5.474221809680906,5.844100052905462,5.750904320062984,5.658229551484512,5.723586639757489,5.718003178984504,5.73637420859888,5.978439150638794,5.6763311631213025,5.6404983729242755,5.659386640709744,5.642532256432814
ara,3.107134723446693,2.5124506354577187,2.5338774019701056,2.9920221750891476,2.9148994370041725,2.376903737871863,2.882809447343587,2.3749299246163194,2.4720066614000213,2.324507406736428,2.5731900269765,2.847701952544296,2.620705843687116,2.6849690667599555,2.824165605473985,1.8583001189987547,0.0,2.2795380139705186,2.0647134092260484,2.5731653142136235,2.8872886849236234,1.8134019466426805,2.263410958957844,2.6624754461669116,2.254886952391813,2.3875497243110044,2.226086287851448,2.7042434676454827,2.444657209687746,2.105310314829363
pre-lola-G,3.1574820307437825,3.4089235541957,3.3416365912688395,3.6744098782706205,3.4100204680938675,3.153460977883902,3.364307787559013,3.222424609666901,3.4049725453831834,3.314630477925317,3.451801893185751,3.3869038344272657,3.509839300017555,3.559464432000348,3.4126672867302816,3.0372115088419216,2.618148884654897,2.9201640563843068,3.2224946405442907,3.3559806176476794,3.060278990409605,3.069218812876497,3.2238367393754253,3.320111876074702,3.2146992431254455,3.1809316197361497,3.31212310296306,3.004277428189052,3.0934575089002445,3.267047728123556
HnRNP-K,7.461723041622268,7.394305701859307,7.452702894788534,7.461907900810319,7.44570386126037,7.435050590461848,7.4460169881561695,7.434570621751007,7.443991909670398,7.394071818657042,7.437082471399199,7.463631845475326,7.397105167469158,7.440203543236295,7.406901957415266,7.421631704537467,7.400620485444743,7.3914744488217465,7.406131430606541,7.403911933589771,7.3938697999537,7.349729018783767,7.4261705313419295,7.330284481084817,7.4258504673199806,7.35654020116269,7.401740090932466,7.445712008725779,7.413933604884284,7.382092989979025
M1BP,7.269985480472635,7.198000039379683,7.247290844221137,7.2457212143786975,7.204133315434042,7.192012280134448,7.1962745119028355,7.2091166805429445,7.219156618333171,7.242029616294096,7.247312161507108,7.234588837963987,7.230969275144615,7.227262298325709,7.215036587460637,7.214960116946381,7.209285161829435,7.1803104002363,7.2318439782340835,7.162054062570552,7.146890126817439,7.246758026113876,7.213128954884583,7.139539621843486,7.227455888533842,7.15694586881206,7.156058637368436,7.153464746986457,7.155970731250237,7.192466478465697
CG43759,5.415917180166143,5.326072505537052,5.446242786996344,5.4247922945273555,5.3515087445326115,5.36713708415476,5.378734968750837,5.452263461985865,5.410003675701743,5.411862581011452,5.412205016077838,5.378548634923006,5.481748043304696,5.501797839669123,5.393271767713682,5.304670040448087,5.570134710715063,5.2309476037540446,5.163623691806905,5.2626194698246875,5.352393145871813,5.393328398063588,5.328151924679046,5.179789005587357,5.249440006823844,5.0596842955009205,4.963773510868098,5.06170118350941,5.464230097080162,5.27638129632007
opa,4.022405712913407,4.225579619949104,4.248974268809799,4.376653575886386,3.9660956993447023,4.125975248505866,4.029724641378799,4.160287043505097,4.16456393097051,4.337319603955163,4.06179641378736,4.0914959269105555,4.264084840988307,3.9875714447054715,4.301064293771902,3.9419645231249927,4.048101006589516,3.633448453432547,4.246069211304147,4.119626221169654,4.154105808186236,3.8540004301520465,3.8968821999571155,3.791618754818526,3.7368176854693673,4.227704922775546,4.129553996793741,3.835461014286056,3.9821643372965565,3.9409515379053186
CG14442,5.707611603123148,5.68938996555817,5.800620660554542,5.740662757892408,5.741939801063078,5.7665567353357225,5.779970276905893,5.815253953497086,5.761494764223332,5.713761954401369,5.723570354072936,5.769442845524386,5.741479058207076,5.731071158880356,5.729969829463896,5.624212972327981,5.717790359823637,5.6532542851113545,5.82384108226582,5.732920493976593,5.750904320062984,5.524344032503413,5.659641224247602,5.570765451221658,5.673884362597563,5.701283908733878,5.742070419429328,5.652800636040317,5.56991010937476,5.648899481773549
EndoB,3.026516238275083,3.164218726637504,3.278087923962459,3.199246058974587,3.2268685216256294,3.153460977883902,3.422895869466983,3.5831362667123186,3.4421849184433406,3.227114386454337,3.0798820689759796,3.348277679176944,3.438028818859538,3.2812223488854544,3.3321470746487116,2.7365860784492844,3.126283281400829,2.081655565212725,3.288826941919774,3.2274190199928525,3.1367094420559165,2.4214822184580496,2.693635608453486,1.7916587952982277,2.8941662639738066,3.247150852832312,2.8637471376000763,2.580226799349611,3.0934575089002445,3.267047728123556
tin,3.666022230073336,3.979672534863786,3.8709763239683532,3.4825692317338155,3.8168680285013323,3.4116261252605478,3.771651009844378,4.324937768794765,3.4955292230933557,3.888493891400554,3.900563299085495,3.708187580437421,3.298432824663818,3.492501930753031,3.5049772259969814,3.2680414160429634,3.202944849741421,2.9201640563843068,3.8229677095864263,3.1563571520395164,3.688193152097571,3.069218812876497,3.861266314632258,2.961716161093768,3.3431970619674867,3.52506415615483,2.6547664596067904,3.5795532761929807,2.71041165205985,2.7356199962316228
tgo,5.4971961727890655,5.585301023267524,5.6118626232978235,5.581198874435715,5.481439251109661,5.579089977433274,5.63527077676233,5.631817969143313,5.667396556480731,5.579614920690451,5.582130399282209,5.455646631694869,5.664179662695065,5.582062449553339,5.571267771300637,5.446510027954959,5.429214095826482,5.418619085128852,5.509666118487076,5.542252058358461,5.473212507543394,5.438934324658314,5.511058235317792,5.359605752850537,5.568905385088655,5.553178265782586,5.366907064901829,5.5566181538540595,5.449256393426043,5.4532301215459755
kay,2.8084842243990904,2.689306524023451,2.7777602206329615,2.692213238051477,2.3578008754381767,2.65466801939769,2.70516190406921,3.0480431070847915,2.865322725369657,2.8412910158837557,2.6162362074641075,3.1532133214136278,2.8461554989490807,2.9253772846499744,2.8584110649637706,1.527913484978157,2.3104342572252508,2.71041165205985,2.692332437402997,2.5731653142136235,2.0512781579436963,2.896145842282177,2.993471294680084,2.3977854461905106,2.7949363785527113,2.223432356649106,2.531229987817368,2.4386232112638653,2.444657209687746,2.4693254988053717
ewg,5.205351886863024,5.138326085173081,5.271757776388972,5.24234117023351,5.2680753501858675,5.268532258646319,5.2190778070037975,5.15365805210752,5.197493681369431,5.297525518040834,5.197855482013113,5.225166745237074,5.136777451282541,5.249658771801765,5.2531243019929175,4.757664905128933,5.187075644541992,5.221519796165887,5.143738592789459,5.2626194698246875,5.000032174349535,5.224271009670528,5.184511004595666,4.960390943830992,5.351581789859273,5.016945885265001,5.1333025031171475,5.146341733708779,5.202393265972671,5.116927102263754
Awh,3.936082466005802,4.143846821619625,3.9958211356153495,4.00569986191513,3.4989255175798855,3.976053840014864,4.137440125846606,3.9521179121182812,3.902426067071342,4.000048611503191,3.968206559429803,3.8124692344079607,3.8451917831260083,3.7769009170043115,4.079319493024375,2.7365860784492844,3.274145575519166,3.7636712659793963,3.895512830980845,3.4698811088410317,3.449995871639851,3.6540114479959707,3.746109993350587,3.6286579276440847,3.776686032749929,3.8175042876167256,3.986882902809608,3.363357571043776,3.010559922536396,3.267047728123556
gro,6.688042510339435,6.69330734635862,6.677833371463771,6.688784214399981,6.72144000294706,6.722633029705738,6.710472390153417,6.716995198748922,6.730180837366697,6.724645804824598,6.715950440217895,6.7250513377929355,6.732569621413242,6.7579424008163445,6.739328587252104,6.572971944999222,6.574251901736152,6.636502702087516,6.6946069196772875,6.712425338938005,6.617745734025408,6.744494914954406,6.57383950854043,6.621285002707182,6.701293446902353,6.684838997739903,6.658557094348961,6.650400700666961,6.603756598519158,6.609068283324468
Crtc,4.566847174036608,4.707471391422428,4.742340085149383,4.841027692918666,4.594393146822268,4.626577040983619,4.586146738240798,4.668447512662691,4.775719221959703,4.794809639243375,4.705419900169898,4.742639896056116,4.715399778502087,4.564714404607387,4.7589512064563735,4.317158658481707,4.539070607749026,4.524291025208409,4.446376309924566,4.565684511361489,4.451120592941969,4.58999700020453,4.271790733000061,4.473422311719933,4.60513917526799,4.403568954600496,4.484058787693263,4.591081939154196,4.424347690298678,4.492205440591669
Hr78,3.3368020442652773,3.164218726637504,3.031286105780876,3.0748426282904573,2.8189080991788544,3.201386100224619,3.212566395718777,2.932786380809271,3.5295740406352873,3.2718295101014507,3.0798820689759796,3.2662389864611914,3.136138369466768,2.9846411663473864,2.824165605473985,2.946686707110811,2.8531221303177667,2.8207773110508603,2.42697360232643,2.9970151749242673,2.9775198883819085,2.896145842282177,2.4282480230039556,2.8715656536396756,2.7949363785527113,2.3875497243110044,3.0365140996312916,2.7042434676454827,2.5863367515863978,2.4693254988053717
CG4768,5.954344258993411,5.878187956837906,5.902337027413519,5.987568581901009,5.87054355140336,5.95314582925404,5.901593945307581,5.920658326175648,5.935775795783698,5.939285981431639,5.975414535842155,5.972880990826005,5.966953380258209,5.914389822557458,5.935926901238356,5.8557168971623454,5.887548819662432,5.858310676254689,5.738946015245383,5.902488593165924,5.937178252558869,5.9816864192638945,5.884487815189231,5.841489721392273,5.768882266512965,5.9182335834765905,5.921201162209956,5.8466972293052315,5.868282340633945,5.801639397295921
fd96Ca,3.377022647503281,3.4284645068701614,4.027328470769791,3.350908265990122,3.8044109704775364,3.631960437196763,3.643305775093662,3.245027739991462,3.9252186177187145,3.7494428222131804,3.7765417162950197,3.708187580437421,3.740830183339536,3.559464432000348,3.5396404556780894,2.612267992907789,2.8531221303177667,3.4283377341064085,2.568429229806447,3.3559806176476794,2.6779807538955267,2.896145842282177,3.5684992050853372,3.044407380976218,2.684764152404468,2.951036829421339,2.9538570404727134,2.580226799349611,3.4836922540604744,3.11923008524618
HGTX,5.084290324521419,5.069502273441877,5.213499078945672,5.03405562103034,5.128216302942595,5.017420631561797,4.978247262193384,5.007617921404224,5.018167942030021,4.8902346549255045,5.0355621498109775,5.02200460513228,5.170256058154438,5.022592194003502,4.98741134287668,4.817784362060542,4.907984048398637,5.122004504311638,4.813597429917536,5.188220638966341,4.740825917955181,4.793553658060733,4.882503802619006,4.8228462927635025,4.8465966877196305,4.9608187594823026,5.103628222585908,4.62582347781508,5.163006461850543,4.772012687932664
eg,4.762343859173372,4.25140389863255,4.668902520600492,4.566462524917132,4.400371401749259,4.598042766366426,4.754822956136538,4.71576412024998,4.647504050054288,4.813701735739804,4.646337385897006,4.6289897431656275,4.527590252508251,4.558771106607836,4.413792915101725,4.2422251759417335,3.7972459010803896,4.265174201701884,4.466344570496661,4.275469259384687,3.7297098410486416,4.215182382310901,3.70457634845423,4.43465782274168,3.776686032749929,3.9839626315856607,3.370601969681076,4.396573974420657,4.336514190521892,4.492205440591669
Taf4,5.816467326353334,5.847660359327901,5.868475046337284,5.847175338233655,5.811681573037989,5.805380133732741,5.81179084457326,5.808389843630141,5.84584556112263,5.835397752181699,5.835740717235567,5.8055115798421335,5.847262355905599,5.810864327655485,5.798110580605628,5.729212482559362,5.699723100848423,5.769279278277487,5.776977308131522,5.704522106290153,5.689804802399682,5.847898778060455,5.756815907765443,5.750333568393417,5.679729397061741,5.765269272414296,5.7314096256234395,5.856718670475992,5.741510512168342,5.880191264424554
Kr,6.24250078705841,6.227144793209602,6.171729313730178,6.194827255670919,6.184174378889277,6.107778509080197,6.1826055460052105,6.179555977361799,6.281793608650394,6.217153201885211,6.157068345230005,6.22948188337321,6.170392849515782,6.27546964120781,6.237585599936756,6.004276396109363,6.041303168478791,6.170041106610514,6.165270043685718,6.071664995458957,6.101758992820587,6.107314459781925,6.148421546118103,6.050398784679636,5.9263889105203,6.1645050621908855,6.018280743516724,6.106842732022096,6.213124916119546,6.225895185594931
CG32772,4.193059669946559,4.124739701462533,4.189241678557697,4.339950495132921,4.123627400219245,4.048820947787343,4.283976589413495,4.12383439396839,4.16456393097051,4.1378787547951426,4.081456070662624,4.197993762380898,4.264084840988307,4.213334592321118,4.155762706491984,3.660731625229942,4.109562895042259,4.075778057012656,3.995325882519521,3.6648774207750807,3.8448226705886626,3.817074953871465,3.964520479721284,3.898481624158831,3.9873556039566913,3.9528141318753622,3.9235807816474466,4.007863121791332,4.313295122002012,4.316139397136883
pho,6.328507573828019,6.33112854756695,6.306361588370423,6.348519273615258,6.395698550059035,6.305598405020762,6.3633808501581655,6.388884555009675,6.331764880908125,6.3433661407206134,6.37169078201097,6.320186279093619,6.328044935469116,6.352727547523556,6.298769901434001,6.344489700512548,6.375860096255264,6.177351882717197,6.214648660933892,6.253601923572875,6.167816200943848,6.265491287150176,6.243202585600618,6.308584831803482,6.230348360929389,6.309402875054985,6.33607047685211,6.230829614189402,6.290848354751255,6.229453214180407
CG31365,5.726597143414519,5.740514162886295,5.739087708292743,5.654110832508744,5.6571874993413065,5.728036806390001,5.715038853612298,5.722120741240052,5.713669714100546,5.632567028572693,5.696837658366814,5.69126169594252,5.5649895769947,5.660330755864179,5.644465319778245,5.542842077352677,5.668866117884895,5.410810814652141,5.516606680057253,5.626674923502167,5.466074217071018,5.6700931668902905,5.558660262727411,5.655871423325551,5.542516171209868,5.615076578584694,5.612021022918453,5.589717590433097,5.659386640709744,5.692369789721193
ss,2.773060300665672,2.6479376421931375,2.6219477328113965,2.9628175957079463,2.8189080991788544,2.8718133360920475,2.439521616189386,2.7303736614125973,2.315860318019107,2.527890678687719,3.025423810960881,2.241155260085833,2.7016361438917795,2.862378700563374,2.923572617717652,2.946686707110811,2.1117926066589976,1.506045659624635,1.8184466402850819,1.8227444895711185,0.0,2.896145842282177,2.903159917700574,2.538862599283069,1.8116485727496114,0.9737282006686656,0.9755810209650113,1.8291560564044707,1.8347070203924956,0.0
gsb-n,5.025391858704736,5.12066877569218,5.207164407028372,5.0991207109215155,5.232650095498638,5.201174929171274,5.073659515091604,5.140313112902061,5.03316343768117,5.135041390877421,5.061467031294229,5.103527715199986,5.163649402140894,5.073743543218273,4.954848937687228,4.888182199451553,5.021958202311204,5.068268564602081,4.813597429917536,4.899180106187114,4.81219288424831,4.986246902555984,5.061380064462451,4.781800900234886,4.972412829027488,4.481116852925358,4.975254025282041,4.944709681223895,4.938782646303319,4.787151919583929
Imp,9.307833920731929,9.296246022885953,9.324402549797178,9.326889182640555,9.346691013218372,9.325335682026672,9.331643866690314,9.306420237733924,9.3459955140925,9.313073627925528,9.313469573798757,9.285519592724091,9.314434475431625,9.30653324662643,9.313719920229769,9.272621674249741,9.300434275974592,9.258584052509166,9.279348503834935,9.314378483499421,9.250202495640002,9.326185468922228,9.273654578828069,9.246326469590658,9.235423778086252,9.251168315820955,9.27635768142092,9.301071600212817,9.264418306713239,9.269382362596795
hth,8.224728253419789,8.231561826661094,8.269461127433168,8.29851128053359,8.234858281736962,8.247686919883234,8.215648142968567,8.213703250038257,8.27484063000525,8.257593047526655,8.201373755434037,8.272742081693947,8.195062459695617,8.265736713680175,8.27575970678037,8.136897978419418,8.300211710530343,8.177724920185103,8.146454959052836,8.153574194708948,8.160534780281592,8.212558216733367,8.113874780829034,8.173454710773486,8.191732579116024,8.201366288145314,8.125864081575001,8.051952465026286,8.136996742138328,8.1031379535085
Reph,3.2054155300391853,3.3050445693936283,3.457767690064913,3.047990792374907,3.1084622408849394,3.0769706258634764,2.8154883753918076,3.1513779699410955,2.897323647185597,2.967501893028379,3.0798820689759796,3.328390308072454,3.110643764834963,3.25960327141654,3.2445710801463954,2.304720554451993,3.340611978524282,3.010559922536396,2.42697360232643,2.8073802267713863,2.5542160458291967,2.0594548394887804,2.5697199219497224,2.2334843561944364,2.560933736449122,2.951036829421339,2.226086287851448,2.273607232651343,2.444657209687746,1.857428233106769
Socs36E,6.568256047344431,6.4604463117972415,6.483425522689014,6.53887745248859,6.472501185927654,6.481296102805898,6.500823570478011,6.484392386882014,6.4611302444117795,6.522857024525891,6.454856788006721,6.462778169947312,6.491795186170609,6.511010946300916,6.4487955276164355,6.399964606684363,6.45315287907424,6.503815789499643,6.43876830377644,6.4300407561047885,6.352153929572,6.390622051862683,6.44016384148669,6.395697318017391,6.408412302326014,6.417276105448179,6.438908803957117,6.34724985385559,6.362964091755991,6.448643148125011
ems,5.119414623370844,5.186169641004925,5.124397033525124,5.278086531599125,5.180213737709774,5.094314076868842,5.2000126399521704,5.348743401572941,5.148979999376777,5.222692954846609,5.1488636065331015,5.13699974196122,5.140176201185643,5.162309846155523,5.135994946285179,4.846540881393198,5.197171566683563,5.249540686403745,4.992230733200104,5.097320730375031,4.647865623508093,4.938382089766096,5.061380064462451,5.091583049981555,4.819415885989907,5.070089472732675,5.14300142347939,4.8673253500323845,4.9512718830842,4.80206536882441
CG7903,5.461067900280552,5.360295446756628,5.487892630645221,5.3541273265169345,5.502308276153573,5.504771577928084,5.470937920905848,5.4620496273913615,5.4549268140009595,5.462031721645036,5.474532895993656,5.416596788478666,5.311280022107374,5.531530812364962,5.477676849759757,5.277409066107233,5.437147451045438,5.507851177512472,5.211672377415537,5.1785191873300285,5.097840385372648,5.269289330236298,5.311285320710719,5.198376888832032,5.175046513159596,5.249634998464463,5.3591613968299665,5.2429663869371215,5.240287357296761,5.061391091140873
GATAd,4.619419406523591,4.6348852618589245,4.663444700799858,4.746054335417354,4.655092454773116,4.69191003438419,4.493038736144603,4.780384943913158,4.608447867112651,4.5224810748206945,4.503861532631574,4.612440820879915,4.611609695221968,4.605356895773726,4.61290683615948,4.364166155582829,4.479113471298785,4.105131513108659,4.523962932875953,4.451444620488777,4.347055403251613,4.479965109806884,4.363639784290205,4.308440298202509,4.60513917526799,4.443094425049474,4.386142976282003,4.352682031236231,4.505085512808901,4.787151919583929
sstn,3.9909012439942164,4.115047468470761,3.940997149853936,3.9738647864200956,4.047960377146932,4.038744255460391,3.8110160473227386,4.105097349543793,3.7668370496106878,3.956908284259168,4.06179641378736,4.072589060126653,3.994506522014241,4.038992824358443,3.88240151955495,3.455454582825368,3.666914022845705,3.241109273213677,3.895512830980845,3.8649184595711072,3.5996011270260655,3.778733535410111,3.70457634845423,3.5359994085716995,3.776686032749929,3.88744606023038,3.31212310296306,3.942424216799256,3.841927885986759,3.790033912426555
Max,6.7741107463203365,6.804441446754565,6.846097097401457,6.779492517766427,6.834179310623971,6.790807542144152,6.780894193718606,6.8420976242102105,6.815728059344391,6.836509849025387,6.78346454951831,6.861874285386368,6.844142063009386,6.806960528738021,6.8264149881337435,6.7897637032826665,6.737574941706368,6.6989435646177355,6.628588132591848,6.724962640087082,6.7127284981019955,6.756505035991271,6.777751085553359,6.7482480252319785,6.766279599719466,6.762088773587841,6.774546753516996,6.767288140607814,6.753628426543088,6.792784059812828
NHP2,7.9973508812743965,7.989331567073972,7.989661617500111,8.019439397453521,7.9846213720688,8.010856114462863,8.026501779749966,8.029818680599297,8.010820226083368,8.066498013782121,7.978180171193209,8.033144354052048,8.010683248365972,8.021620226386103,7.992436901885523,7.9738716681177495,7.895997929832556,7.940260786016818,7.941295718065482,7.977757992507293,7.978947867883066,7.977817704757227,7.964491159496555,7.92383090963118,7.983320539598184,8.024328289074283,7.98487473702621,7.963808798487971,7.952678909541554,7.989474658514542
CG15107,6.357944377020232,6.340640589617397,6.36893173902392,6.366416956274433,6.316577114491093,6.384288650707824,6.378303239607517,6.416446459288898,6.350875310361956,6.414738780170442,6.373659801219136,6.393084673102163,6.352567835685662,6.338751878317048,6.406102801049302,6.322056762018406,6.222507907640824,6.28432453574432,6.251804913294928,6.233438470858264,6.288125267436569,6.334574178462951,6.317410949968283,6.293298692236429,6.2470106435077986,6.373265434050082,6.379044096368328,6.34724985385559,6.254428927557054,6.254011129032087
px,6.093897987419597,5.970658122326574,6.137231400934062,6.007519549176427,5.99294245704243,6.036200122779148,6.046449283565626,6.010392256055099,6.001468705134312,5.993933489016022,6.021219626270753,6.040466370708659,6.110504135427651,6.107978759050822,6.022071379957725,5.769435253170877,5.872324019965393,5.741510512168342,5.878288109708266,5.888207951632738,5.8725175238412355,6.155635794370824,5.870000429956915,6.014409305262955,5.903355532552746,5.94448102058548,5.997963518664975,5.856718670475992,5.883055841345093,5.8902136573798245
Doc1,4.70655764366457,4.702071116454261,4.657956929658472,4.398045736171295,4.577178727917539,4.3643361291581,4.626798115735425,4.736095856303628,4.421280230504303,4.291063254173063,4.736233527003602,4.831365090171261,4.342417398105961,4.796404964206712,4.630227904835139,4.073066711898781,3.7972459010803896,3.7221197700336104,4.362259822620975,4.0617701205534145,4.324876705811385,4.356312000655959,4.40658296381039,4.18953576265676,3.776686032749929,4.274654330946513,4.300262654997318,4.039043778002909,4.403101929957765,4.385846231917809
Doc3,3.9583718667977252,3.886229786247465,4.197996477375814,3.847613665903443,3.865200145128313,3.885841455219716,3.8733651450419253,4.026427733217109,3.740080232841213,3.762913751929614,3.722279681312904,4.181013238186772,3.380570483871475,4.143593964719046,4.038788658773492,3.120217503084476,3.340611978524282,1.8347070203924956,3.8598979754087472,2.6971142325578583,3.3947031144641686,3.7388632384597917,3.2901726138486245,3.320111876074702,2.254886952391813,3.247150852832312,3.4782032614123564,3.2347595362898725,3.5361427021106486,3.195867680656076
Poxn,3.2948957060702693,3.44763091792375,3.858814245237489,3.847613665903443,3.8885175256622326,3.536254305002826,3.8972555498682135,3.688905436886232,2.928332185144729,3.6345968258652612,3.6649034895789536,3.651663247834438,3.740830183339536,3.9553995874456653,4.0490764126110435,2.1062175855213803,2.3104342572252508,2.444657209687746,2.9018388652305123,2.06919258613972,3.5996011270260655,3.1456814711496297,2.693635608453486,2.7724754633560615,2.0576268653249645,2.7619181444142145,2.8637471376000763,2.580226799349611,3.170006049641645,2.9457079356162463
CG34159,7.094769355469797,7.092673055004059,7.111675483969545,7.0753329995602705,7.144208744415577,7.1207532338788315,7.120244553148289,7.130125137777952,7.072140573437473,7.0826899483113435,7.075261825700908,7.1445896322587465,7.125828938028625,7.119084492662374,7.160482536210213,6.997953272650704,6.996015044478691,7.03845628278219,7.064242452456398,6.988167616166105,7.082137257488524,7.133319849541305,7.07004380221351,7.040999286850175,7.029285312275636,7.079533342202766,7.055785844184621,7.039520871918343,7.160068705844069,7.07917382702815
CrebA,6.011108852963562,5.8407480033591614,5.775740386790205,5.749833034592785,5.766906466701365,5.910439473058024,6.065530721204011,5.827153927045878,5.671335494201433,5.835397752181699,5.71979487303982,5.57508124716431,6.007672888123388,5.814267096314044,5.582373966621825,5.1179539597966395,5.490985599789486,5.090110650935988,5.143738592789459,4.635183249622924,5.437000322593667,5.251524452090482,5.258908339688955,5.734299024758878,5.75816323899394,5.2667870669563825,5.008925324977641,5.0165334066731635,5.940059451098483,5.159236918200255
pnr,3.2285473284836086,2.7290317909091186,3.5451995759951727,3.0748426282904573,3.0568735895113397,3.224513997492807,3.188879606493972,3.3509612617933753,3.2842273265848245,2.572872303183025,2.807405365738789,3.424093330463803,3.492364314404025,3.067430506228675,2.9546273443043622,2.612267992907789,1.8636583826684936,2.081655565212725,1.0009111030700617,0.0,2.2483712298257514,2.6867167408612134,1.492079711697306,0.9807537485145504,2.684764152404468,2.026988417836464,1.7847556877254194,1.8291560564044707,2.081655565212725,2.105310314829363
su(Hw),5.11595719334941,4.987481495759591,5.04542483017147,5.063497259087877,5.000281402623938,5.101338063505173,4.982243757004066,5.092151403515806,4.999101715965506,5.023909573855156,4.969706709422376,4.945275403628,4.946063405065366,5.155768685910615,5.075522150175087,5.027552329748919,4.824078274427151,4.900350856522067,4.841154541859223,4.490992528614477,4.740825917955181,4.900917346238647,4.933418124385652,4.924715371967456,4.898837516185603,4.7278322942629,4.787449900618952,4.893791105132184,4.987830122110173,4.756640732168923
wnd,4.012014115510589,4.044436699340874,4.057873341267274,4.212535379611641,4.077010566203318,4.256322907931847,4.2176830487911685,3.9846433807332446,4.119205408591074,4.041404564147065,3.8769590529431617,4.231113532693781,4.28823552729824,4.204878400358475,4.243767264939156,3.660731625229942,3.982612735040997,3.369738610910045,3.9631492532790125,3.5223090540521484,4.041596657491099,3.778733535410111,3.964520479721284,3.8641140662837072,3.6952936136723573,4.178442213762313,3.663876595831872,3.4772866532621496,3.7221197700336104,3.6597251551861385
srp,3.415687909048726,3.6682037617410734,3.5781385691733423,3.8717858851215237,3.6265339844002313,3.786676491470921,3.212566395718777,3.534141712643334,3.6552258186020388,3.4514688248395218,3.375913752850828,3.348277679176944,3.654726046611138,3.2149103299890447,3.393136867406142,2.8471440581687224,2.1117926066589976,2.8207773110508603,2.992143617599724,3.079856544835489,3.5521767608954997,2.4214822184580496,3.5684992050853372,2.3977854461905106,2.8941662639738066,3.1809316197361497,3.250010884530941,2.4386232112638653,2.5863367515863978,2.7356199962316228
E2f2,6.8192583726566305,6.824741045709547,6.8173041496304725,6.860249980666281,6.822602828201039,6.834423522616717,6.847299320782514,6.890516053213537,6.808189159694703,6.785728982888244,6.8041406674128755,6.868305984811045,6.8102346804018286,6.818226439404191,6.8116636022051225,6.724758693461516,6.69131635634602,6.761782252268419,6.696734212807726,6.7311728351489934,6.836536359244625,6.720033084847047,6.804854047585444,6.724512737182077,6.772160979273949,6.713261139768453,6.741920880157616,6.72215910515589,6.7515795393320195,6.755708818520994
Hand,3.026516238275083,3.8488078347713444,1.827934527684648,2.374880112671806,2.0481651011917954,1.8202087481497158,3.2583204491761073,3.758143420947565,2.5640180764957248,3.864607894762352,3.5721507011071996,3.800013419258204,3.7269845536081463,4.008458352262222,2.824165605473985,1.0311452119780684,1.5328851508607597,1.0132115965872366,1.0009111030700617,1.8227444895711185,0.9911974475388808,2.0594548394887804,2.0659339740515157,0.0,2.0576268653249645,2.026988417836464,0.9755810209650113,1.500906126081865,1.506045659624635,1.857428233106769
slp2,5.644315917565454,5.68331923779612,5.485490075861995,5.6025789212914034,5.418582757183166,5.697658938956381,5.530306816966688,5.4717409511499895,5.5808787127798,5.698428200668955,5.592924174493594,5.711850692824539,5.573824998530506,5.55381549737567,5.625604894342867,5.322439718807971,5.265125410625694,5.387013385118028,5.444933095464707,5.396623327485193,5.360387422438527,5.453685524429021,5.392909768581116,5.111867706238837,5.135665872344192,5.316545740566097,5.517076144156027,5.233713381443278,5.471633700254788,5.397684446049939
CG10654,4.276627809096657,4.49860026605305,4.4233623795510715,4.425874850395866,4.13269555167575,4.40727968602095,4.109194872996928,4.354847984304735,4.265701180145592,4.283141482520381,4.410294472679567,4.6289897431656275,4.372109444214956,4.361746183464624,4.3476914078336035,4.073066711898781,4.248479295856374,3.8035648930482915,3.995325882519521,4.091116528564539,3.7695713825381985,4.080150909495146,3.9966979494701453,3.6719545974852474,4.134307805538615,4.04349184533553,4.206308055541679,3.7572159716972915,4.075778057012656,4.008648255225032
corto,6.3212703988670365,6.261883525940618,6.317937937906856,6.316924084050031,6.355454632217714,6.273603857519512,6.1969133131283645,6.345559758560324,6.317446073539737,6.277389865041681,6.295969450499584,6.2853032497720065,6.35659714988599,6.227201812812486,6.30629516954721,6.0262984560795,6.09592695413142,6.113437169320727,6.161647916154625,6.1594814635874515,6.23974280338305,6.245791692883651,6.079844231408996,6.158269864099531,6.23370310201317,6.195212998862528,6.164003426121271,5.978607151744231,6.3037696838551165,6.088565535239554
cbt,4.218871448489475,4.012578825122964,4.248974268809799,4.286192125189934,4.114476264302385,4.088142011923993,4.029724641378799,4.114509755718375,4.119205408591074,4.081117908792924,4.183174910346379,4.263171457939539,3.9729367878467805,4.221719876293835,4.108674715403529,3.56335121467708,3.666914022845705,3.5859786622900534,3.9631492532790125,4.031536395714298,3.980209168101809,3.6087233910719765,3.746109993350587,3.378607834638737,3.7368176854693673,4.04349184533553,3.7835168872148044,3.7572159716972915,3.9489055183703057,3.33349611193405
D1,8.240532836819806,8.232196679175894,8.247217026695411,8.210691715746082,8.254518125293965,8.236638320872919,8.26578726472807,8.26945581780434,8.234011069031165,8.243294694472322,8.24998517822615,8.238982544644443,8.241308229496758,8.239640891192735,8.247109246104177,8.212604963508687,8.193675040168944,8.201099913926864,8.214397503986806,8.203084976209924,8.198533450357319,8.187187886078965,8.196034943511599,8.215787124944848,8.19832833145127,8.177584029162118,8.21647000048386,8.178970188095809,8.18753098735336,8.204697815261945
eve,4.052947889618574,3.7556259006974204,4.490626463121924,4.133018845737087,4.30628774754721,3.799623373411907,4.330963143162768,4.160287043505097,3.867232548364729,4.061458367234011,4.041742490712298,3.94012707614125,4.086196036626745,4.187748423392466,4.069339749263591,3.7494649266055537,3.6194008035942344,3.241109273213677,4.14229858820174,3.5223090540521484,3.336173204291368,2.5628674926867157,2.903159917700574,3.898481624158831,3.606684770980155,3.1809316197361497,3.250010884530941,2.913912456917283,3.307490706146153,4.008648255225032
sd,6.465030618685438,6.4880551850139225,6.426878450474251,6.484337549887283,6.582739706445816,6.479533583680477,6.502569198735321,6.43410091455517,6.494473926566921,6.452698040082079,6.526582485742836,6.429894642830035,6.474075632130369,6.43088060006021,6.469022311735867,6.402958134769794,6.363420219227908,6.359934428923394,6.358629587867439,6.360764615978059,6.34325417464729,6.435499713378058,6.426316285904014,6.335524497621341,6.350523406308336,6.4332932389923085,6.263223865306334,6.359386891252674,6.374991780378721,6.374656912265646
scrt,7.878978737969039,7.828608075426746,7.79107405650769,7.832190147354796,7.893764199527387,7.814657359823071,7.850155043331615,7.819190160927215,7.8144867519126615,7.835988729316541,7.8832797817028695,7.866975360954562,7.821366180667917,7.80000542980088,7.789458037905088,7.749104337411867,7.69036610874548,7.802487092833034,7.762833197198893,7.748750350421317,7.67695861253593,7.77780966222548,7.700012812712946,7.708589223145758,7.667610910653359,7.728268363537931,7.704037168052887,7.706687957215571,7.717206259139004,7.783979361597743
Dsp1,8.070338656462475,8.047672878330284,8.076251402211064,8.056118708674417,8.104282052524692,8.050496809313948,8.07905081506758,8.072411415077903,8.054194475831157,8.068305438615317,8.095903144967457,8.072541388459694,8.069669584312635,8.068159286872966,8.050435852388834,8.0020502380218,7.996239034275142,7.981268447533301,8.069796273877868,7.9819022708238725,7.957827636726372,8.027596738274704,7.9763990367248585,7.935824336632361,7.989125781715804,8.000856965026514,7.98599984644871,8.011744877802483,8.047395969204706,8.050510576004955
CG17124,4.942416528197482,4.739274583984658,5.03415599639623,4.827344072160612,4.862286522507547,4.767996297129426,4.739687937832096,4.906825123081696,5.006771883772926,4.907422003766975,4.799907367552321,4.817868687303493,4.814135186430628,4.70285920404731,4.903926582128065,4.2422251759417335,4.195205423251267,3.9821643372965565,4.195529339019817,4.601037518350368,4.614853965136382,3.9239966159413755,4.115956458887712,4.631367861163894,4.3093786900535545,4.481116852925358,4.446035056238305,4.4178180288039535,3.6787666152183673,4.385846231917809
mid,4.829120369533027,4.71284265999327,4.883602469056207,4.785132560672324,4.671026777272517,4.843241041285135,4.924784892019199,4.808857490422083,4.674495984646814,4.667887207249065,4.705419900169898,4.804187636622921,4.814135186430628,4.497310569627714,4.92119043044142,4.552004880382353,4.015892864259224,4.214620077191856,4.086074225850316,4.367322871524981,4.127142845140018,3.8896108313158346,3.964520479721284,4.285763626809948,4.718005897809284,4.603847873008001,4.1813722587257125,4.374868796335216,4.28952408679992,4.492205440591669
so,3.2285473284836086,3.712869855953918,3.4936628506159386,3.288703852212818,3.4100204680938675,3.647057398489069,3.343989978988725,3.644938152645574,3.640356046733944,3.6192673426469764,3.3356947595538067,3.7616871248595487,3.832726851837707,3.4572604913045226,3.6673979072155194,2.1062175855213803,3.043253113084805,2.444657209687746,3.351031643319486,2.266754149552261,2.788100978406328,2.896145842282177,2.263410958957844,2.538862599283069,2.4195730139430385,3.3092561135675016,3.31212310296306,2.913912456917283,2.8207773110508603,1.857428233106769
bap,3.1574820307437825,4.38634048619332,3.0028943030721043,3.7713801368547992,3.85333434617184,3.1031229125695337,3.496028397214994,3.688905436886232,2.7259757942208274,3.522001207096182,3.2274447128445862,2.998204003515041,4.1243955495434355,3.3023839153672734,3.753529630763205,1.0311452119780684,2.3104342572252508,1.506045659624635,1.4909964764599029,0.0,2.4129409789099405,2.2567628135769158,2.4282480230039556,1.7916587952982277,0.99578304286206,0.9737282006686656,1.4598737846834529,1.8291560564044707,1.0132115965872366,0.0
btn,3.7776635606385014,4.363812987025823,2.7777602206329615,3.350908265990122,3.312433137597016,3.7467986687242307,2.3874796531853337,2.767083728441794,2.9584080422645918,2.527890678687719,3.5051626303725616,3.5761954025071594,4.161189391009303,3.8993670698122638,3.5396404556780894,2.1062175855213803,1.8636583826684936,1.8347070203924956,2.568429229806447,1.0041575592885519,1.47908273414507,2.0594548394887804,2.0659339740515157,2.0367768759739096,0.99578304286206,2.223432356649106,2.226086287851448,2.273607232651343,0.0,1.030480670353235
CG33557,3.2948957060702693,4.225579619949104,1.730045443581999,3.1513253993719617,2.4590157173994296,3.6619298271011775,2.0767340078195393,2.064649724080572,2.762674781482503,2.1391934925645795,2.8416149184346087,3.3869038344272657,3.928349290822094,3.25960327141654,2.221038958088178,0.0,1.0352322426754133,0.0,1.0009111030700617,0.0,0.0,0.997104864670944,1.001795357759956,1.4662441393718892,1.484710206890238,0.9737282006686656,1.7847556877254194,1.009006984197234,1.0132115965872366,1.030480670353235
vvl,7.045206473698298,7.102541509693895,7.076038664377153,7.251024657195774,7.143764354636426,7.157689099375325,7.15943416701073,7.051831318111015,7.2195746345422345,7.108954030556139,7.118679819799231,7.029443995920005,7.124430483816723,7.194055607710982,7.206801464349924,6.994650510174708,6.656913296610429,6.670437237186608,6.953896062267158,6.894544256529956,6.646759787774946,6.76443238959432,6.74382113464718,6.8695865269151835,6.732282164134581,6.715260713043448,6.991019730145232,6.82571895814811,6.862142165156253,6.802843397419962
Hr39,3.901688208662153,3.8488078347713444,3.8709763239683532,3.859772810757158,3.6560447421904274,3.773559786698529,3.8972555498682135,3.847667415307174,3.830755123374938,3.735787945796623,4.051819721386332,3.774626456263669,3.781252731243221,3.7233816258313723,3.8200401356270297,3.56335121467708,3.4029345914935973,3.4283377341064085,3.6145855416647894,3.6648774207750807,3.3947031144641686,3.5612866308155855,3.4662669182544663,3.713454203529592,3.776686032749929,3.52506415615483,3.620589289168078,3.5297267032106254,3.633448453432547,3.395802882890197
sob,3.2948957060702693,3.8488078347713444,3.656030686348397,3.730967135412507,3.4284450625512215,3.5852518923576375,3.564175113214522,3.7974960929136863,3.609936267451098,3.679223816374746,3.5558196620560074,3.7616871248595487,3.6987045691294487,3.852164701537094,3.6213802034924574,3.3968013258775285,3.274145575519166,3.170006049641645,2.992143617599724,3.1563571520395164,2.788100978406328,2.896145842282177,3.2238367393754253,3.320111876074702,3.2146992431254455,2.7619181444142145,3.0365140996312916,3.2347595362898725,3.170006049641645,2.4693254988053717
slou,3.1817359554449323,3.085595270744122,3.137419477397817,3.644884666517079,3.372120503332019,3.812404773789207,3.5475688423556107,2.9628696787155073,3.6552258186020388,3.0526958803826756,3.3356947595538067,3.0525876509091683,3.4745785141365504,3.559464432000348,3.605558041223361,2.1062175855213803,2.618148884654897,2.444657209687746,2.692332437402997,1.8227444895711185,2.788100978406328,1.4863312685873886,2.263410958957844,2.3977854461905106,2.254886952391813,2.026988417836464,2.8637471376000763,2.273607232651343,2.71041165205985,1.030480670353235
Stat92E,4.810491999885185,4.954376330994078,4.829467863637234,5.092096820135926,4.992670344314361,4.978616936715352,4.784422649895111,5.08152218518131,4.8979039283313455,5.064771752049638,5.075973996684222,4.835823713978785,5.0098997285747835,5.1257921437786695,5.068161160036092,4.552004880382353,4.6663977860936425,4.714287121574047,4.61317859623075,4.5835172361086265,4.614853965136382,4.479965109806884,4.385341870923563,4.5642286400477765,4.7480445558034265,4.698247344436385,4.655108325883927,4.396573974420657,4.790000599432794,4.429756441523054
ttk,5.44125214966894,5.501272146564316,5.616093429921634,5.530217587640269,5.440790713765745,5.613227371732111,5.605777545757447,5.722120741240052,5.530123395278615,5.422099786370382,5.51943281331336,5.646791436602147,5.580400709005351,5.634238335354825,5.571267771300637,5.0850035836586125,5.283721821560854,5.240287357296761,5.070851251777329,4.731136889983587,4.916740068045366,4.861994179018513,5.336479731610969,5.303184699207562,5.28465929257784,5.401798070160745,5.382220705651153,5.305445567711073,5.057165972820521,5.061391091140873
grh,5.846940330720726,5.9158864505333195,5.918067453438261,6.083566334372157,5.887859270475791,5.932020612940756,5.945165713948172,6.044962201317755,5.9596307590314,6.020876491077214,6.037869693701207,6.0654912242777685,6.014772910309097,6.107978759050822,6.105315931129613,5.699457988360567,5.662578795142654,5.521978700858128,5.646169509573204,5.0866911713915135,5.352393145871813,5.489638726780335,5.431352289926325,5.781651356095192,5.668004962740176,5.790766955737615,5.56250751169895,5.5566181538540595,5.73586301262541,5.555842998740265
luna,6.10940753515035,6.205707137569744,6.092364952283972,6.1842419556192185,6.123170875953516,6.160111266858622,6.056035514352161,6.119580358614855,6.106016209051447,6.172478517360607,6.2357257385002045,6.078414893587241,6.194325277083836,6.171744810747643,6.138793851694198,5.939902406414645,6.104071955483843,5.77474168375013,5.897374376022639,5.6328831094780485,5.813558505233833,5.797276751643005,5.98041656374166,5.911579095829451,5.9621731638307445,6.015312425371908,5.715202259130659,5.712139253146226,6.011336890110891,5.823197204770843
psq,6.526039358130412,6.544523694377308,6.561848697439095,6.616253480135031,6.567038046092034,6.529426116190608,6.546083269847292,6.493112787733351,6.521715408398783,6.559444391187988,6.574377982362174,6.5465943938744235,6.567048763335822,6.548382726730587,6.556131996317428,6.483333206778817,6.444533392646815,6.368996019120058,6.471240346200134,6.2602337277117615,6.366813072931914,6.337603706685951,6.429101179898991,6.428523015849835,6.391394760813076,6.443830553569249,6.364923758834023,6.38027857346413,6.374991780378721,6.271190446345144
inv,4.439067612111573,4.437011277215991,4.437182026586046,4.369419938466191,4.434324338297253,4.481517880008343,4.479942652925287,4.432767049585429,4.543815180899892,4.388712697976344,4.529062184670354,4.4627160276055005,4.372109444214956,4.478110869993642,4.552902205359311,4.041867059517956,4.079304071978269,3.9145023826784966,4.195529339019817,3.8649184595711072,4.070932740089915,3.989412212093193,4.027872226023116,4.262560768758914,4.354243467890327,3.8530865307722078,3.986882902809608,4.208108953733088,3.9821643372965565,3.975372642902686
sens,4.4043978799211425,4.6232352920335495,4.601356349777925,4.679103079193247,4.808648808012713,4.494442986834624,4.411759029845027,4.530092604623878,4.335360878452088,4.402924038223296,4.374636118255601,4.617987613676463,4.780675437722972,4.655295917008118,4.773936217029304,3.120217503084476,3.517013500155513,1.8347070203924956,2.802562264168953,2.06919258613972,2.6779807538955267,1.8134019466426805,2.693635608453486,3.320111876074702,3.921942632602759,2.5284914809887855,3.112857517351722,3.004277428189052,3.6787666152183673,1.857428233106769
pnt,5.668523704908678,5.532436560905602,5.378986000266025,5.644014705921023,5.469654355726116,5.527881183556697,5.405211180639626,5.48372450348059,5.583028087498953,5.505127904011651,5.442607541729665,5.566548495967583,5.503216996385274,5.492468483570156,5.385233221179947,4.901686020547663,4.880790257767332,4.505085512808901,5.113149287216698,4.618256118277531,4.410784542306044,4.7648097082876015,4.772169301671592,4.924715371967456,5.11537829506344,5.080387496247804,5.0626410067697325,4.957044284003294,5.122004504311638,4.624336362437795
unpg,5.20217962207371,5.284606729534631,5.052867450563954,5.179770653583573,5.189669273753443,5.149171229594108,5.348777900439021,5.041552257850406,5.404885325542773,5.089931663763855,5.216799361967965,5.086361964151038,5.123065745220245,5.129167591868633,5.212392339874646,4.915009915452948,4.539070607749026,5.023098859654829,4.63010487586459,4.911987959137805,4.891610010751307,4.793553658060733,4.597344550643506,4.352306910550953,4.9841657961118715,4.9013530668682055,4.5901557767125585,4.812195054620236,4.775309572405766,4.8167596713283825
mael,3.8539079227791735,3.9571176142630935,3.894865530148179,4.026373792052498,4.114476264302385,3.7602687447196543,4.060270818296474,4.086002513663644,4.224796273045921,3.9894367489404137,3.8026071039202205,4.255252808710204,3.939683925284591,3.9444414436380346,3.9411011937652716,3.8693485178796916,3.126283281400829,3.5361427021106486,3.151447786765983,3.619576057996091,3.3947031144641686,3.5612866308155855,3.3523804573521083,3.044407380976218,3.0672208229560196,3.475319657443553,3.1837837410181895,3.2347595362898725,3.241109273213677,3.195867680656076
slp1,6.1594346929286825,6.1216109476491765,6.296789326188506,6.260480720580287,6.130543938293057,6.28866211924372,6.103934867786829,6.154291279438315,6.351871076678705,6.186803100309719,6.2469525469085765,6.262065667796821,6.226896668199656,6.279744260629756,6.172412396256024,5.829544824624967,5.786961973710264,5.926110277073036,5.81361505821354,5.902488593165924,6.08260793466186,5.857722780408806,6.006215533361344,5.897948721188088,5.594616075691472,5.765269272414296,5.925623892053634,5.768153161650478,6.002700138527876,5.801639397295921
Dr,4.883009703084664,4.971065901113277,5.037926401561759,5.106095610573698,4.888063712777575,4.946452035048861,4.99018914753135,5.015259025769254,4.975731777148629,5.012469330700035,5.001238347159348,5.133702508382883,5.006027148648614,4.964718453510417,4.983398557674097,4.817784362060542,4.779328568367081,4.64929753614123,4.663121450360183,4.5835172361086265,4.891610010751307,4.821494426049514,4.727439344156899,4.5642286400477765,4.655078089382381,4.553081452002302,4.573236350054514,4.306774791743575,4.775309572405766,4.8167596713283825
ftz,5.585442308214617,5.725060180024255,5.831726088230564,5.705027995205204,5.705155858594342,5.62158269054991,5.673954838532864,5.596267483126218,5.647465722755752,5.713761954401369,5.74960698020318,5.646791436602147,5.722707134950328,5.658347640422612,5.693087039329276,5.556872055130967,5.421217298841024,5.464230097080162,5.375717889775893,5.4044310991808855,5.451642927528617,5.475412182670355,5.3529301323641,5.26084139715104,5.04094383282998,5.324603355790735,5.311383536941379,5.050599057611211,5.434055065271375,5.27638129632007
retn,3.6951226156574632,3.9104217229143217,3.808630492755369,3.9297774220609774,3.5323864276550148,3.5691846450070144,3.6279726605180485,3.464842177957143,3.5624978677864383,3.538883505239079,3.5558196620560074,3.694353197343544,3.592907504340145,3.591335960425942,3.2671945318421063,2.8471440581687224,2.618148884654897,2.444657209687746,2.568429229806447,2.431650081407017,2.0512781579436963,3.2167105952842334,2.8038753091260884,2.538862599283069,2.560933736449122,2.6520004062963216,1.7847556877254194,3.004277428189052,3.369738610910045,2.7356199962316228
crol,6.535296872055081,6.496191365849108,6.5813342017132594,6.553695664981697,6.49571252469532,6.520999619022369,6.534325538396265,6.469390917063725,6.554755739140723,6.516910870753871,6.5424925951521455,6.509743782638446,6.52886117064977,6.496521116796118,6.464461108203344,6.3090083149777465,6.341270970921693,6.325987883932517,6.322215714221434,6.2602337277117615,6.124266400127809,6.291167903461858,6.371874109644261,6.271497771451004,6.292240053539668,6.376073581658463,6.275739474786703,6.34724985385559,6.362964091755991,6.359179353568705
cato,5.613208078929775,5.451346161778677,5.4285755441909895,5.811773031511875,5.7473425249317,5.390995722701651,5.147320282153644,5.771559310346286,5.2879844388571575,5.308995669580846,5.52634155102309,5.436312309259013,5.519602129329051,5.511040962761624,5.196273555474497,3.1968584648259863,3.4615999141594656,3.8788733720905615,2.0647134092260484,3.079856544835489,2.788100978406328,4.1363697201380045,2.993471294680084,3.044407380976218,2.8941662639738066,3.7423003095188414,3.250010884530941,4.659398456662777,2.5863367515863978,3.9409515379053186
hkb,6.059445286524484,6.165169820666413,6.175355905819147,6.128316894186867,6.215024209345702,6.008333066263853,6.086901350400969,6.065144696407781,6.156879773744327,6.146905882031784,6.157068345230005,6.19465804733449,6.1296074942950804,6.104172890290613,6.110539895108261,5.570707912990808,5.78137694995994,5.907203440356687,5.640074944998607,5.669343988982168,5.838548540900276,5.80760824117059,5.545289321258094,5.5450571064896765,5.421876078936348,5.728443717245774,5.503707413939389,5.991760980571724,5.806903969693142,5.943610194754069
caup,5.021592930577446,4.852597936966817,4.896690302107451,4.880989743481542,4.883813393811114,4.6038151295627765,4.759817482552485,4.9236503722867155,4.82273101346305,4.589077509946535,4.827981428697556,4.961099468542312,4.899685830641157,4.815031184045733,4.85027135379825,4.073066711898781,3.7556611360412573,3.9821643372965565,4.294177218383901,3.7497525751638032,4.278986738407603,3.345218553687265,4.40658296381039,3.713454203529592,3.8875582981113546,4.297327506901296,3.575343076111664,3.942424216799256,4.424347690298678,3.6597251551861385
hb,6.149627477331913,6.170171855627362,6.274091140505316,6.290696336941458,6.186492476528039,6.140496539351018,6.133378140281065,6.092732886952012,6.123676672847912,6.049834644059167,6.169208328925873,6.0962319472170705,6.20021994882221,6.187070650333327,6.182160204534573,5.865996897343333,5.927050232833999,5.878155551856799,5.9067826178105465,5.953172431515152,6.0709387441501335,5.942048432616104,5.835357275042805,5.771320689575529,5.9263889105203,5.9093290775314244,5.778512845276483,6.009034523928353,5.858310676254689,5.880191264424554
odd,4.452605804898766,4.437011277215991,4.503552902698393,4.827344072160612,4.336190523154904,4.481517880008343,4.53756980442537,4.340004700005508,4.421280230504303,4.329757276294264,4.751291448244302,4.494508167513115,4.7560710586946975,4.633408085934504,4.669513823991674,3.9419645231249927,4.13893294902144,3.7221197700336104,3.6598808038009696,3.7082152017937773,3.8804260873001293,3.6540114479959707,3.861266314632258,3.5834014845525632,3.7368176854693673,3.7423003095188414,3.112857517351722,4.069281527269838,3.7221197700336104,2.7356199962316228
cdi,6.091289514146317,6.095072795569028,6.113125404553058,6.124558638706457,6.178355515833972,6.110333638137361,6.159524410052135,6.010392256055099,6.153244515480718,6.060649432392021,6.07036054506492,6.1112550489710955,6.085770572812142,6.1092441699542075,6.0733857494904875,5.886245193112774,5.897571417457487,5.853287306688513,5.878288109708266,5.925845609911948,5.838548540900276,5.842950346609417,6.01886964123188,5.874810260294136,5.884539051999531,5.927059498494305,5.6819775439428915,5.9241901584042544,5.8482385754257615,5.801639397295921
EcR,4.5547793856763485,4.556615114975036,4.583732036034404,4.613052005876024,4.5297699746552755,4.67060313877837,4.580202110220292,4.630032649349237,4.525438139765726,4.509881296279628,4.424209245677349,4.519233624933195,4.489302229083014,4.484551815545263,4.502163314138045,4.2422251759417335,3.982612735040997,4.075778057012656,4.270412484493786,4.451444620488777,4.205944098234879,4.240130881413995,4.318769419202775,4.163958968290963,4.213117927280846,4.362416701500383,4.322434021058555,4.039043778002909,4.336514190521892,4.160201575756967
sv,3.2948957060702693,3.057951031837607,3.2997226448169474,3.5172085445590358,3.312433137597016,3.448846818783186,2.9148433468254313,3.370864973746344,3.2179072746181947,3.079553911991068,3.2721604331347933,3.4774062896797386,3.380570483871475,3.323106934280594,3.373217399916668,1.8583001189987547,1.8636583826684936,1.0132115965872366,2.0647134092260484,2.5731653142136235,1.8055599766510722,2.2567628135769158,2.693635608453486,2.0367768759739096,1.8116485727496114,1.4575901262698383,1.7847556877254194,1.8291560564044707,2.081655565212725,2.6113107748667472
cg,6.429352811609638,6.448241606797772,6.4673354132808605,6.3839999360878945,6.454067918120664,6.3996922359725055,6.466160199013573,6.446912879073062,6.441305341935196,6.470704620874954,6.400826567600968,6.407971648741831,6.473181358550312,6.431796974338763,6.436648159244413,6.261949386895494,6.2751422672272135,6.2096046532039715,6.235086652559562,6.273366834210817,6.322174780964146,6.255689998484335,6.311172243726429,6.265180632496156,6.37698885494706,6.282054430677896,6.327249616070723,6.144931872355063,6.371998393386792,6.301388529289078
E(spl)m8-HLH,6.793709834375051,6.756334932269315,6.762486031622672,6.8662461240346895,6.815221707756555,6.809371167052012,6.68464079403874,6.779547376197306,6.739680473330876,6.722567140588214,6.745541768466573,6.760727298141253,6.659561539371399,6.786613393715283,6.812309512021013,6.486087617895855,6.584338968983443,6.230542712034938,6.408046593055396,6.4974375062754675,6.608646286461978,6.682180414108668,6.511797237883545,6.44982307153473,6.481598658559903,6.661926429923769,6.64360290791878,6.481325340621921,6.495901642299306,6.6017521555920915
ato,3.7643712304183667,4.268256875344882,4.1714987309942,4.105043334260161,4.336190523154904,3.96521242123608,3.823800741016495,4.142226808998496,4.249539442905056,3.945826002481751,3.9790486013705655,3.895568746479136,4.026013092680672,4.286385080950271,3.9411011937652716,1.8583001189987547,2.3104342572252508,1.506045659624635,1.4909964764599029,2.6971142325578583,3.3947031144641686,2.2567628135769158,2.0659339740515157,1.7916587952982277,2.560933736449122,3.367728812967909,3.0365140996312916,2.580226799349611,2.5863367515863978,2.8461709672672364
gsb,6.682273537297786,6.597973228983624,6.6511991373633395,6.785343363136997,6.649768897192891,6.710804663446394,6.598931661967183,6.581949904491243,6.647791865714114,6.5820490573650865,6.701882883650494,6.703980538701313,6.774475398753684,6.70081343197015,6.6199557504279865,6.33813147515964,6.268282370773887,6.335360902667248,6.352651946799248,6.378538745236307,6.43433214329659,6.294331615563449,6.259809831137556,6.206455360375944,6.317195660631074,6.327228295137435,6.201537036290515,6.1029527930246985,6.441476805237997,6.352920625945505
Kah,3.1326252000539037,3.466436875438643,2.9736727916134407,2.8697087814043365,3.204282377373513,2.8387412692712655,2.882809447343587,3.1513779699410955,3.326116718141108,3.335363033375792,2.431674483881342,3.405671454810618,3.360659862937767,3.2375064623018095,3.2671945318421063,1.0311452119780684,1.5328851508607597,1.0132115965872366,1.8184466402850819,1.8227444895711185,0.9911974475388808,1.4863312685873886,1.001795357759956,0.0,1.8116485727496114,1.782280149514559,0.0,1.009006984197234,1.506045659624635,1.5271046875048877
twi,3.829133473280991,3.484895687280223,3.940997149853936,3.906982760013727,3.997585500146921,4.0182810383921135,4.0193316548542946,3.7171784513937633,3.969302032457873,3.8276738241174746,4.010886781068978,3.8489320014742856,3.8201045827698845,3.6521845277293514,4.0490764126110435,1.527913484978157,1.0352322426754133,1.8347070203924956,1.4909964764599029,1.0041575592885519,1.8055599766510722,1.8134019466426805,2.5697199219497224,0.0,0.99578304286206,1.782280149514559,1.7847556877254194,0.0,1.0132115965872366,0.0
bnl,5.293225314939202,5.3852153213066645,5.271757776388972,5.266312812397108,5.259335991829436,5.204337089597075,5.436084213910859,5.521134456743556,5.194331641061375,5.434750655018793,5.481757761454565,5.317242656870075,5.140176201185643,5.461532581948576,5.132537173674918,4.430777183445874,3.7122717627913957,4.632368060226909,4.3839615269365435,4.451444620488777,4.451120592941969,4.050810085311674,4.664506039098167,4.724313869224533,4.671185160250096,4.603847873008001,4.655108325883927,4.573247814462126,4.505085512808901,4.008648255225032
dmrt11E,4.375769792091068,4.524801001105208,4.248974268809799,4.485795475038651,4.202424278644272,4.206203747485442,4.291962602134813,4.086002513663644,4.281605864549736,4.37429648045939,4.352614366806358,4.339089170918886,4.152117068131188,4.390369194085951,4.1277767987618565,2.304720554451993,2.1117926066589976,2.2795380139705186,1.8184466402850819,2.266754149552261,2.2483712298257514,1.8134019466426805,2.0659339740515157,2.3977854461905106,2.684764152404468,2.026988417836464,2.226086287851448,2.07587315408331,1.8347070203924956,0.0
jeb,4.47914444640583,4.325101334543046,4.690440711371115,4.799401962198559,4.290994218680719,4.481517880008343,4.425772751417996,4.689753978125141,4.619763292011751,4.559354998904954,4.337659078559163,4.826886497972708,4.540033942014177,4.6714030213004065,4.293077273612535,2.612267992907789,1.8636583826684936,2.444657209687746,3.351031643319486,2.9970151749242673,2.8872886849236234,2.6867167408612134,2.4282480230039556,2.3977854461905106,2.560933736449122,2.7619181444142145,2.531229987817368,2.7042434676454827,2.444657209687746,1.5271046875048877
en,5.0949577575434155,5.2157599130231365,5.3068774647903805,5.10956490136649,4.996483114477747,5.247588442711139,5.357037413578913,5.211599837168988,5.327565379610173,5.210182433436797,5.286264503106856,5.248992653587774,5.193041565719306,5.313308709063083,5.292261901118458,4.317158658481707,4.347201262089803,4.632368060226909,4.505123292244579,4.731136889983587,4.597930269434657,4.479965109806884,4.487303926466471,4.6789203467632925,4.791475596734075,4.636314636172962,4.520689520333533,4.768756395315363,4.682320191748199,4.756640732168923
His2Av,10.201114915464666,10.199476368548005,10.193184866508227,10.192345408416582,10.202691157366745,10.20159749298576,10.20959471715364,10.203699944379142,10.179975109963767,10.207180921693837,10.208417817226781,10.214253724616812,10.181764775945723,10.202372334822039,10.196523375067711,10.097677897709978,10.081559202404527,10.112706275866223,10.15178707837765,10.090381506468693,10.086781363661393,10.109957922802629,10.10216905866313,10.088642270493565,10.123873309072108,10.087983983877566,10.123712556789851,10.117278187407935,10.110141179837038,10.141960144305376
E(spl)m3-HLH,5.105512596471651,5.080689064880866,5.067588546912757,5.301226095290478,5.157796789613182,5.339942264453013,5.190341995721495,5.289777885776756,5.2705295399432135,5.197513413893318,5.079568091770784,5.1725694139422895,5.091509213278796,5.313308709063083,5.28633953419504,4.340938594702753,4.6663977860936425,4.265174201701884,4.086074225850316,4.66820144455529,4.527217150343353,4.479965109806884,4.295555925355881,4.473422311719933,4.552574672699217,4.913532466150437,4.074903154845603,4.458998337907861,4.4855039139842035,4.471819374620219
E(spl)m5-HLH,6.30241639114244,6.325804720390099,6.320028406157808,6.580304910198555,6.3661522427745405,6.381373875881003,6.215677358728896,6.454160971324119,6.4182894036672264,6.448145272764252,6.385393186801106,6.453114432566285,6.224604997476701,6.466011207075522,6.492410902376034,5.89621764038698,5.819832508436183,5.111485840371903,5.658248326833995,5.953172431515152,5.729115797899498,5.832979411324191,5.571854778504778,5.701437373322965,5.6913179604940805,5.900344568438253,5.496955424857063,5.569989682001819,5.935431312737655,5.934111409048898
fd96Cb,5.1124877680206975,5.076974021992072,5.470952252559416,5.345958317270072,5.524996468085666,5.36713708415476,5.262198608020121,5.037838144087924,5.5049072616057,5.462031721645036,5.514800327840208,5.349696809852763,5.48655891231105,5.463946542112983,5.442734769773703,4.660112607190266,4.539070607749026,4.4855039139842035,4.505123292244579,4.275469259384687,4.614853965136382,4.518003608258787,4.525345553507367,4.262560768758914,4.262406128555456,4.603847873008001,4.129553996793741,4.208108953733088,4.381394971045826,4.831241174470942
HLH54F,3.924748647525984,4.162595694122391,4.047795028738426,4.105043334260161,4.185442599545781,3.849797081352859,3.6732842191607675,3.482622465016567,4.297261545128407,3.967869094024655,3.650029888216617,3.348277679176944,3.084482142923286,3.4750364478775846,4.079319493024375,1.527913484978157,1.0352322426754133,1.0132115965872366,1.4909964764599029,1.0041575592885519,1.8055599766510722,1.4863312685873886,1.492079711697306,0.9807537485145504,0.0,0.9737282006686656,1.4598737846834529,1.500906126081865,1.506045659624635,2.4693254988053717
mirr,6.318152646609035,6.265291937669641,6.385693718021348,6.312773596741841,6.395698550059035,6.212148466519787,6.255535992760928,6.301324945540562,6.196018989181652,6.233121877392754,6.277733189126406,6.182003798140331,6.284708130304344,6.278677317588317,6.2868288622808475,5.871097537720686,5.992631920106718,5.827784826061204,6.004821208708815,5.7820897276919885,5.932695752391623,5.942048432616104,5.884487815189231,5.807020540889255,6.0464030149750245,5.9093290775314244,5.7987559323740365,5.841648594380866,5.935431312737655,5.859840004551967
aop,7.070049602387014,7.031325330377289,7.1740317109805956,7.247764330012768,7.138862988658659,7.199339141949392,7.123999157648972,7.203158565898617,7.165478431030377,7.130863928115642,7.0854499833982905,7.1445896322587465,7.13878772614494,7.165442062378671,7.1256956747118,6.5929449353321745,6.73109614731875,6.25779514089287,6.5306769043729895,6.393112941430545,6.43975823745295,6.44369458520459,6.431878339793071,6.5828274311418475,6.701293446902353,6.799503805426644,6.658557094348961,6.3683939659711015,6.447054531401139,6.596844830356194
E(spl)m7-HLH,7.024364257548854,7.002983857835732,7.10645780975647,7.1966803511756625,7.104788556925916,7.061919483608218,6.984475129193254,7.0690625684534405,7.031616225093094,7.029018738968992,7.011332151448991,7.015959196548447,6.932709790462679,7.099076913521254,7.148559638684647,6.557725974753141,6.661569332456522,6.1211720577048645,6.385095405283168,6.5357977131015685,6.4717106745916135,6.5948932331988335,6.392278202520959,6.431210466554086,6.509944798393568,6.649203797354372,6.613006454464223,6.287497510723429,6.430227143127547,6.48505614672412
chn,5.594068024832683,5.553456718624795,5.6307618632954135,5.82878766269232,5.670852199224312,5.55046877612246,5.5210414775659595,5.579090225770916,5.567884535260139,5.516776665116448,5.586461900037208,5.6836684262888175,5.498485791750121,5.790200914342911,5.546391080634225,5.160264032140931,5.274466843782851,4.975791934313838,4.881116631983418,4.8730615165500595,5.196354713582966,5.0206995497357,4.800915037782068,5.131749062465617,5.165345787204668,5.249634998464463,5.019901773018491,4.993160693520275,5.034583999975,5.061391091140873
rib,6.240252919380977,6.443507539405018,6.444549650117617,6.499979927923389,6.3376987784121495,6.432582526903048,6.386171722991842,6.33747681261914,6.399487470910036,6.425998733384987,6.400826567600968,6.409817034027741,6.408507202259669,6.555692360939492,6.436648159244413,5.87617229353778,6.001659259127914,5.790952122728689,5.71654629668187,5.614141716553887,5.867734888868907,5.817834081604689,5.840380383643422,6.02655028450476,5.996721020517461,6.096404472628466,5.861851481993931,5.712139253146226,5.769279278277487,5.801639397295921
l(3)neo38,7.6785621267557715,7.706202264870305,7.730774999775816,7.7249251331335635,7.721419497964943,7.694194191983609,7.697428003939816,7.692542612354557,7.7067605101442425,7.731380571500864,7.699598145770944,7.706643345628048,7.723047713841264,7.722209434671268,7.684494496598448,7.537667890989331,7.609115495181929,7.538092182405679,7.53355729245009,7.526646512213021,7.536402161793739,7.606261829198582,7.544115409669173,7.5604804157293595,7.592187001336404,7.649832682612725,7.535573338989221,7.522101917371031,7.576573620456655,7.526007838110917
CG12744,5.615312313067041,5.639759808435755,5.704910873948318,5.708839384753018,5.585914412607338,5.739194735874687,5.673954838532864,5.723996057510958,5.696567216886855,5.741893993529357,5.624623591104609,5.74644457556078,5.670188981855828,5.6423395266232905,5.629826948185517,5.1179539597966395,4.997729491656469,5.023098859654829,5.059991157706813,5.05410727501311,5.158105535091657,5.107160783079891,4.945751728772543,5.216625558349942,5.203596532063747,5.445407454130745,5.389790474121698,5.072681404374788,4.987830122110173,5.10606390225267
lmd,4.578771065670708,4.6290772420749144,4.484100038695453,4.548416231933676,4.676282290437962,4.717920689339355,4.638115600343848,4.668447512662691,4.669155568397124,4.715456075176762,4.367349286042323,4.44314399376456,4.564466202562659,4.70285920404731,4.595280451903808,1.8583001189987547,2.1117926066589976,2.444657209687746,1.0009111030700617,1.4949724150898753,2.4129409789099405,1.4863312685873886,2.5697199219497224,1.7916587952982277,2.254886952391813,3.110014469272482,2.6547664596067904,1.8291560564044707,2.71041165205985,1.857428233106769
nau,4.641926093322961,4.485237889951287,4.50995399789638,4.618725984740103,4.3138476874304965,4.455155430042306,4.682146582496954,4.294105275903459,4.297261545128407,4.2425630421690474,4.431094691504735,4.697696326663666,4.372109444214956,4.368979109048605,4.173994119647984,1.527913484978157,1.0352322426754133,2.71041165205985,1.8184466402850819,1.4949724150898753,1.47908273414507,2.2567628135769158,1.492079711697306,2.0367768759739096,1.484710206890238,2.026988417836464,1.7847556877254194,2.07587315408331,1.506045659624635,2.105310314829363
lolal,8.67329190341423,8.676831780424523,8.675336205990797,8.6957712548146,8.69706279951726,8.690006598914563,8.684881811462906,8.706514572578637,8.662409919647285,8.692133648177924,8.687918975363093,8.681027504247954,8.661538406804839,8.680778230327586,8.677446658739598,8.497278650932193,8.520413878314029,8.513905710636664,8.55232200805181,8.532213079876717,8.51983166067143,8.53695115152444,8.526778045518093,8.522258932209905,8.515211697508585,8.579245623091037,8.552673650177297,8.515711434343654,8.541679777233337,8.491818669786452
ab,5.513619505052258,5.825018258793281,5.775740386790205,5.769716430668294,5.549372957960245,5.794940531361338,5.709272042218006,5.823768359936263,5.813977130589878,5.721341551702573,5.744084488737438,5.8676449031736455,5.783362285736586,5.895777629336685,5.949790258279966,4.430777183445874,4.079304071978269,4.240216570371504,3.7447452460975077,4.226171688359121,4.740825917955181,4.31144598831755,4.143674168389991,4.546715079790249,4.134307805538615,4.403568954600496,4.538513694132649,4.127144998009112,4.381394971045826,4.160201575756967
tsh,6.531940410866073,6.55051083376128,6.617652344699734,6.601561475321988,6.621697434506916,6.592823859958036,6.627812403237432,6.573973749344184,6.593796690883826,6.607272366669636,6.626124430509573,6.6081746149985525,6.537287764696311,6.555692360939492,6.600195445115327,5.348515854838015,5.283721821560854,5.240287357296761,5.183121070982293,5.168722694741945,5.451642927528617,5.137748993253595,5.408464561232343,5.26084139715104,5.3018144498078525,5.371631433109323,5.162121538559307,5.419786917118563,5.023098859654829,5.3388710513736575
Mef2,5.338593252335953,5.349017435067382,5.250686862765951,5.173292764678518,5.205232491210134,5.036272059405742,5.18709755286721,5.166827246638786,5.240743429101275,5.097005453694336,5.028035803766168,5.248992653587774,5.066257724690473,5.296347519047416,5.256189872557243,2.8471440581687224,2.8531221303177667,2.8207773110508603,2.802562264168953,2.906686158109126,3.207710775239922,3.1456814711496297,2.8038753091260884,3.044407380976218,2.560933736449122,3.367728812967909,2.9538570404727134,2.4386232112638653,2.71041165205985,2.9457079356162463
Top1,5.873269225883424,5.888160180539263,5.939682445934565,5.870099216908697,5.890975621167488,5.928965961768656,5.981059048949923,5.944985116172538,5.946282431181195,5.892674520024239,5.899359375363431,5.873966188335516,5.935287324821756,5.943168471302188,5.921868646425548,5.637153593831939,5.770112444834112,5.6532542851113545,5.82384108226582,5.6752936192824635,5.740069400269694,5.754849120286468,5.6950263785789,5.8654028563999345,5.656141433638588,5.723070447561999,5.612021022918453,5.694704427999837,5.758264130453717,5.8495069222825755
Wnt4,5.8618355357463825,5.982767076270498,5.9211840615796465,6.017347725887568,6.067373831605495,6.0403140019485235,5.98837737283773,5.95989422015721,5.93728351915501,5.949856344918248,6.105693692955853,6.049759071356363,6.04816842794512,5.925089080131192,5.997581670301074,5.649928892750413,5.637026582479562,5.6532542851113545,5.67609732327327,5.808396212258856,5.8186067223157085,5.760252066612112,5.431352289926325,5.723464686847772,5.6196822627030105,5.695762293032048,5.629974282047552,5.6404983729242755,5.8482385754257615,5.989796088575831
jigr1,7.039151147412307,7.043899656054107,7.033984612937403,7.0772712254021695,7.054559520646162,7.020167951090522,7.019404496605407,7.041348223138943,7.081780355505974,7.012027595728032,7.055066427354741,7.07644228462072,7.049881992065868,7.047480740057731,7.042568651926916,6.922646673081803,6.9553004564069285,6.901746312413371,6.90851631224917,6.965570635690613,6.943425907615673,6.988134565870849,6.882015918279421,6.9715479081306935,6.952334655459326,6.960293332316688,6.964828328078889,6.884497427948054,6.958358406928462,6.973569450072335
CG30431,2.6982099670307624,3.1891103660064704,2.330377334965279,3.126475473190889,2.8189080991788544,3.536254305002826,2.5811365425003463,2.932786380809271,2.897323647185597,2.8412910158837557,2.8416149184346087,2.5018936938290572,2.8119361799723883,2.7230583987834676,2.7137749492645895,2.304720554451993,2.1117926066589976,2.8207773110508603,2.9018388652305123,2.06919258613972,2.5542160458291967,2.0594548394887804,2.263410958957844,1.4662441393718892,1.8116485727496114,2.223432356649106,2.0295725179572437,2.913912456917283,2.081655565212725,2.4693254988053717
sima,5.701844934307477,5.728946123250769,5.7520695134547575,5.806611673247615,5.703280659323441,5.777295290488896,5.745245809537085,5.789266925452887,5.7775306921248655,5.704205946901037,5.785664172528867,5.769442845524386,5.761729145031209,5.672147563768856,5.671095116790198,5.717416710299435,5.705781862524649,5.67756125060923,5.658248326833995,5.457442428865349,5.642900182019971,5.634071548184901,5.558660262727411,5.667459033631146,5.6072277063576035,5.584606270887702,5.6763311631213025,5.773585779727434,5.628341740697941,5.4985021464188755
Sox14,3.803729624402515,3.63727802382686,3.7956809360483605,3.730967135412507,3.944537754336425,3.9091689155271716,3.823800741016495,3.9184988687180518,3.947503223852937,3.693667619123823,3.852784149289075,3.8369248678280323,3.6987045691294487,3.8993670698122638,3.807087225092806,3.455454582825368,3.274145575519166,3.7221197700336104,3.517332608490986,3.6648774207750807,3.8448226705886626,3.6973370516635398,3.615945698287068,3.4338702918754693,3.606684770980155,3.52506415615483,3.8559990693758066,3.9080255543725073,3.307490706146153,3.267047728123556
trh,3.6951226156574632,3.4089235541957,3.420535941059894,3.984589481372086,3.548706176139589,3.676584304091932,3.9874884554726373,3.7446740325740313,3.726428472911941,3.8276738241174746,3.2043139793270727,3.1532133214136278,3.576836733992202,3.709541962130555,3.173457488229852,2.304720554451993,2.952699555597132,3.0934575089002445,2.9018388652305123,2.431650081407017,3.1367094420559165,2.2567628135769158,2.693635608453486,2.7724754633560615,2.984432366591288,2.951036829421339,3.4782032614123564,3.5297267032106254,2.2795380139705186,2.8461709672672364
Brf,4.511356989401188,4.41560882526037,4.305339097139321,4.254123613950253,4.37235381582072,4.378856520626647,4.54377254409948,4.425929114220763,4.312675898658807,4.359669391947361,4.322476729610929,4.128269905232937,4.372109444214956,4.49095154067419,4.540456788697433,4.340938594702753,4.370430714516958,4.524291025208409,4.4859218932513185,4.547527997768862,4.631496009335838,4.657153611622595,4.487303926466471,4.473422311719933,4.622064097479528,4.517746375759154,4.773581027559385,4.438620145611721,4.403101929957765,4.451009053062046
btz,5.036702811992492,5.035170843815029,4.967783393887608,4.858986039641481,4.9173206189779215,4.891871609536858,5.047848738058418,5.041552257850406,5.0661030737715915,4.993106520569345,5.12857443905415,4.93726846929169,4.9784908648776,4.972631225469589,5.068161160036092,4.888182199451553,5.045613742355862,5.068268564602081,5.123450040333683,5.1182467751436995,5.196354713582966,5.117461163580311,5.184511004595666,4.960390943830992,5.14565737513921,5.2321835948357265,5.073046379224722,5.083542368272591,5.182893766420925,4.741028785451369
CG3847,5.552416567838275,5.57404411051318,5.458673837547444,5.437347587797845,5.3958703840014985,5.439568842693171,5.4104233317267045,5.454718996319002,5.445116845272556,5.411862581011452,5.435093124819051,5.419082590713572,5.449900254860549,5.492468483570156,5.4376418618452655,5.382258887177615,5.44501836319747,5.640875590257189,5.537143934014644,5.356643000388222,5.568141003129195,5.496676813751564,5.524891596573865,5.557993891454302,5.6441354697443415,5.5783991910367785,5.4412326704549185,5.529326446534901,5.528968315577674,5.4985021464188755
tup,4.390186278434508,3.712869855953918,4.067851094042639,3.859772810757158,3.9113035717636517,3.885841455219716,4.0702489892511124,4.195457499748114,4.081376470786592,3.956908284259168,3.968206559429803,4.003449499162517,3.781252731243221,3.9662389507754305,3.8200401356270297,3.8309623349174977,4.274088408945684,4.265174201701884,4.3839615269365435,4.031536395714298,4.347055403251613,4.1633366885666385,3.9312730979729538,4.454227891171953,4.0780909333633195,4.227704922775546,4.074903154845603,4.2337029707176805,4.846697103697874,4.072051261688935
Cdc5,5.410772242171676,5.453902555877098,5.423469894889626,5.362230143412535,5.40096234526151,5.326062396327213,5.348777900439021,5.464481277709248,5.467055473474353,5.388438347459123,5.3402189328483,5.347032165488404,5.358744991996868,5.459112780476967,5.403890289558211,5.422896967781657,5.388574857182434,5.40294109496084,5.570462328202523,5.435066487599641,5.612426770589162,5.517498659624589,5.377109196270013,5.491568447469573,5.515411647626217,5.445407454130745,5.530268506645553,5.515396099635954,5.5765736917163355,5.421868483481493
mRpL1,5.670514815413664,5.660739179020344,5.748377590979549,5.744340965987686,5.6630666781676835,5.668316392497427,5.748958320273503,5.716473598774975,5.7286302055122515,5.767455188304233,5.7292069826906875,5.719233731240261,5.654083178737094,5.676055671700414,5.671095116790198,5.775051534106797,5.786961973710264,5.701291380922224,5.670182985798319,5.732920493976593,5.896093495584048,5.732940597412227,5.689215122685733,5.8019979304516545,5.830890120171694,5.863576881840488,5.641766519184231,5.778989043862173,5.77474168375013,5.801639397295921
exex,2.7363352919814834,2.6479376421931375,2.847417042838229,2.932734384470838,2.5509211521772217,3.269224417356379,2.8154883753918076,2.568361883157997,2.5640180764957248,2.90638628248946,3.0798820689759796,2.998204003515041,2.8461554989490807,2.7230583987834676,2.6327714982299084,3.7060821530506445,3.340611978524282,2.71041165205985,2.9018388652305123,2.6971142325578583,3.2740033973690026,2.9864219453191345,2.8038753091260884,3.6719545974852474,3.2146992431254455,3.6609774081724336,3.250010884530941,2.913912456917283,3.0934575089002445,3.11923008524618
sna,6.819888797299477,6.719573264970664,6.728369883992914,6.77163775641081,6.805918027354692,6.750597536704019,6.702649958937869,6.819175667871723,6.724025927098656,6.732230818542665,6.770321462775738,6.697087690481287,6.725643072179235,6.686006256632595,6.801924554352728,6.893792669400785,6.75464928132777,6.961688579762902,6.579636567525472,6.739393554460726,6.710667024918351,6.863935764529185,6.808666623695876,6.846822458045673,6.7780079703560805,6.782840050994575,6.759325906263353,6.81812264495173,6.89288210606574,6.86304934573675
Dbx,2.9388239692795657,2.689306524023451,3.0588940188665594,2.7303223212001706,2.7127144264665244,2.9348466599755443,3.1142544950129882,2.901769933318183,3.2626056884718,3.1057094170919552,2.8416149184346087,2.910645836367854,2.8461554989490807,2.82932575531597,3.042393177580295,3.56335121467708,3.043253113084805,3.5859786622900534,2.2621586410468297,2.06919258613972,3.449995871639851,2.896145842282177,3.615945698287068,2.961716161093768,2.984432366591288,3.8175042876167256,2.9538570404727134,3.5297267032106254,3.6787666152183673,3.036228040021497
CG12708,5.920841944141733,5.832039820149706,5.831726088230564,5.722066000121897,5.864171838649857,5.856003373249111,5.818726651919645,5.773344248838655,5.8654619896459215,5.795889667463776,5.776771026730926,5.807197111303668,5.918291309638821,5.765541238781812,5.83137673179402,6.060555091114848,5.892572675065725,6.028389783462903,5.693633311752462,5.834028367051281,5.963659325919338,5.9554364304198435,5.799470769554369,5.955716872530708,6.058447199504441,6.0273074415913,5.947448806367012,5.987395567574242,5.883055841345093,6.029614701738031
CG5726,3.3965421419426676,3.4089235541957,3.401386998219453,2.9920221750891476,3.1575195576553137,3.312021075534923,3.4782405371840093,3.1265279846235217,3.385833852269419,3.079553911991068,3.4699070301413224,3.2662389864611914,3.276799185096436,3.3828175556516467,3.4506197657279314,3.9063155112605736,3.666914022845705,3.8788733720905615,3.351031643319486,3.079856544835489,3.5996011270260655,3.6087233910719765,3.2901726138486245,3.6286579276440847,3.5094542577185033,3.6176934804099776,3.820414542931706,3.672324950008776,3.8035648930482915,3.4544541686153636
Not11,5.8618355357463825,5.966079193461438,5.891176620778208,5.919063298558113,5.87687492234427,5.857647462146063,5.939056209291577,5.934414888275888,5.92515759781439,5.9588285683166635,5.897777683309975,5.909557969349813,5.913605456558545,5.917458452153601,5.9171382970181075,6.013143501034229,5.856863837469633,5.926110277073036,6.0090570468646325,5.962117908489966,5.980931646399412,5.891366108873593,5.865124282175417,5.942678882300162,5.8653617105221505,6.043080211927448,5.8804909104775875,6.009034523928353,6.101721488088765,6.063725175114192
Nap1,7.1506307553780495,7.186779983173326,7.174920314074324,7.166589694836134,7.150851001492135,7.19632869742367,7.176024842069443,7.143806841715946,7.184703475809826,7.193419633982307,7.144490862665015,7.176355119936403,7.147942255669057,7.165002164950157,7.156371446756378,7.2016008328721455,7.170953219795922,7.198839988296286,7.158270119810763,7.250564474931033,7.251905039422942,7.20951368717184,7.1421006903606905,7.218300466446252,7.125751016174805,7.202145238874164,7.2075707648417575,7.242113590261569,7.222170103243918,7.278171471067811
CG18004,6.819888797299477,6.869737275259682,6.73252580954933,6.755740683019572,6.812749177551595,6.8150629189053635,6.826071337571252,6.778242526281257,6.847755396228335,6.820287223688965,6.813687373766126,6.847696227023032,6.759133849564732,6.783396420250736,6.756544226931871,6.888288616118553,6.75676322028078,6.910532634483642,6.880619583184231,6.88750913500027,6.925276294401705,6.851347586759741,6.853318531976197,6.888451772790494,6.791519449446047,6.9187940565787995,6.911940291264197,6.929835020152024,6.834211028434388,6.901867292510488
REPTOR-BP,7.973976301734888,7.9676568240828916,7.961747582345776,7.960367225761917,7.945122823268423,7.996834248487686,7.964792731071004,7.951979431045091,7.971013989272632,7.9568617047646315,7.991337649941025,7.995535384987343,7.97883980761327,7.972024145670824,7.998765156025817,8.019415379859073,7.946089098965496,8.017773793625924,8.053514405950889,7.935961034439351,7.977786151074545,8.018625979699149,8.015856914769115,8.04525381155772,7.993169491870039,7.99253794259266,8.040167523792167,8.01750667708232,7.984860039926673,8.059096507050246
Trf,6.10940753515035,6.100437067030729,6.10797555741112,6.11065624931998,6.052924171260453,6.121751608036084,6.178996387537038,6.138325201150366,5.9986388553490855,6.045748753336072,6.1655817835358775,6.035117225595503,6.176429866612541,6.084923196694693,6.128611809729935,6.183212019931057,6.100007747415588,6.251051344545489,6.264981153057386,6.141036076286005,6.269052255392774,6.072438645959097,6.137313625448611,6.172275691733407,6.0742837286354465,6.188470041177393,6.221431257357567,6.257897268355237,6.180987325175001,6.218740923013289
Skp2,5.550175582467649,5.5717774415169155,5.636983061165095,5.576867459863289,5.520499823237141,5.636038591477832,5.463570855145833,5.579090225770916,5.567884535260139,5.5419360851491,5.603602687132854,5.566548495967583,5.510272095716002,5.544961126618872,5.652734890437747,5.604482530480735,5.570134710715063,5.7071369583864255,5.627773239906215,5.555713189645546,5.740069400269694,5.564460479082527,5.604098927664304,5.667459033631146,5.600941772546286,5.559543381274294,5.6819775439428915,5.810809516263941,5.647084091572768,5.583325784856316
CG12299,4.5547793856763485,4.491941396973008,4.351245455970556,4.517595943317514,4.523682669558211,4.5746142274110095,4.505965526651403,4.405130206486975,4.481197611958677,4.4906788688491535,4.4845353241873545,4.488230084903066,4.442697368151189,4.528512938520904,4.527854529620543,4.340938594702753,4.6663977860936425,4.543134625690711,4.663121450360183,4.490992528614477,4.663971583536225,4.8351774031772745,4.712073415274724,4.454227891171953,4.534420700767826,4.756567067051597,4.520689520333533,4.6427518705214705,4.524291025208409,4.6064962076345735
CG17359,4.14850190879848,4.044436699340874,4.12571316552229,4.204006080533221,4.3138476874304965,4.14436830459808,4.397546129335643,4.195457499748114,4.119205408591074,4.283141482520381,4.314798232110926,4.263171457939539,4.036298486351678,4.125371428652342,4.268726173108172,3.791043629548648,4.167464957841344,4.1613735154870115,4.056730377842191,4.547527997768862,4.647865623508093,4.31144598831755,4.5065056247537125,4.414697109062474,4.438351569646452,4.481116852925358,4.406508177095558,4.396573974420657,4.359206345212262,4.550982733639329
D,7.001502941908713,7.026568893350455,6.990618206460559,6.999273454154355,7.0632687889396175,6.9967810259645065,7.106991298976611,6.9792403600423025,6.999847218636115,7.002636557409824,7.028340815285594,7.070746386157003,7.028034039631582,7.084400407366067,7.0410287716613995,6.979651584846112,7.161136167671798,7.128213144136343,7.053888573115408,7.078156603656536,7.146890126817439,7.075726510884474,7.1861030767969405,7.110031045899488,7.192124811587834,7.023892664953523,7.179001121777507,7.103144853006375,7.108313969535279,7.1466922026628055
CG11696,4.7524296571390785,4.819447227496846,4.727051122029548,4.595834309273428,4.737283994478387,4.796880596101158,4.7294691482532425,4.684469769694168,4.746413348251459,4.785228041353561,4.809353231712947,4.732825543775827,4.720575074078443,4.81040705325633,4.8410421010179485,4.62535928012694,5.033855918774533,4.818750609458802,4.663121450360183,4.775868288922088,4.891610010751307,4.950564786060436,4.933418124385652,4.924715371967456,4.886030928021728,4.925565310823082,4.827938492285639,4.91957444584705,4.846697103697874,4.965572314182757
CG6340,5.9896559369415225,6.009487733488028,6.017522883232539,5.909771618694992,6.042282614691107,6.025146313146556,5.9677495665528015,6.018798686334561,6.042982693469582,6.015264292677816,6.025408204993989,5.978572648728792,5.987520379663605,5.986986627550152,6.031983613880014,6.064755820639101,6.075269393083611,6.136464630199449,6.042312926073735,6.079614852810946,5.941640749549268,6.056539089860944,6.12230848573505,6.006232647248994,6.11281139073842,6.143496391542097,6.08818359592496,6.148662193232263,6.053435966351877,5.9669697600674985
CG10492,4.411428652696695,4.268256875344882,4.547523262570645,4.3909657417446795,4.427625349270865,4.280470941860835,4.25962861055027,4.39809998145451,4.51923663744108,4.4307548158926044,4.410294472679567,4.367912761350058,4.495786238204189,4.33227969391866,4.301064293771902,4.49322692744806,4.5771336627282055,4.665945169724431,4.466344570496661,4.529035719479713,4.410784542306044,4.31144598831755,4.664506039098167,4.473422311719933,4.552574672699217,4.341187578397029,4.639261406359607,4.6918826792914885,4.381394971045826,4.363146261214408
lbl,2.7363352919814834,2.169694608889056,2.9736727916134407,2.932734384470838,2.4590157173994296,2.376903737871863,2.439521616189386,2.767083728441794,2.4226182162338503,2.480790015771709,2.7719839395298367,2.35372942413085,2.8119361799723883,2.894374013288693,2.5896684463801947,2.612267992907789,2.7425212418099023,2.9201640563843068,3.2224946405442907,2.8073802267713863,2.2483712298257514,2.9864219453191345,3.0762978293490533,2.961716161093768,2.7949363785527113,3.3092561135675016,3.112857517351722,3.08714903459295,2.9201640563843068,3.195867680656076
CG4282,4.3973173251674735,4.216821171695313,4.535156341357189,4.278270892592116,4.343528561497434,4.421193945787905,4.361104153509646,4.39809998145451,4.393452689892398,4.4776692901851405,4.424209245677349,4.416437431422429,4.508629476195848,4.497310569627714,4.420874906824562,4.452030053739276,4.499501232415594,4.561629702218099,4.61317859623075,4.451444620488777,4.302194935153522,4.572478708258231,4.525345553507367,4.581440747452597,4.702641279252983,4.6677603712418545,4.520689520333533,4.4178180288039535,4.632368060226909,4.451009053062046
CG11723,5.344122214502265,5.453902555877098,5.438709299067941,5.437347587797845,5.430981347622381,5.314818102974068,5.433547555313856,5.424846973419712,5.3709618115050315,5.427179355251722,5.372854072068026,5.393942047150449,5.424692613455074,5.338222992936712,5.4578596924560605,5.611102693266289,5.413156037236766,5.701291380922224,5.602706308559377,5.568995523035083,5.224111103558448,5.453685524429021,5.571854778504778,5.655871423325551,5.600941772546286,5.308422672426945,5.612021022918453,5.602656577277615,5.683546784079773,5.680141320874542
Xrp1,5.465961086357261,5.414853010905522,5.468508600703905,5.449747198302292,5.438347378441132,5.509436420903162,5.428454852212034,5.557195226626543,5.407447775307228,5.432233252459158,5.419892740113248,5.428964464518621,5.459808042895441,5.463946542112983,5.55323723687925,5.438700797357644,5.597430707515929,5.6532542851113545,5.474221809680906,5.601449432473836,5.444348425556629,5.537895784672157,5.482803843019561,5.7069898562028625,5.562373080633672,5.445407454130745,5.612021022918453,5.479696830544605,5.507851177512472,5.548852642676502
ap,3.080977448382974,2.604783245621949,3.0028943030721043,3.5000388658976256,3.312433137597016,3.3530611006984974,3.212566395718777,3.1010447068075844,3.4780620690490216,3.203983972200686,3.3149619476052123,3.6070692821521697,3.3403447416913936,3.2375064623018095,3.1977282827435536,3.510857403815101,3.4029345914935973,3.241109273213677,3.517332608490986,3.619576057996091,3.3947031144641686,3.4590769524938825,3.5684992050853372,3.4338702918754693,3.5592507707424965,3.422970511559734,3.527952223249317,3.08714903459295,3.9145023826784966,3.395802882890197
sbb,7.5538700221844035,7.546112943790785,7.60035824188475,7.572535243888393,7.5695021172672705,7.584745347858525,7.5727476946021985,7.538075427549426,7.556613688712717,7.552681169879494,7.593329881924327,7.562098485561916,7.533353030951864,7.556472252111572,7.494842112597669,7.554818449331086,7.657453154527054,7.569357084893667,7.613983547689857,7.672837749626774,7.614594781171472,7.63972138533968,7.601700294662377,7.603777218817731,7.590463733343329,7.583336447051462,7.5996373171349525,7.542633189727866,7.667579007337768,7.567856746851139
Orc1,5.809567564595353,5.93658201949982,5.92273873073489,5.897246868403397,5.933614522916892,5.928965961768656,5.892004912169818,5.976041513022775,5.868694306464317,6.008204460243536,5.96806409586056,5.943926392284474,5.891443046600092,5.8863399947866535,5.907609935675251,5.944640533803802,5.9971557761889525,6.113437169320727,5.939031419753049,6.026773818917184,6.101758992820587,5.985995198602545,6.051851397354329,5.831762021654102,6.005174660846913,5.913791241749529,6.125005920220262,5.866640678008064,5.998353628158429,6.088565535239554
CG9215,4.012014115510589,4.18099950598127,4.1534352759347115,4.1144557319510255,4.159416816683321,4.171338715416336,4.191644340843378,3.907036576941888,3.8430627034550806,3.956908284259168,4.071674554210528,4.0336678966887956,4.1701801462980885,4.048967248626257,4.308988026583792,4.2422251759417335,4.274088408945684,4.381394971045826,4.14229858820174,4.147345591015892,4.389989517720163,4.288234824174006,4.295555925355881,4.18953576265676,4.106594359532154,4.251455132424946,4.129553996793741,3.9756788550996864,4.403101929957765,4.550982733639329
mip120,5.248738275598627,5.334738666651277,5.405392001323995,5.367595774341844,5.443228093750784,5.283228042826598,5.332051354423382,5.399253342948657,5.404885325542773,5.323150786707541,5.353946570346029,5.414104791629224,5.476913917909234,5.354494218704519,5.417006820968823,5.446510027954959,5.437147451045438,5.500711858911247,5.399325951243014,5.419866104680825,5.473212507543394,5.557885169876526,5.446324834222495,5.477736975255276,5.515411647626217,5.394341296106002,5.469482125621661,5.33107184010894,5.4789828926783475,5.562784828744335
crc,7.451722066391416,7.451328079904514,7.492276449182954,7.459598616587618,7.484067489590589,7.472341763507212,7.483987132335413,7.491827930374548,7.478129938611202,7.445192597053951,7.506285086222925,7.497749917985732,7.452373075784216,7.477909748203502,7.469730969103926,7.5084133295050135,7.467129309511651,7.486335180197195,7.526167512488249,7.496386392641577,7.510773583368821,7.558346788943,7.488810259577384,7.533216394745422,7.569549503492668,7.503056616557285,7.515075431997896,7.51926925159541,7.461435230941658,7.54524743635374
ovo,5.010108779824601,5.058188920548803,5.2103367589871725,5.223977634140101,4.992670344314361,5.013607322561899,5.070012798700887,5.245423871293063,5.191159570530055,5.061125241097772,5.1217188626209476,5.188328451554742,5.129945099427683,5.1590446143707025,5.053274605426931,5.406839361160514,5.354830826873204,5.034583999975,5.399325951243014,5.148837007978122,5.407055759895667,5.564460479082527,5.294129346746193,5.335814001971509,5.383435198100991,5.480349932484839,5.303193822874853,5.380434614443474,5.249540686403745,5.116927102263754
TfIIS,6.588317182966453,6.630771545848893,6.655687731098844,6.670048217458223,6.657026998648431,6.639746892241431,6.634713109006703,6.671556828245487,6.5890972565852355,6.617340332083744,6.61150017343506,6.6676074201652,6.640066664641787,6.657911632688402,6.650022681981898,6.724758693461516,6.6451774703495925,6.696779389442237,6.666532241673785,6.691174084493746,6.683473825389327,6.71174433613428,6.691734743252834,6.754094854548895,6.667144840224724,6.61003488497219,6.685749445811561,6.692342624249249,6.584551552114291,6.596844830356194
msl-2,4.742416178634517,4.6232352920335495,4.695753548288781,4.7410604086036265,4.611316237482801,4.562690854126752,4.654855231843907,4.635611665337699,4.5970029365638325,4.657001860312158,4.6295991416019024,4.707859799505974,4.564466202562659,4.687254794003876,4.669513823991674,4.901686020547663,4.779328568367081,4.7298953709832166,4.841154541859223,4.66820144455529,4.965181458812645,4.657153611622595,4.895477463545842,4.972005466472828,4.833098633509932,4.587210456086035,4.73078158325183,4.91957444584705,4.597624240265381,4.741028785451369
Nup50,5.800875371761927,5.873164303385433,5.860240803455112,5.8048852835542775,5.889418659776353,5.824240861275805,5.8476786614815435,5.850537290529807,5.772213904043554,5.858703590114924,5.8961934855429785,5.870810540577027,5.905746574855819,5.855852628893552,5.863571781984144,5.93514172225508,5.907494558773976,5.9673872910490875,5.902089561252478,5.888207951632738,6.0709387441501335,5.959859559667593,6.0396103599046755,6.077521710520656,6.11281139073842,5.982603968758209,5.889681937606206,5.956292145357965,5.8482385754257615,5.929327965427088
CG8765,3.5569350159150845,3.5383117774116775,3.5283140711162977,3.6297885907972653,3.6847095210026772,3.5691846450070144,3.5306821397866757,3.7171784513937633,3.512696506068191,3.7219440294350945,3.6349317184940735,3.622155977789614,3.6987045691294487,3.6955080709517985,3.5049772259969814,3.9063155112605736,3.7556611360412573,3.841927885986759,3.929902768867131,3.5721246988871496,3.807904704155978,3.778733535410111,3.824334941576036,3.898481624158831,3.9873556039566913,3.8530865307722078,3.8559990693758066,3.942424216799256,3.6787666152183673,3.4544541686153636
Zw10,5.418479756695407,5.37697750424029,5.436185471545726,5.340475000230205,5.500010886521532,5.424483315700163,5.425898741665139,5.391445755047535,5.435209686842624,5.486202956117527,5.462374231820538,5.472262851068609,5.462269727362635,5.456687109359948,5.50429966775952,5.611102693266289,5.542072684028378,5.634628302522124,5.670182985798319,5.568995523035083,5.422140121661661,5.583930911491089,5.6950263785789,5.477736975255276,5.436848001159367,5.553178265782586,5.426802933229786,5.465052467822537,5.434055065271375,5.583325784856316
insv,7.448702165442211,7.4571999328194405,7.446967819522956,7.456952888106109,7.473575471025477,7.458851343162348,7.464182672186701,7.46722121451443,7.466117789052292,7.483185627353377,7.462232725181604,7.45101964472855,7.43849912633507,7.493236906708704,7.489935658514966,7.470084965385,7.483598198966735,7.523981870675782,7.551796302521309,7.580145959106836,7.460387015126422,7.466829623748395,7.535874210999382,7.4476305405221375,7.502164694990109,7.50577867730502,7.472774361084777,7.534284918423827,7.493197481386908,7.551894788131193
E(z),5.696044818049025,5.687370481730723,5.67749708049644,5.641983190905667,5.758061185107242,5.59202844918986,5.639413974724499,5.642037917037021,5.671335494201433,5.6011333878205205,5.6890666220296495,5.668306693476483,5.625258355345659,5.634238335354825,5.671095116790198,5.752394637671731,5.610804294935273,5.741510512168342,5.7108670814340226,5.828954227356517,5.808484674297282,5.817834081604689,5.835357275042805,5.678913907849979,5.763537114878565,5.695762293032048,5.720633953499179,5.900612363930429,5.695411431660677,5.844300063630165
CG12253,5.20217962207371,5.337610777582565,5.298212494986394,5.321043094969252,5.3621252087622775,5.262592936487139,5.3733545561295815,5.30698292977447,5.261686492254227,5.291740725363811,5.256653278606488,5.32272535482679,5.1994574763437855,5.284878097510559,5.2531243019929175,5.331207533263641,5.283721821560854,5.3460475470269575,5.516606680057253,5.364767963027347,5.3683182970650805,5.416391326400467,5.538536204076237,5.456624308788849,5.335266334804847,5.258247806441345,5.226301899855254,5.372374849198718,5.2857208155230095,5.548852642676502
Traf4,7.4574015603547466,7.487056175720409,7.434028049626739,7.425329631998251,7.46006078133762,7.415524338472429,7.393037752430416,7.436938492722448,7.414510757927029,7.380154131934424,7.38908551829793,7.420286476709575,7.441221395999283,7.453480612829486,7.4136486538138,7.50940239620674,7.515743979666195,7.491241624411425,7.480643951018844,7.521042049227512,7.499585595979903,7.496694533182581,7.4624436128693015,7.4476305405221375,7.39906092136421,7.451792342610973,7.429585822931531,7.457850857423378,7.453334494921359,7.5024207915895795
tef,5.570165921846706,5.6008508034486715,5.636983061165095,5.65812091408889,5.633318917165839,5.589883629113797,5.61004449562799,5.606855339287574,5.545845161503197,5.58395581714854,5.51943281331336,5.676017057446988,5.6062794970380745,5.5969481942010875,5.636126792683491,5.763787251386358,5.717790359823637,5.832937617792363,5.7108670814340226,5.6328831094780485,5.745501534530426,5.891366108873593,5.671575941022785,5.58337595304963,5.6441354697443415,5.695762293032048,5.659198173045593,5.712139253146226,5.689496703999795,5.739841008109592
CG15435,4.368482854199108,4.268256875344882,4.281570669641921,4.369419938466191,4.290994218680719,4.3421523928448345,4.128113405233223,4.195457499748114,4.241359556393839,4.381530567408848,4.16543363937793,4.263171457939539,4.086196036626745,4.134524203714001,4.268726173108172,4.364166155582829,4.5194816242483045,4.4855039139842035,4.4859218932513185,4.490992528614477,4.489892532820028,4.378012051077424,4.467726292583524,4.110755034849597,4.375942940810719,4.383204501606689,4.322434021058555,4.039043778002909,4.561629702218099,4.385846231917809
l(1)sc,7.043192102966201,6.86227305101514,6.8013009793125185,6.899175872533274,6.965149781461337,6.897927802490082,6.733579108671583,6.882313251711626,6.8125937552814,6.812076141543066,6.797081366633383,6.885639595964127,6.851523413663084,6.74864468638854,6.84408436482566,7.174334629508745,7.069701311044357,7.192261622972546,6.7219148863279585,6.992944100791152,6.943425907615673,6.980211657033225,6.989217036630194,6.888451772790494,6.981294866254041,7.016530020275682,6.936327577613728,6.7490717334090915,7.002406176342637,7.030957088634895
cmb,4.584680114678608,4.51178644093946,4.450813291395468,4.560483206450376,4.627957696612316,4.654319648205163,4.439592799558495,4.590082926621856,4.573712458130681,4.388712697976344,4.559695368612566,4.612440820879915,4.456236143053957,4.503629416715109,4.589335265679631,4.7261931244136175,4.716365938035205,4.887204877791425,4.6792297506247476,4.700164194366512,4.725920326261116,4.875137623701554,4.614562509922174,4.663319423964526,4.702641279252983,4.742302888002516,4.5901557767125585,4.478969539416562,4.714287121574047,4.725169235171083
Mlf,6.456003106845495,6.412666959125572,6.383736241216877,6.429430306914701,6.418906254653071,6.355750140851241,6.360369463644019,6.4070279193907576,6.3568350890870065,6.440817454711502,6.372675776244555,6.394957710196794,6.398916882663934,6.348754389858619,6.386527031066794,6.455363598775233,6.382022480506568,6.433051445406302,6.473899348437352,6.505228171749945,6.520302381429971,6.470535734861846,6.4483812573806985,6.457695060307736,6.385657277975218,6.446447623942928,6.454632189525599,6.489302541356674,6.501184693604006,6.407887095937127
ac,5.4756762092429545,5.109922770824796,5.253724312578357,5.260373558771331,5.388183494431086,5.118685168908085,5.180576916137113,5.030368274692307,5.222436380334101,5.194320920416548,5.0355621498109775,5.275135288815692,5.481748043304696,5.25561547399527,4.933945499053022,5.563813912740366,5.371845167723179,5.6715396746862,5.113149287216698,5.58210374610946,5.689804802399682,5.551266339657414,5.783687640788243,5.8559061121315885,5.28465929257784,5.706775203539473,5.4412326704549185,5.522385529709889,5.758264130453717,5.219523478012858
sc,4.120782017285902,3.979672534863786,4.20667529441567,4.270286412738859,4.267606229442108,3.997390314680519,4.226214097088715,4.237749409237915,4.090968707935376,4.071336449432254,4.031562674808213,4.353604812460404,4.247654142631645,4.087898861061738,4.1465208215509595,4.215945382268232,4.3931327870542765,4.214620077191856,4.246069211304147,4.700164194366512,4.451120592941969,4.288234824174006,4.772169301671592,4.43465782274168,4.16127388209627,4.698247344436385,4.277588552038654,4.573247814462126,4.632368060226909,3.868337043637598
Xpac,4.184305534986926,4.033929774962617,4.067851094042639,4.066481975855597,4.028113890986891,4.068674735666683,4.164909450508736,4.026427733217109,4.10046980759093,4.1915901234452235,4.051819721386332,4.128269905232937,4.133721703860799,4.301918499865469,4.118271367587828,4.552004880382353,4.248479295856374,4.313295122002012,4.195529339019817,4.322450330668946,4.347055403251613,4.440422272656846,4.341456249344828,4.137710792162422,4.375942940810719,4.227704922775546,4.1813722587257125,4.306774791743575,4.075778057012656,4.072051261688935
CG8478,5.56575803083779,5.479113368867743,5.555168456127696,5.486049383883561,5.435898058603856,5.481115259196848,5.541769059260115,5.380939899172782,5.474262681292548,5.557623206928303,5.4450998514326745,5.500120787053961,5.528845917468201,5.466354689103667,5.50429966775952,5.630704215394519,5.590676240463039,5.741510512168342,5.576994834849634,5.755072472009837,5.587361256192419,5.621770108817741,5.565279282364061,5.538525407719136,5.625851851262342,5.51411254547668,5.517076144156027,5.621756464608829,5.563201825665803,5.562784828744335
sqz,4.082584821628539,3.712869855953918,4.057873341267274,4.229378785282473,3.9113035717636517,3.920631705260226,4.04001072383459,3.847667415307174,3.867232548364729,4.010549043885964,3.968206559429803,3.9616831599286955,3.9729367878467805,3.9221581976260675,4.089200624811508,4.452030053739276,4.222197080797243,4.045536851346677,4.086074225850316,4.389025975975966,4.127142845140018,4.240130881413995,4.115956458887712,4.330614120053382,4.0185244873538855,4.2033768894121994,4.3653543969388915,4.098631726921182,4.313295122002012,4.24120698727419
CG5815,4.663937359007358,4.5052150877398125,4.652438876628495,4.5238364608902195,4.541834534282986,4.598042766366426,4.603771486895282,4.459660593980557,4.5970029365638325,4.541087988019479,4.47144051450859,4.561084532290063,4.508629476195848,4.5527922745222895,4.61290683615948,4.953948448598895,4.732482131785878,4.7298953709832166,4.542454194666851,4.761179027468084,4.695425584053041,4.673261000673281,4.664506039098167,4.795670734153667,4.515931059009839,4.7278322942629,4.520689520333533,4.6427518705214705,4.615147034285518,4.624336362437795
Tes,4.235716439858569,3.9456464685129484,4.0777302739931285,3.9630238243302185,4.047960377146932,4.107237538769034,4.173900732092828,3.973918674766963,4.281605864549736,4.081117908792924,4.234584938319935,4.0336678966887956,4.095883583908642,4.018740453273123,4.079319493024375,4.267831990084526,4.195205423251267,4.105131513108659,4.270412484493786,4.471414066441908,4.278986738407603,4.1086553321347035,4.427382241051561,3.931707191754733,4.16127388209627,4.570291545593367,4.1813722587257125,4.329991822690333,4.265174201701884,4.408042330673895
ena,6.556843492128633,6.530702684142063,6.552789350031748,6.481706531719015,6.48374428687216,6.5133545800157275,6.591778667070719,6.495714147792336,6.511586617768199,6.525394592341511,6.516401987817208,6.496307063928208,6.510068861113972,6.5033660208803585,6.487061883964701,6.572971944999222,6.601750146857272,6.539942226421321,6.621740059349322,6.555670284322169,6.554653987752101,6.578386719869439,6.559296629602635,6.530756993912202,6.512482317739237,6.56463515010407,6.546484197261927,6.643614476838609,6.579692101692998,6.584470113714367
Phf5a,8.4169063084378,8.389545499944395,8.364531783804821,8.367982277304488,8.377883948347678,8.37684866451338,8.403204643076984,8.394709835391723,8.40990291444357,8.38417510790766,8.387411555722283,8.398682894271078,8.408509670358777,8.375277750325756,8.372946925076242,8.42714277171148,8.416361712457002,8.41713595553734,8.479990908221918,8.403275246329386,8.446570670913779,8.397537184192403,8.474578522489846,8.40524659332432,8.409227167156583,8.412084921642466,8.447476355213633,8.440705456489141,8.441652902451544,8.478418407659106
Xpc,5.556883528572284,5.539492488315957,5.475821714599542,5.615190922879493,5.49540021237313,5.625734315693034,5.5643067684296,5.566010836157972,5.5049072616057,5.579614920690451,5.524043937781375,5.572954875388225,5.569417045815078,5.547182080137493,5.6547916418285356,5.675000050631625,5.583875840154499,5.67756125060923,5.640074944998607,5.614141716553887,5.756278072294487,5.693406331286341,5.762248332162496,5.638234289356129,5.656141433638588,5.487194264303692,5.635887782622266,5.63429001729106,5.659386640709744,5.576525573150311
CG7101,4.5547793856763485,4.537648356264525,4.528915051064519,4.542327697272377,4.511395752824375,4.5746142274110095,4.54377254409948,4.542382033324471,4.474714681325407,4.617942033529036,4.646337385897006,4.589940763472761,4.6399842389366945,4.593912323976641,4.392240945908236,4.788176359209682,4.794468734846367,4.561629702218099,4.63010487586459,4.700164194366512,4.891610010751307,4.88811055693152,5.072240254271639,4.631367861163894,4.671185160250096,4.587210456086035,4.9043065426357435,4.932221033963856,4.74526374222604,4.725169235171083
Noa36,4.805780176621975,4.6521096246883396,4.77223413272796,4.746054335417354,4.627957696612316,4.67060313877837,4.643726670205911,4.746108779259272,4.674495984646814,4.678655338199765,4.673626524129164,4.808768815148905,4.790350149836662,4.6660627612737615,4.607065827882605,4.817784362060542,4.716365938035205,4.775309572405766,4.7411871513701955,4.746270770736668,4.988549694579752,4.779284956450065,4.993619018538555,5.060363056174093,5.051922593512028,4.9948716077041455,5.008925324977641,4.797924136231772,5.212002258391933,5.061391091140873
ADD1,5.8026198651751075,5.759501731193087,5.798863881836578,5.722066000121897,5.780898168207585,5.896315825624662,5.765496139072485,5.766185298848771,5.754284300784182,5.7455858393436685,5.764186239214711,5.8055115798421335,5.8097617610388035,5.749361321246573,5.726150872238571,5.813506351920453,5.867197137475774,5.95381671952365,5.8439846632715495,5.873720415218291,5.946083421098494,5.900774195237156,5.879681969585163,5.831762021654102,5.789981667261685,5.8254055598882,5.7987559323740365,5.831474208902286,5.785577787860096,5.8124763922914
pdm2,5.889379574387294,6.039785378155819,5.977155517821032,6.006107605445469,6.038262653219373,6.015372971628413,5.985456467078115,6.0047484506822855,5.943291782646401,5.985272114769366,5.991397801638869,6.016166621144074,6.0330004537868795,5.965317534080133,5.979926462822162,6.043573456055612,6.281955425935249,6.230542712034938,6.058535122712615,5.9884840036401155,6.23974280338305,6.076374347264256,6.114720629619677,6.0225196474162725,6.097577984438833,6.114780122904521,6.135793314777227,6.1029527930246985,5.998353628158429,5.953019601851903
B-H1,1.1966017214829692,2.2356110871019097,1.3611224152169434,2.134837407242063,1.802575043948832,2.2640429539459865,1.2018073640144529,1.6123961069846833,2.1307381243987287,1.6163080852627083,2.2051612447852045,1.7988200808937442,1.8268106667341888,1.9823524385267361,1.8377352096182848,2.470271147919734,2.7425212418099023,3.4283377341064085,2.802562264168953,2.431650081407017,3.1367094420559165,2.6867167408612134,2.903159917700574,2.3977854461905106,2.0576268653249645,2.7619181444142145,3.0365140996312916,3.2347595362898725,2.8207773110508603,1.857428233106769
icln,4.896040195946325,4.790130533368863,4.810751572937775,4.794668083005713,4.9173206189779215,4.852260684936291,4.994138294049064,4.808857490422083,4.775719221959703,4.775553747554662,4.799907367552321,4.817868687303493,4.741012506927612,4.786960116763854,4.803248957976356,4.888182199451553,4.985391383881911,4.975791934313838,4.894090156282563,5.1182467751436995,5.044687354381163,4.9260491430462245,4.7866454558388405,4.924715371967456,5.007265278394243,4.851095571873892,4.89197670062992,4.91957444584705,5.068268564602081,5.159236918200255
Phf7,4.757399044531154,4.685693077382533,4.737269692308419,4.730997108525301,4.775977878768542,4.7631000808880275,4.831887989701539,4.695010410408036,4.746413348251459,4.72572653031453,4.912014516179498,4.687428496096711,4.765985572901954,4.767798518797432,4.868478186821888,4.8322659853409915,4.997729491656469,4.873883777605503,5.003847810545951,4.93712180403482,4.988549694579752,4.807621624695433,4.680614549995836,4.795670734153667,4.96052008528931,4.8249867699694216,4.963773510868098,5.00491533400749,4.913326258470032,4.913984450539007
Alh,5.979484867228933,5.881523093089218,5.894378038282911,5.953902447287821,5.967328373382549,5.932020612940756,6.029798872999648,5.946486069086567,6.005698521138273,5.963284671679782,5.966587502076976,6.018895937002729,5.950491514662672,5.9341696332083815,5.886648316457316,6.141389453764254,6.087715066570898,6.1211720577048645,6.0090570468646325,6.00141086283689,6.059131774275675,6.028091675349397,5.944948760617455,5.993840918664295,6.050433882698472,6.023325068193778,6.022295119269027,6.034397951973642,6.08188507656384,6.046815371924918
Axud1,5.242654282070888,5.22543191019218,5.113988361210445,5.2692692633483365,5.244598496401086,5.250607406314519,5.300639907273976,5.323896960079469,5.29945404054688,5.268260993644152,5.297867767174363,5.231176652765014,5.26445034344647,5.304864073870054,5.125585551839788,5.348515854838015,5.413156037236766,5.441684614117806,5.444933095464707,5.216772753210652,5.458884604838651,5.475412182670355,5.276673900120461,5.3517378961373305,5.3018144498078525,5.356199846197264,5.335557780237012,5.529326446534901,5.267794367257638,5.429801582021076
knrl,4.747435451553404,4.902568317755788,4.595516023586062,4.760888201268216,4.866629128928123,4.777717392429959,5.051577030696803,5.011445771878473,4.876374735244273,4.924318932177114,4.741278069519138,4.813329102149639,4.837367613451498,4.81040705325633,4.691288865861697,5.149853153436583,5.10241445288429,5.122004504311638,5.248515354988132,5.097320730375031,4.891610010751307,4.779284956450065,4.920930500610595,5.121857792079191,5.184654038421003,5.1871742804556975,5.093537835591551,5.028018048452482,5.163006461850543,4.873468374698397
CG34031,2.3258536246963137,2.2974499785665428,2.1449341953059466,2.262044096345186,2.4096883057134932,2.6134076217452833,2.624210265914952,2.3749299246163194,2.865322725369657,2.6968183998434747,2.431674483881342,2.35372942413085,2.485523971877522,2.516199920648271,2.447947680330748,2.8471440581687224,3.274145575519166,2.8207773110508603,3.2224946405442907,3.2274190199928525,3.1367094420559165,2.896145842282177,2.4282480230039556,3.044407380976218,2.8941662639738066,2.951036829421339,2.6547664596067904,3.004277428189052,2.2795380139705186,2.4693254988053717
mim,5.0735078692778055,5.202716655575223,5.078488874961311,5.202118406114414,5.247563422214818,5.0872404046476385,5.170715538643936,5.233256181820395,5.264642872168092,5.238114171986514,5.158855880712271,5.103527715199986,5.246307945878864,5.139226107966894,5.228255425174607,5.286578879362327,5.207166579109327,5.3460475470269575,5.292738599499081,5.396623327485193,5.3197612039705495,5.329092951961725,5.28543970952692,5.234547173325599,5.249440006823844,5.168587571584523,5.448370201329936,5.396361844867549,5.387013385118028,5.330179487079949
ebi,4.7721607339385255,4.920137579655441,4.810751572937775,4.831926115211198,4.9173206189779215,4.847761032322691,4.8502607615045275,4.804168008071411,4.775719221959703,4.760864525681349,4.8507890517687295,4.66128797638464,4.8281393105294645,4.864533490320755,4.85027135379825,5.050930377515398,4.921308565667481,5.068268564602081,4.695082681681509,5.031779478242633,5.011384302125837,5.096753199551343,4.993619018538555,5.08128430546968,4.819415885989907,4.9608187594823026,5.113617809931334,5.050599057611211,5.0114802767963225,4.9780639181113076
CG12942,4.032690434676411,4.0753109063329935,4.087512809734327,4.177972804805645,4.251704712482768,4.048820947787343,4.089911516875391,4.142226808998496,4.0520350194902885,4.147033389656383,4.191928892787234,4.146161898791772,4.0565572446859335,4.116134105857282,4.218169428710184,4.009662553614917,4.499501232415594,4.4655312048348925,4.4859218932513185,4.410268043896319,4.278986738407603,4.334130593268291,4.341456249344828,4.285763626809948,4.354243467890327,4.126626373043586,4.254388382997993,4.2337029707176805,4.359206345212262,4.429756441523054
chinmo,5.879744543637901,5.5085506192174565,5.889572060402104,5.789212172661636,5.784365717448491,5.75933309396073,5.713120275900192,5.642037917037021,5.812271378386496,5.736330542589344,5.72545276266245,5.704412739462105,5.7653673244262205,5.536027655071441,5.83824130976979,5.752394637671731,6.036975107945691,6.105641985758848,5.939031419753049,5.9884840036401155,5.803384968258672,6.076374347264256,5.967263113406868,5.807020540889255,6.070348046326567,6.011281898723672,5.8758635234581815,5.905372605608603,5.95381671952365,6.100758091608914
Mad1,5.040444876712738,5.109922770824796,5.00346977687959,5.081467605407776,5.101167232899999,5.083684715803931,5.040350191363737,4.992158290544591,5.051597019314686,4.957279661607517,4.92466040279323,5.133702508382883,4.99038509489562,5.007483727005333,5.068161160036092,5.096108116726622,5.328753896225683,5.2309476037540446,5.133645768849213,5.2445322235353915,5.108140181481872,5.17713010961525,5.222401383073221,5.319632428611035,5.293273658169198,5.332596564469747,4.963773510868098,5.156435308905467,5.152912501572473,5.169540465514729
Lim1,3.107134723446693,2.970114231776858,3.5283140711162977,3.370811940006028,3.1811742877756837,3.6619298271011775,3.403745386299176,3.6145145678552826,3.640356046733944,3.2497218577443,3.4333629065645273,3.0525876509091683,3.319608343206882,3.6068987221632516,3.0968969293105952,3.8309623349174977,3.666914022845705,3.5361427021106486,3.895512830980845,4.174317276164723,3.9480418758433418,3.6540114479959707,3.5186889232049907,3.8285232130150866,3.5094542577185033,4.071978224309517,3.8559990693758066,3.715671001191692,3.841927885986759,3.790033912426555
NK7.1,2.8757761515129467,2.604783245621949,2.7777602206329615,2.6525941165265774,2.5938889673927776,2.6942932418468595,2.8154883753918076,2.652645167318313,3.1220295658812756,2.6968183998434747,2.5731900269765,2.8796690542867758,2.329168407109673,2.3678331879005032,2.984746651143779,3.8309623349174977,3.202944849741421,3.4283377341064085,3.7032130016266245,3.4698811088410317,4.25522709791145,3.069218812876497,2.693635608453486,3.753299996969245,3.6952936136723573,3.7024653079332777,3.31212310296306,3.715671001191692,3.9489055183703057,3.509855230861333
dmrt99B,2.4327217522891695,2.4107173724509208,2.4372949955390615,2.4268570345633558,2.4096883057134932,2.136804776823034,2.0010526485697486,2.611391221537434,2.9584080422645918,2.572872303183025,1.9936196165762448,2.5018936938290572,2.2094521010888046,2.3678331879005032,2.447947680330748,3.56335121467708,2.1117926066589976,3.369738610910045,2.992143617599724,3.789633184101648,3.5023908656521137,3.2167105952842334,2.263410958957844,3.044407380976218,2.7949363785527113,3.52506415615483,3.250010884530941,3.5795532761929807,3.4836922540604744,3.4544541686153636
roq,4.685474545235499,4.775143456672457,4.747384898749064,4.67376243113701,4.794777473188875,4.707597471071929,4.74980335915851,4.641159728513158,4.726387824859113,4.46448822901854,4.71062189307603,4.722913914485454,4.799932158063132,4.655295917008118,4.696659338299185,4.966598160317102,4.985391383881911,4.975791934313838,4.854653459431314,4.8730615165500595,4.929072176989764,4.962600848865299,4.814983860153018,4.849302836929069,4.8465966877196305,4.698247344436385,4.8011290562067925,4.8673253500323845,4.913326258470032,4.965572314182757
CG5516,6.204748906790627,6.193595704340341,6.202731274571101,6.141977568458633,6.2306534205090145,6.135532147066568,6.221469643776869,6.199550914707016,6.185495674986527,6.1808594407725135,6.1776194698649265,6.141846525643993,6.233740337334072,6.274398125179654,6.210846157193658,6.491573783744144,6.403296598124429,6.413111740414617,6.364571708963395,6.270099692022063,6.366813072931914,6.355590630706153,6.269643386137393,6.335524497621341,6.282718767810062,6.285130344719455,6.224708819750231,6.38027857346413,6.435867793461555,6.437167065273612
Dll,2.4327217522891695,2.7290317909091186,1.4997754197122166,2.2004620822201315,2.4096883057134932,2.9038265658251388,2.3874796531853337,2.8697605874899392,2.519070258415373,2.8412910158837557,2.7719839395298367,2.4549032185950637,2.485523971877522,1.9007227347824696,2.5446235059653017,3.6132263199285273,3.5695169748844178,2.71041165205985,2.9018388652305123,3.5223090540521484,3.3947031144641686,2.9864219453191345,3.964520479721284,3.6719545974852474,3.6952936136723573,3.52506415615483,3.425849172650827,2.814563061810256,4.075778057012656,3.6597251551861385
CG15696,2.2678073174113664,1.219750123464576,1.9170899227751454,1.8183395311987631,1.179030398948565,3.5691846450070144,1.9191711883208982,1.6123961069846833,3.4955292230933557,2.4313607499419905,1.004174511890203,2.6704662140017783,2.8461554989490807,1.484880303931872,3.0700163398610547,3.9063155112605736,4.6833327814666585,1.506045659624635,4.813597429917536,5.05410727501311,4.1803608166468536,4.536493669297635,3.70457634845423,5.2864619116143645,3.815025648214494,4.811672212134237,4.1813722587257125,4.906765870770285,4.561629702218099,4.550982733639329
Droj2,7.033058930652622,7.050645302484806,7.025254179393557,7.0240842152813725,7.048710914636202,7.044024047245771,7.041013392406561,7.106427825836677,7.023005314706228,7.051233628093661,7.075749337023118,7.082105923485802,7.0438327514306796,7.038533278759269,7.034845428174538,7.147724436460763,7.128184291792812,7.125394533756645,7.164944988934753,7.132102662366803,7.1653947284489865,7.10704202259146,7.147538587093682,7.136892717428705,7.136671346137606,7.100135442195352,7.140465908528348,7.118790756683029,7.055248776323323,7.199222760485693
mira,7.941456279736972,7.946980156643737,7.937392193146192,7.886008911331496,7.911866023247265,7.926731832602308,7.942107307289221,7.948946824307345,7.915694765438098,7.960890934137676,7.975210597880821,7.9271732205302525,7.91342386720801,7.930537368758181,7.952777295018846,8.044042050574742,8.006579439913782,8.026982120886485,8.042510659610352,7.970613311010091,8.032630338654057,8.054579496428806,8.084030889052798,7.993161558972359,8.05030914098662,7.94870889200015,8.019177627934392,8.040788979545669,7.990817509479406,8.027835908504972
CG15141,6.476645851982656,6.4320534936554346,6.489613531054914,6.4613020715058695,6.502487751399263,6.459038136922291,6.5016967655088695,6.4676111510842995,6.439483435913968,6.485759344070023,6.516401987817208,6.5213546082178455,6.486512210017788,6.524459270502278,6.488848071099624,6.698415630617979,6.571714156081733,6.643382358879853,6.719840545976744,6.682545496889765,6.5784878960640025,6.638369920686334,6.777751085553359,6.575884567111438,6.618201150764151,6.557643856268575,6.683683777793149,6.5923897228153585,6.638801183884331,6.625933925468488
CG15646,6.398136706469715,6.333250167628399,6.302118557694747,6.322088085040701,6.299145724540503,6.333543598729921,6.2677418264697655,6.32728037879323,6.337839300263967,6.356454870935037,6.333523364118484,6.3921468373094665,6.408507202259669,6.285061966834851,6.352342673162908,6.435308736723073,6.574251901736152,6.586972450570613,6.424920779324854,6.53076724516309,6.4424602833854925,6.5469895939609435,6.529560580996024,6.498663403474953,6.552230623458922,6.446447623942928,6.500371280486691,6.636781885335829,6.589387502428771,6.630700892096961
gukh,5.585442308214617,5.6524001721461685,5.724042019312659,5.644014705921023,5.65915106864894,5.579089977433274,5.622737179743562,5.619414543804324,5.620947181233017,5.60325998467853,5.667379547954422,5.620752723068804,5.693871520849126,5.5863381781952155,5.608536131215665,5.8505369941430025,5.983522345301867,5.868282340633945,5.916103168958857,5.897751002874717,5.813558505233833,5.80245583880694,5.879681969585163,5.8169907096061495,5.779487613944114,5.854169778754856,5.726036303879803,5.841648594380866,5.9896035170576605,5.762757449131535
nerfin-1,6.7982282085263455,6.824741045709547,6.8038787590795,6.850580733852792,6.817688139631107,6.857655646831864,6.862017015490196,6.719767696037772,6.83984421179071,6.737711278870943,6.796437134034778,6.743708784069574,6.876339692668859,6.711949735906872,6.829593218565385,6.99960057228514,7.119406540223039,7.103997850693855,6.9119493138199,7.180657317872971,6.954806475896252,6.9959951953346025,6.995550377298926,7.104571027415371,6.9089645957392705,7.012086272082395,6.920135646869119,7.006913021922219,7.05676147575573,7.0002130572498675
grn,4.072803114750581,4.085394055429723,4.0777302739931285,4.286192125189934,4.018040960422479,4.223190772132214,4.14668066194253,4.301902978941275,4.281605864549736,4.37429648045939,3.722279681312904,4.1008169771905125,4.196677351979701,4.497310569627714,4.089200624811508,4.953948448598895,4.732482131785878,4.714287121574047,4.841154541859223,4.832558217452572,4.825874830151685,4.536493669297635,4.933418124385652,4.960390943830992,4.873058201187808,4.784499163704459,5.0626410067697325,4.536596065909927,4.4855039139842035,4.940111008938516
disco,4.757399044531154,5.050574947086401,4.971812021897595,5.003720809973199,4.831348494842282,4.870059519091791,4.687516599432268,5.030368274692307,5.006771883772926,5.000896692286838,4.684337022908701,4.945275403628,4.970482047975287,4.968682665964595,5.234530865037537,5.373929270585429,5.371845167723179,5.940059451098483,5.576994834849634,5.507784466639728,5.706841941698689,5.687628795390179,5.416152156645029,5.525332610543135,5.549179047956806,5.7806457637644355,5.543289094363255,5.412039370532021,5.54964872665366,5.397684446049939
wor,7.411035927160077,7.379899297713898,7.35229091511917,7.335260550428524,7.381226177746362,7.358950577601048,7.386213551588417,7.353108552432268,7.385551054648032,7.322461506037854,7.40358757649411,7.358692036761099,7.376291462947604,7.325995974014995,7.3892895644851055,7.611737816823218,7.507803891129118,7.611895198077077,7.556304546592866,7.593303141513034,7.439698459691289,7.504258975558853,7.508847562127996,7.5161311857344035,7.522676592284785,7.498503317809964,7.477459943882429,7.538931448393983,7.544609471666707,7.634514778929872
lola,8.493529500346854,8.497874810561248,8.516464879419813,8.498617509894512,8.510269989066225,8.487555632203899,8.49635914244274,8.479679826189397,8.49338363937592,8.484324586857484,8.50972498145117,8.471413167743044,8.491868275275147,8.467557427925827,8.4539206180883,8.5896881027185,8.650884052040908,8.662176633796959,8.616038209294832,8.70256043207655,8.603129708514036,8.648544427061541,8.65776401434998,8.595452191152052,8.623387187110856,8.57986489352983,8.596062304070397,8.608652162837924,8.59858002730313,8.634892161074518
Fer1,3.7234000602702313,3.63727802382686,3.594209936202083,3.859772810757158,3.670479836773431,3.5691846450070144,3.612400775697539,3.659809743009698,3.818294177242339,3.6036992031492714,3.5558196620560074,3.735295085145609,3.740830183339536,3.681274422981203,3.393136867406142,4.132689355591046,4.248479295856374,4.336514190521892,4.2211185260231465,4.471414066441908,4.154105808186236,4.378012051077424,4.487303926466471,4.137710792162422,4.417978406305635,4.04349184533553,3.890360727877444,3.9080255543725073,3.9821643372965565,4.569831723397574
fkh,4.757399044531154,4.293015475595184,4.601356349777925,4.412057097609663,4.473602362231773,4.92581059425597,4.486512132806205,4.446304226899865,4.357542644236165,4.509881296279628,4.559695368612566,4.456234486038539,4.46959406532831,4.2785269417046985,4.552902205359311,5.200856392941681,4.824078274427151,4.938782646303319,5.0922238933025685,5.1978288760313855,5.118334972404391,5.157633397949345,5.028073376647934,5.111867706238837,5.414305210652133,5.249634998464463,5.041499702780698,5.094286637910964,5.294564953253938,5.116927102263754
Pdp1,4.3973173251674735,4.4083716576373755,4.879201514512454,4.511316236999199,4.9090484800139,4.8875470868553235,4.597931017431421,4.317318309482542,5.006771883772926,5.155194218349941,4.981647888768026,4.6289897431656275,4.605836877385765,4.611030436661597,4.552902205359311,6.14526461293598,5.867197137475774,6.057550013635594,5.602706308559377,6.263533209558595,6.334274502307223,5.881868669111185,6.107074757445888,6.299441216324746,6.2601434175220465,6.740897739029875,6.606326478279803,6.1780141536845505,5.320637520741462,6.250539564028249
GATAe,1.6175039805212694,1.941020162758832,1.9989432160944605,1.490897406244049,1.9728101897746735,2.2640429539459865,1.0096325234573773,1.4909399608145997,1.9033788560130969,1.9933225027340535,2.0692159613818752,1.335368481583215,1.3601266746866265,1.3468683081399042,2.282772455489174,2.946686707110811,2.8531221303177667,2.9201640563843068,2.692332437402997,3.2274190199928525,3.5023908656521137,3.069218812876497,2.993471294680084,2.8715656536396756,3.2146992431254455,3.6176934804099776,3.4782032614123564,3.2347595362898725,2.5863367515863978,2.7356199962316228
Vsx1,1.1966017214829692,1.3820169323956453,0.0,1.0008302399427413,1.9728101897746735,1.9909839138030916,1.5016710622776037,1.0008649736692854,1.7168237346105826,0.7667254076196652,1.004174511890203,1.1759180686349087,1.3601266746866265,1.1867120896730186,1.3698112097966157,3.0372115088419216,3.126283281400829,2.5863367515863978,3.6145855416647894,3.3559806176476794,3.3947031144641686,3.2167105952842334,2.993471294680084,2.6624754461669116,3.0672208229560196,3.247150852832312,2.7647060089222104,3.08714903459295,1.8347070203924956,3.395802882890197
SoxN,5.76713832109301,5.88650503388126,5.856928027265317,5.965741394749631,5.883166459099963,5.856003373249111,5.763672052012925,5.832210882873184,5.824150990329371,5.838760597350339,5.84912478669404,5.760659839320747,5.897825441580797,5.915925314416017,5.954368994266337,6.353951874529779,6.302120737736017,5.985199581339819,6.245151111305017,6.133561590080817,6.185416701761668,6.242470364754093,6.137313625448611,6.265180632496156,6.226982327664901,6.191847203443986,6.201537036290515,6.026014751419964,6.251051344545489,6.277980380180198
Hmx,2.8084842243990904,2.4628771535465153,1.9989432160944605,2.8024421610167622,2.749379706420279,2.376903737871863,2.3325799199855894,3.175625377286233,2.257879001363459,2.6968183998434747,2.5731900269765,2.5897278429119677,2.739770704704605,2.127987248893618,2.5446235059653017,3.7494649266055537,3.8371701940633827,3.4283377341064085,3.895512830980845,3.5721246988871496,3.5996011270260655,4.288234824174006,3.5684992050853372,3.6719545974852474,4.048751164990331,3.7423003095188414,3.575343076111664,3.672324950008776,3.5361427021106486,3.790033912426555
ase,6.744652203349925,6.775583796327134,6.757105059511722,6.717634189589268,6.772978158167335,6.710804663446394,6.741164203192996,6.726665495097488,6.790374170628616,6.745198203031469,6.723604065332393,6.763320013715141,6.7571153134896536,6.720907546095252,6.719688533032497,6.979651584846112,6.911049422172401,7.004000895012438,6.950604317875299,6.889272560783383,6.916916302105373,6.95279432797366,6.966729030851793,6.888451772790494,6.942491828275258,6.91225388437031,6.793252695901277,6.940011951603468,6.936437687803304,6.930463401346166
croc,3.026516238275083,3.3686573909968804,2.663235312007757,3.288703852212818,3.291718519702937,2.994141282471291,2.882809447343587,2.9628696787155073,2.865322725369657,2.90638628248946,2.431674483881342,2.7805284154136087,3.0016215686618355,3.1438867450429777,2.6327714982299084,4.364166155582829,4.323419343277929,4.873883777605503,4.827470907187311,4.601037518350368,4.904253977293701,4.479965109806884,4.579824931696319,4.083052487935271,4.048751164990331,4.784499163704459,3.820414542931706,4.258658247917615,4.615147034285518,4.316139397136883
scro,2.4821573407242767,2.5124506354577187,2.4372949955390615,1.8183395311987631,2.5509211521772217,2.732407969634309,2.3874796531853337,2.3749299246163194,2.7980744944761895,2.807082161558399,1.6165837417268578,2.241155260085833,2.4360728525351405,2.1935533626973696,2.0090374760694982,4.2422251759417335,3.982612735040997,3.6787666152183673,5.026684770077995,4.66820144455529,4.740825917955181,4.215182382310901,3.824334941576036,4.887719817366472,4.622064097479528,4.462286341230418,3.7053675998532687,4.738712271173439,4.615147034285518,4.492205440591669
fd102C,1.9946114415417087,2.023193759418365,1.827934527684648,0.7640838124778362,2.0481651011917954,2.322064696166502,0.7715245812738327,2.32010228077466,1.9033788560130969,1.9115445487722844,1.004174511890203,0.9861293799060094,1.8268106667341888,1.811832564128419,2.0090374760694982,3.510857403815101,3.517013500155513,4.105131513108659,3.8598979754087472,4.119626221169654,4.127142845140018,4.1633366885666385,3.785987165338101,4.054560590991868,3.776686032749929,4.251455132424946,3.890360727877444,3.942424216799256,3.8788733720905615,3.868337043637598
TfAP-2,2.842696106625154,2.3556865067843775,2.3852644084309924,1.1921186574200306,2.5938889673927776,1.9092374292830634,1.9191711883208982,2.3749299246163194,2.5640180764957248,1.9933225027340535,1.9936196165762448,1.9689389605253182,2.2094521010888046,1.811832564128419,2.5896684463801947,3.8693485178796916,4.69998575222896,4.28952408679992,4.026499370159562,4.275469259384687,3.8804260873001293,4.1086553321347035,3.4662669182544663,3.898481624158831,4.458317941052072,4.04349184533553,4.277588552038654,4.039043778002909,4.214620077191856,3.868337043637598
dac,2.529263744422114,2.804040119168034,2.8131950182674443,2.7303223212001706,3.204282377373513,2.65466801939769,2.5811365425003463,2.9628696787155073,3.2842273265848245,2.657185787758553,2.7719839395298367,2.5018936938290572,2.8461554989490807,1.9007227347824696,2.788705681711078,4.188956278596034,4.299058037907685,3.9821643372965565,3.929902768867131,4.147345591015892,4.324876705811385,4.189595494809163,4.467726292583524,4.214474665916309,4.438351569646452,3.8530865307722078,4.300262654997318,4.2337029707176805,3.9145023826784966,4.531771622924879
Rx,1.6175039805212694,2.099124600782159,1.6215238750726677,1.612352138087311,1.8913107517331795,1.0022417294419754,1.3629371326810817,1.6123961069846833,1.9850450972374944,0.7667254076196652,1.6165837417268578,1.4728563228662808,1.4987352101281548,1.3468683081399042,1.5088502932354868,3.791043629548648,4.167464957841344,3.4283377341064085,3.6598808038009696,3.619576057996091,3.5521767608954997,3.6540114479959707,3.5684992050853372,4.110755034849597,3.955183880052213,3.475319657443553,3.7835168872148044,3.6270145504565896,3.7636712659793963,3.7484561999404296
gt,3.901688208662153,3.484895687280223,3.361952666007879,4.169142229360221,3.8168680285013323,3.9319645871448543,3.612400775697539,3.7974960929136863,3.5943721788520144,3.7762056250852605,3.451801893185751,3.348277679176944,3.939683925284591,3.827700817478493,3.7671903352672045,5.348515854838015,5.405029263223536,5.596302090499592,4.968583697622018,5.464791179432828,5.422140121661661,5.468222285698347,5.659641224247602,5.531950765210525,5.267204691449156,5.559543381274294,5.2439072030403455,5.305445567711073,5.240287357296761,4.531771622924879
Capr,6.805926809513676,6.811034835763624,6.816033278420745,6.80396654927426,6.823215469404189,6.789514499617598,6.787474378698467,6.778895164068429,6.838009631389785,6.801235823638593,6.786072564394882,6.795174206106688,6.836705822606658,6.83550274436989,6.773468497395107,6.979651584846112,6.963920445436982,6.968315838807168,6.970194186061349,6.994531205794488,7.00984401110993,6.9560591857769625,7.03879499461826,7.040999286850175,6.97013200492013,6.947706769799009,6.998594318118864,7.017900871084403,7.029176478276895,6.995271154069793
cnc,4.390186278434508,4.293015475595184,4.1714987309942,4.2622376674972084,4.400371401749259,4.3421523928448345,4.0702489892511124,4.340004700005508,4.434908897498832,4.583203262053293,4.2593316423421,4.003449499162517,4.415057195563651,4.484551815545263,4.370214239026463,5.499530967304326,5.310983664376613,5.30333155742916,5.516606680057253,5.542252058358461,5.328019560328992,5.157633397949345,5.597732736578312,5.626300978682633,5.203596532063747,5.348393823985029,5.261207914228608,5.583184769077113,5.500711858911247,5.47612230663638
Optix,3.4344739914163633,3.1891103660064704,3.361952666007879,3.4466868490838616,3.6560447421904274,3.861956800712083,3.235705078801269,3.500092128405842,3.5943721788520144,2.967501893028379,2.0692159613818752,3.222549441802791,3.276799185096436,3.827700817478493,3.352893068917816,5.611102693266289,5.770112444834112,5.61564879759013,5.46697965930391,5.472086319595392,5.793106865716108,5.837977306359131,5.729202097931756,5.728896528591307,5.555797824449689,5.423840465607117,5.530268506645553,5.826347931704185,5.609241393738989,5.768405432642169
CG7900,1.6175039805212694,1.7531369501366212,2.27230181960119,1.9890579172744993,2.0481651011917954,2.136804776823034,2.3325799199855894,2.1348858331140845,2.4226182162338503,1.7246972090371764,1.6165837417268578,1.593705810548334,1.7289437319383505,1.7142631625597087,2.155242223035032,3.660731625229942,4.048101006589516,3.633448453432547,3.6598808038009696,3.7082152017937773,3.449995871639851,3.6087233910719765,3.5684992050853372,3.6286579276440847,3.7368176854693673,3.475319657443553,3.425849172650827,3.9080255543725073,3.5361427021106486,3.267047728123556
cas,6.277796007303353,6.206910252039747,6.168089521585291,6.149350931389375,6.216148718710498,6.263802417299005,6.297084754237301,6.270347622181386,6.299778719962308,6.244373943487234,6.3687299646147535,6.230585289360835,6.298653470967268,6.210199559285354,6.221394731167977,6.754640061569374,6.859046318179307,6.839860016447266,6.675254853712711,6.798984853889969,6.735128580342981,6.76443238959432,6.804854047585444,6.73248725994837,6.787677619406961,6.566954761588984,6.747756279772106,6.759232899037478,6.874914430294519,6.832428155720722
Gsc,2.529263744422114,2.2974499785665428,2.3852644084309924,2.134837407242063,1.9728101897746735,2.0665499592305845,1.623481885552073,1.9073841713529627,1.7168237346105826,1.6163080852627083,2.266778130486784,2.5018936938290572,1.9977855002485478,2.4197733714805767,2.155242223035032,4.188956278596034,4.4583013832999185,4.214620077191856,4.426001179647408,4.601037518350368,4.302194935153522,4.240130881413995,4.295555925355881,3.5834014845525632,4.106594359532154,4.383204501606689,4.426466900726492,4.458998337907861,4.4655312048348925,4.316139397136883
tll,2.9077968565376464,3.3267015908497064,2.5338774019701056,2.8024421610167622,3.2268685216256294,3.177710613751503,2.8497153202610352,3.3306533330613637,2.7259757942208274,3.131198212827478,3.05302360690143,2.7805284154136087,3.2320751220039794,3.2375064623018095,3.1230738270574445,5.322439718807971,5.542072684028378,5.152912501572473,5.309894454004156,5.271541873437325,5.259960397280416,5.286744118188421,5.174809756334237,5.08128430546968,5.42939005959304,5.3868285005709025,5.483313120043704,5.2429663869371215,5.079249241175572,5.209724743565593
bi,4.950622292865476,4.4784891424829665,4.45755987186769,4.354793768882944,4.7807110146359735,4.904734088239454,4.7294691482532425,4.8181709925946015,4.746413348251459,4.775553747554662,4.673626524129164,4.785650121013823,4.699711222512028,4.767798518797432,4.696659338299185,5.7408707351508275,6.136004329656254,5.935431312737655,6.264981153057386,6.3180202179025144,5.980931646399412,5.837977306359131,5.830308807387298,6.062113089470662,5.975268876732851,6.039160281123769,6.132210430816912,6.095127223713872,5.868282340633945,5.980727985787768
toy,3.803729624402515,3.44763091792375,3.2559747721682264,3.1513253993719617,3.6560447421904274,3.7602687447196543,3.8488899903702,3.517261835297699,4.042060050206091,3.4514688248395218,3.8649446525830977,3.9291722431773146,3.6987045691294487,3.6955080709517985,3.963649096076562,5.681170843687394,5.681323400512816,5.758264130453717,5.67609732327327,5.849098109920936,5.487338017896678,5.928478761332653,5.706548549101093,5.8169907096061495,5.6072277063576035,5.795789394686173,5.715202259130659,5.694704427999837,5.622015407859438,5.667761463416805
hbn,2.3258536246963137,2.6479376421931375,2.6219477328113965,2.568311172688445,2.5060238895255513,2.4783089328217156,2.4889886645661243,2.611391221537434,2.1307381243987287,2.480790015771709,2.3248177308603704,2.5018936938290572,2.661989484642389,2.1935533626973696,2.155242223035032,3.7060821530506445,3.982612735040997,4.313295122002012,4.026499370159562,4.431068256029039,4.070932740089915,4.399251193338965,4.143674168389991,4.238806723655812,4.2380656630335904,4.341187578397029,4.3653543969388915,3.8724013415299354,3.9821643372965565,4.214927589244045
oc,4.9587612706256285,5.1277691567665675,5.174874770768787,5.102614241888425,5.205232491210134,5.18521237616448,5.005893012530558,5.113076788149205,5.1555860955077675,5.046404754170023,5.050447006681926,5.11031235100225,5.156998807777224,5.1155968944053285,5.231398067741178,5.910992286736745,5.825207399404837,5.985199581339819,5.7108670814340226,5.957655172663996,5.959294225328293,5.886628664120268,5.773025440869319,5.755621785987766,5.8157448842229975,5.953079271858359,5.866544011582735,5.723595853647211,5.822605345486006,5.924521530450496
erm,1.725923534324011,1.3820169323956453,2.210644452222468,1.9890579172744993,1.802575043948832,1.9092374292830634,1.9191711883208982,2.32010228077466,1.9850450972374944,2.0689154360317445,1.8227669205711245,1.7988200808937442,2.329168407109673,2.4691484559836834,2.155242223035032,4.532793558238879,4.079304071978269,4.1613735154870115,4.114581502355075,4.651828616048825,4.041596657491099,4.479965109806884,4.115956458887712,4.18953576265676,4.354243467890327,4.620213010142672,4.73078158325183,4.352682031236231,4.579788913345958,4.385846231917809
ham,3.5569350159150845,3.4089235541957,3.4936628506159386,3.409468847219457,3.2489557791537966,3.312021075534923,3.612400775697539,3.2671312411966023,3.4955292230933557,3.1057094170919552,3.2274447128445862,3.405671454810618,3.438028818859538,3.4391628227364066,2.9546273443043622,4.472840623393557,4.4583013832999185,3.633448453432547,4.195529339019817,4.367322871524981,4.070932740089915,4.050810085311674,4.385341870923563,4.43465782274168,4.0185244873538855,4.383204501606689,4.129553996793741,4.458998337907861,4.64929753614123,4.492205440591669
exd,6.325412338666425,6.375779924695029,6.354913619838757,6.343490314574083,6.306360191855123,6.34873776866251,6.247690350376116,6.3605414087911205,6.310209043022786,6.355454105314508,6.319086171397198,6.371288746540187,6.363609617918601,6.378175278121606,6.309503029220107,6.555162227336701,6.584338968983443,6.482570599422196,6.570034522782207,6.555670284322169,6.561863994843498,6.421690568341723,6.576242891773249,6.5380191886796135,6.602112025899305,6.629811104367409,6.485356173788639,6.580372478275066,6.5323099607196164,6.5412124043333035
Six4,4.0428704568305305,3.712869855953918,3.952205039124012,4.229378785282473,3.976702860662976,4.078455744902936,3.7306726404628474,4.105097349543793,3.9584620254864555,3.9118226319446068,3.8649446525830977,4.172413610762267,4.133721703860799,3.933361887229557,3.6969404927935563,4.7261931244136175,4.921308565667481,4.336514190521892,4.756094747438869,4.601037518350368,4.580715224477156,4.572478708258231,4.727439344156899,4.352306910550953,4.515931059009839,4.925565310823082,4.670708033012121,4.7834466066428245,4.4655312048348925,4.692675009081745
tap,6.318152646609035,6.294354776124774,6.233939606313287,6.304420582230349,6.382463050672648,6.364694390935979,6.334915532776811,6.260535536532381,6.291355416544114,6.2183023168417435,6.258054712140336,6.201493462115392,6.340381555273254,6.192903221837005,6.363530704253508,6.494305621037991,6.765174570114559,6.362964091755991,6.455136123390308,6.638249134323292,6.403950632409506,6.504385672006154,6.620842813865178,6.493633212699061,6.561925650736215,6.5387578599825265,6.588291930403648,6.625289454760191,6.529752872259934,6.407887095937127
Pym,5.529777463919893,5.5277047976718166,5.446242786996344,5.399198670329215,5.551559818014474,5.473907843369351,5.495110058066217,5.444860472473005,5.486160451582499,5.419550293291572,5.442607541729665,5.431419749967722,5.442404456929634,5.513338455687767,5.509064942126669,5.617679317570404,5.681323400512816,5.563201825665803,5.576994834849634,5.732920493976593,5.689804802399682,5.583930911491089,5.622957883838249,5.6142235424798095,5.668004962740176,5.602999638172439,5.503707413939389,5.67696022785074,5.602792670169336,5.562784828744335
Bap111,5.52748510714736,5.491484368675026,5.590435855280587,5.514171164095981,5.540577378099623,5.432054525567517,5.487919569102489,5.452263461985865,5.471866045594604,5.442265060698152,5.5171192530645925,5.531670223808783,5.5672057617129065,5.471153655085934,5.467817360270105,5.542842077352677,5.48346963440685,5.5359094144939185,5.664233460721065,5.5755711126075225,5.612426770589162,5.590337713294033,5.659641224247602,5.6142235424798095,5.473325532764947,5.59690602923101,5.612021022918453,5.5566181538540595,5.418619085128852,5.5696788017687595
nub,6.3519246893417,6.3624896900026195,6.364946573687824,6.29175876121992,6.36905002050737,6.311876285253872,6.325591162227008,6.347570327703741,6.282860557927624,6.381153947446543,6.460283058945399,6.3836664993905075,6.384356714898291,6.24281393576884,6.2976902253502445,6.402958134769794,6.5006411064588185,6.474485827103526,6.399501507820489,6.401756581310934,6.4424602833854925,6.413312612059977,6.426316285904014,6.44454044008177,6.240379008929725,6.4568479479120855,6.367763822111533,6.470589108483728,6.368996019120058,6.482301739953171
jumu,6.855789684852712,6.905647203726852,6.877079567448432,6.851187808609077,6.841422321486309,6.870266610670604,6.834241217022867,6.876412636805011,6.882893707031067,6.856121504524483,6.883409067721868,6.897596796707598,6.879920233888914,6.893722348095794,6.8742738711357445,6.920867484892749,6.876058329475479,6.984694343802863,6.940663567536321,6.932376873506721,6.889684755611023,6.960936572888663,6.856951066778542,6.916924635657173,6.890033954091076,6.878895603187134,6.864762133897124,6.956746677878588,6.818989165120537,6.912686887620894
cwo,2.2678073174113664,2.873812644098323,3.1622816613771194,2.9628175957079463,2.8519396763472247,3.153460977883902,2.9759878320506172,3.175625377286233,2.9584080422645918,3.079553911991068,2.997040592851872,2.998204003515041,2.5776441978258244,2.645371292382391,2.824165605473985,3.7060821530506445,3.043253113084805,3.369738610910045,2.568429229806447,3.3559806176476794,3.3947031144641686,3.5612866308155855,3.0762978293490533,3.1917313076275162,3.3431970619674867,3.8175042876167256,3.8559990693758066,3.5297267032106254,2.71041165205985,2.6113107748667472
REPTOR,4.986737083559267,4.838524839558783,4.883602469056207,4.976401359652184,4.9576849998607075,4.90898507682216,4.8502607615045275,5.034110184242498,4.939619784195917,4.920121390823827,4.873088065778051,4.8793495592411995,4.873452078391842,4.873276438531226,4.946539922775401,5.190861730711065,5.176876754315239,5.202393265972671,4.968583697622018,5.065086965195137,5.1678058581137964,5.233438266457942,4.933418124385652,4.983486639291188,4.911482167324611,5.283649896076911,5.093537835591551,5.094286637910964,4.714287121574047,5.267126667864447
CG30460,3.415687909048726,3.164218726637504,3.656030686348397,3.6744098782706205,3.4989255175798855,3.022520230003261,3.343989978988725,3.428304124697906,3.1220295658812756,3.335363033375792,3.5558196620560074,3.7218331820808213,3.492364314404025,3.509667599445471,3.393136867406142,3.8693485178796916,3.875561543766578,4.313295122002012,3.351031643319486,4.0617701205534145,4.011373891833083,3.6540114479959707,3.964520479721284,4.110755034849597,4.0185244873538855,4.535569976713662,4.074903154845603,4.438620145611721,2.71041165205985,3.7050745046702707
run,5.269745404939267,5.1348194776670315,5.0416826441541005,5.03405562103034,5.1381740051230755,5.1289508028981405,5.147320282153644,4.992158290544591,4.918979367071671,4.965352846544618,5.138770478200691,5.1725694139422895,5.069904354504108,5.188054835246037,5.03816308817373,5.239865089694293,5.371845167723179,5.395008951196838,5.0922238933025685,5.29784114711565,4.916740068045366,5.117461163580311,5.050400634778067,5.151242843372737,5.2129348995093885,5.159163041432182,5.030759045587575,5.146341733708779,5.395008951196838,5.199829042992717
CG5674,3.6207194738157806,3.6528604381783825,3.7692676250157553,3.614461126047392,3.670479836773431,3.631960437196763,3.744519518383122,3.5831362667123186,3.8056759945547434,3.6192673426469764,3.7632497377152982,3.5114319584297227,3.576836733992202,3.6955080709517985,3.5894815080457403,3.8309623349174977,3.982612735040997,4.1613735154870115,3.5671408760796965,3.8279841386708187,3.807904704155978,3.817074953871465,3.6612426261658984,3.898481624158831,3.921942632602759,3.780609086825763,3.425849172650827,3.5297267032106254,3.9821643372965565,3.7484561999404296
Elba2,2.574250604654496,3.1386916426535634,2.943571613764495,2.8024421610167622,2.6746534685388315,2.376903737871863,2.7800483024807576,3.0480431070847915,3.0965516273823255,2.937410904846444,2.8416149184346087,2.8146791134768203,2.7765042831059206,2.862378700563374,3.1485829382507093,3.2680414160429634,3.4029345914935973,3.010559922536396,3.6145855416647894,3.2937644081351283,2.788100978406328,3.069218812876497,2.4282480230039556,2.6624754461669116,3.2810106953099027,3.110014469272482,3.1837837410181895,2.913912456917283,3.307490706146153,2.9457079356162463
CG11788,4.925800189852176,4.754804759039054,4.810751572937775,4.923595850845472,4.853544322187416,4.883203781421527,4.859322094023208,4.919470525080728,4.794789961132942,4.750950450782691,4.916247605321414,4.925136561051658,4.634373374042329,4.75807824987627,4.748834977006678,5.277409066107233,4.960248870829295,4.887204877791425,4.992230733200104,4.899180106187114,4.784254266363403,4.938382089766096,4.882503802619006,4.631367861163894,5.105078044679023,4.863898717764869,4.8011290562067925,4.993160693520275,5.122004504311638,5.169540465514729
