gene_symbol,Hox_6,Hox_3,Hox_1,Hox_4,Hox_2,Hox_10,Hox_5,Hox_9,Hox_7,Hox_8,No_hox_4,No_hox_2,No_hox_6,No_hox_10,No_hox_9,No_hox_8,No_hox_5,No_hox_7,No_hox_1,No_hox_3
Met,4.949293909225349,4.860460613610944,4.875443511555903,4.841687460294938,4.949206258470406,4.860727867710721,4.750908894408633,4.619217449146922,4.660657972214252,4.8058665813379715,4.623781887609517,4.616142428775826,4.699777813126585,4.566687640529434,4.732986781141494,4.802493898418724,4.693163962352611,4.538539336870729,4.828550681775676,4.747453340828571
CG42342,7.227590669954438,7.2132632644669,7.23383690241196,7.203069662514788,7.172785714850059,7.116088621712738,7.136293414820821,7.046579299338709,7.1414959246845235,7.201449241569191,7.051116588904483,7.198532363780273,7.031847991099624,7.130347650997764,7.194057294276307,7.135478665760201,7.10156572149387,7.044894141193253,7.087162377221709,7.119097707432998
kni,4.802966740733652,5.02358920052904,4.918231570326265,4.970219231769868,4.864316834228961,4.993847266736419,5.026290132437248,5.043716589038579,4.930600781577623,5.001619047146228,4.657356198939057,4.84769455455815,4.7732357670515535,4.685314824338413,4.990927782134113,4.802493898418724,4.784728926520107,4.97007768282995,4.506199753640317,5.001919021642734
opa,4.569071918519614,4.51464042302257,4.424695979175136,4.634111291653734,4.685305147210115,4.648361395033014,4.563256751598349,4.679261872716619,4.403332558801315,4.461353399316922,4.231671086989257,4.40409497451999,4.552203231967084,4.368323688241393,4.1644438778513,4.508080007990224,4.284281189570873,4.38317150588515,4.406277451467557,4.4876878235509166
NHP2,8.411283776730253,8.397871594525835,8.41348646880971,8.408503383227918,8.395812085492437,8.416434405330616,8.420994774821512,8.43791885705819,8.45167715880422,8.392915202568451,8.307774043964319,8.413476470959553,8.417479659228514,8.350126218003396,8.353711706467479,8.413848816101495,8.360090416551369,8.371184254575164,8.338916513618313,8.389427452973399
CG6712,6.51696867977086,6.490074295335844,6.500511599323461,6.525206284743797,6.497421657829108,6.546419124916179,6.515817540708981,6.48525606026244,6.561902470911868,6.511184971605973,6.395786406346186,6.51267164443234,6.524073527921713,6.469353037592261,6.366077621764248,6.533662261719125,6.444524218428498,6.475245249579276,6.426007501324994,6.5060212630230705
Myc,6.267982173777662,6.10767470499842,6.215621910773785,6.269205191962398,6.202718646739326,6.159636755876511,6.180109257617258,6.149045893566997,6.241082634270608,6.1425070867885925,5.9542356824460345,6.152530060692957,6.28955005350084,6.048440312659502,5.804724397193495,6.186170008385078,6.092481562404514,6.1820102290530015,5.814700294200347,6.201173190305016
ems,5.496645650404783,5.524964653780206,5.654928902989336,5.540018158611766,5.5469051650205214,5.633512397585972,5.5360182731314636,5.551958986060729,5.673783582315025,5.619038644374087,5.231662582306705,5.72547348294329,5.42593704338539,5.451048590281617,5.185995190471681,5.195702154914255,5.349085290324542,5.466337669255996,5.360747119762057,5.5100510091731
sima,6.152308041371625,6.1788923714891775,6.13584104141258,6.144367615096171,6.129213020978111,6.154769029989132,6.08669162689239,6.145384015817473,6.154248309395848,6.182452339359103,6.065188140631241,6.066730688444983,5.943827048820941,6.048440312659502,5.810013505988641,6.049375858730897,6.018850663456976,6.195822877724736,6.091296782491581,6.071995245367682
CG30431,4.051471552037631,3.0451446109513354,3.3696598082470577,3.3400894650689983,2.8374864228920926,2.6542259505601993,3.423974694329253,3.2173780756616925,3.0107819075528766,2.871376137212196,3.08518140388663,2.0825355735624065,2.777676447333352,2.267662801292322,2.8237107221449533,2.6951199577136644,2.705450114914076,3.32951569668303,2.263133842373915,2.446674556378445
ewg,5.6041414842318895,5.641037110490245,5.571328586024963,5.718646306554227,5.6982564296476115,5.661869268907697,5.580897257129115,5.599509532098414,5.600866444551527,5.561112432763244,5.644613899250595,5.623017116175726,5.4550095442917295,5.5700053273697705,5.510957449988047,5.4479099146067105,5.544353475973542,5.452010186208378,5.496722807412874,5.649285086034392
CG32772,4.62043241310392,4.691995162580039,4.410878425116351,4.622794253237234,4.460494008869256,4.5917661921166335,4.610682126635208,4.555336079330968,4.6551088626453385,4.525584822630867,4.623781887609517,4.382387745722467,4.516226028157426,4.472416153685628,4.2176929564435595,4.198474081854829,4.3978511866022725,4.295384806109392,4.1966014373159375,4.44733432834833
vnd,5.221065104119073,5.103125559704528,5.1785842199642325,5.221331215744138,5.1934949803974,5.13526375866196,5.1105218588208245,5.209494530451928,5.097518659545875,5.194359588771026,4.991112888094192,4.874881440141748,4.9541474998483555,5.0983282056634245,5.145816321048671,4.995200171586476,5.234999621445904,4.819026467500387,5.164705953135034,5.0593607105177645
amos,2.051278395715656,2.866890311431793,2.835517794840928,2.9420522527722444,2.3208626231718448,3.0765170359629357,1.502537935095731,2.315363455009075,2.920384953293111,3.6905752557702085,1.007697364723909,0.0,1.4705135164461836,3.620562579942656,1.8373286075716813,1.0028030003963504,1.0098288591851814,1.7997942190313938,1.0015996592462562,1.507764984066739
zfh1,5.803385240288149,5.789737317828762,5.720876753344268,5.697500885372798,5.754372964553677,5.766082708780691,5.770246061398595,5.794502292585794,5.776788637646545,5.679695077014884,5.581130723169737,5.4945224136353215,5.637812427630707,5.777754885016778,5.846274094801104,5.599318780703617,5.584473042020373,5.567711246015271,5.453419909384303,5.661587730342407
pre-lola-G,3.756460228048996,3.7815759795689905,3.870617588259427,3.5765794826206103,3.8962674010778935,3.8119397672211166,3.759266457261181,3.725890473255906,3.7502397047410545,3.8971191776595377,3.2327789819609825,3.308459263609472,3.634057845227642,3.6658651450883792,3.8449799801211157,3.1543097494733945,2.9151354632590842,3.8380669278338675,3.518388806054379,3.8057244879356538
brk,4.309813100321723,4.598648390651544,4.252947419090762,4.287974508141962,4.2631231023928065,4.427609302516,4.474432193061117,4.3786986724662045,4.60373050194488,4.4344593154272545,3.870382480213233,3.9154876786505666,4.116211138678064,4.252123457510189,4.488587713775013,4.059668425218558,4.099903413276735,4.501901342662957,4.318464253149531,4.3613869069503455
tara,6.131657957841666,6.101291016169329,6.035528660519363,6.115370084526857,6.0606435958234925,6.031594875911041,6.138268208983768,6.050532638720024,6.154248309395848,6.1034711347545585,5.9542356824460345,5.879158081528758,6.036098240437101,5.971995156400419,6.116549177540269,5.9420132647527755,6.044001521707235,6.064050821467815,5.9844543720607595,6.009231185783879
CG31109,6.211816739029975,6.3149762321225715,6.280965139121221,6.201130608282559,6.3301696600745725,6.235586487460734,6.2499279579499225,6.2780356707354565,6.28673692611358,6.290332333852398,6.116365312224277,6.207075270506913,6.264359547126334,6.199913658593885,6.226724683671807,6.164631330821989,6.272451906318712,6.17152407801217,6.1699653062579625,6.088087721553352
HnRNP-K,7.836748052801624,7.845901234493978,7.866757498773666,7.829431686003736,7.847769965392274,7.823422665093687,7.843763301084759,7.835825630313554,7.854650455618107,7.798757884793191,7.7565639947001355,7.807785199700872,7.785587509599455,7.832065815384649,7.81772117101724,7.798928203031979,7.8379214837129965,7.811839378328623,7.813875222025696,7.768183070423784
CG14442,6.159495676779011,6.146369135006977,6.118335030223302,6.131863178310627,6.157566507032394,6.160849994032774,6.131964748202051,6.141708679420279,6.146764267365901,6.211685962710199,6.02815829268214,6.046159707190512,6.083055820225965,6.072676326604663,6.064758846777936,6.032953739982407,6.119712862230442,6.0834241954835635,6.184272699444458,6.059753628499447
HGTX,5.526309873736642,5.520395816086199,5.288536108488123,5.411582961540242,5.496405852571668,5.466174597536155,5.4597395847804115,5.451934415108866,5.429168629226304,5.4265520315613855,5.329020019744696,5.213002124424239,5.213059362147271,5.307464729052027,5.215104183795911,5.402302168857751,5.40551865107898,5.337463607203744,5.475305732709787,5.287918421912453
CG15107,6.778477693608475,6.777810879673084,6.744483379516237,6.750092937090234,6.757305170827622,6.7792880416342225,6.7983781115696065,6.768411541197439,6.8331845869792796,6.7528214824102175,6.705302702839804,6.655748359340098,6.685018375892054,6.75058780295182,6.609246190803592,6.695461099084472,6.697948475637854,6.678696797979018,6.858453437553572,6.656950246752485
Med,4.760360875636251,4.856021072140579,4.783949378782294,4.877609803877331,4.8190073444679,4.887075157520434,4.780655629254443,4.884495002981803,4.865135112793729,4.962203611870161,4.5712073156182615,4.650293264649566,4.699777813126585,4.732141626349471,4.6354566543017865,4.922510840397133,4.644032556856452,4.791474332296792,4.9331110669475855,4.7006200658102015
Jra,4.861470721824643,4.83352281965404,4.704204325806416,4.899423149193761,4.658456754456646,4.838228777315473,4.750908894408633,4.798954618962359,4.730126796372256,4.796420989660674,4.534556362543769,4.425340993399532,4.684415761772957,4.511197551478554,4.669034764485418,4.744150804878805,4.677053555881314,4.608018654315772,4.7117669097726225,4.651485202939243
px,6.4469478041846395,6.461003731839526,6.406727758789825,6.4466290688490995,6.404077291013178,6.4440538063098955,6.4708846779921725,6.5067853664514015,6.469292560146414,6.375056070114276,6.207979293515951,6.228086697103863,6.404011918856482,6.29376044753557,6.247374613727353,6.3793356934227035,6.3143836571687,6.382937409985309,6.365658321285309,6.293053043975556
Taf4,6.193525716965649,6.262961260894854,6.271269354583506,6.2380127651636155,6.234730815752977,6.247887582872947,6.226041952418373,6.205882550117415,6.175153891525038,6.2333456347215925,6.1759566279502085,6.114440288847493,6.225342482846857,6.171399113575049,6.116549177540269,6.123896936354163,6.142477935293085,6.242717838661708,6.184272699444458,6.146228145282873
eve,4.7158586553398845,4.4229224678132875,4.431533812729975,4.449228107395004,4.473674459773732,4.392699448410176,4.244160084399836,4.652415016600071,4.660657972214252,4.48754309401715,3.9404024512009093,3.804547836955683,4.088506044057945,3.828975767663279,4.191422808327448,4.198474081854829,2.8157787430184986,3.5928865591718866,3.7856848977799817,4.107303912630382
CG17612,4.937210166722849,4.8151525166310645,4.844363838044681,4.958084464654356,4.890548755418708,4.891399664726953,4.895874845159375,4.798954618962359,4.883015916203495,4.941897567210634,4.766712112443797,4.8613803853482,4.854806301677539,4.776873416046563,4.863477600238029,4.729017207616316,4.574527604944438,4.641028084870773,4.696161223277377,4.747453340828571
eg,5.076917237331815,4.767693768769444,5.055032163752338,5.032562533878146,4.868736885774817,5.076062636198816,5.014761195605074,5.14843192334047,5.031002218461325,4.958175255855669,4.067254991143877,4.790997589896903,4.478906003995335,4.669205600682601,4.6354566543017865,4.857619907930015,4.259933105766224,4.248421478839826,4.54353109664636,4.668133185068273
CG43759,5.891422829871174,5.886358584254669,5.862413221569685,5.8717838429553275,5.722961146019816,5.790962240530454,5.782876645509477,5.825286965356903,5.789396656843363,5.689456193356724,5.499215570111984,5.736865112074274,5.718040199227315,5.739515069057688,5.733292227274353,5.61829715467781,5.57789723005295,5.599340586842252,5.751045508869379,5.709338406514887
CG13287,2.855307170639787,3.017555784530424,2.6911009421600385,3.360404397754044,2.803285788617755,3.1772549226981557,3.165686223667723,2.6873647454632397,2.6296450296991116,3.102680296201303,1.499304321732332,2.0825355735624065,2.966976776357374,2.070078297731477,3.0135253997985982,1.820951794292428,2.5814220269740247,2.0452645538298886,2.263133842373915,3.0126600012759206
so,3.9034766896368347,3.981656958147688,3.8824877667479845,3.844932789663898,4.105926615978164,4.007423355758014,3.7034777417947824,4.000593173323421,3.9263309836319147,4.068219229022196,1.499304321732332,2.711350161799897,3.634057845227642,3.0808236420391903,3.2441063424415777,3.353916720339537,3.2360017904166556,3.2673616932544256,3.289874850435663,3.309618711347209
sstn,4.286783073225256,4.469832599971153,4.368241896780482,4.371848132699239,4.355680321986677,4.349132411193594,4.354754489313109,4.447809491762479,4.4245783792092235,4.447996766116008,3.527725393890768,4.015339720795271,4.244273728655312,4.148343245464679,4.2176929564435595,4.273360471684507,4.353958529065837,4.03481444857057,3.9642170647546906,4.047707016960386
Hr39,4.354340592468727,4.251177940021315,4.131844834259077,4.196416681245903,4.196287966832375,4.222722225414217,4.061366778290703,4.22425306223765,4.248835332250634,4.326627719757451,3.6250076328000613,3.9154876786505666,4.060011452135761,3.828975767663279,4.268249349682915,3.998260658073318,3.83672624414666,3.9080396023029196,3.8965791957779117,4.107303912630382
slou,3.552177025927708,3.949133363447932,3.809056450899057,4.01536092902564,3.8111013756126284,3.6905634749743106,3.759266457261181,3.805136983300933,3.6336757705087153,3.8119515824838386,1.8274255566885953,3.308459263609472,3.126082642622581,2.267662801292322,2.8237107221449533,2.6951199577136644,2.274767327244902,2.547850640734723,2.5694343180698587,3.0126600012759206
Fer3,4.368753129460368,4.1750304945232015,4.159058454195071,3.905027839323642,3.9747459932705964,3.897107340591825,4.061366778290703,4.155112692924657,3.649011247004772,4.152983353809887,1.8274255566885953,3.8798579409166716,3.8339497409201524,1.8235944376711701,3.172994140366985,3.1543097494733945,3.2360017904166556,3.2010870406380314,2.263133842373915,3.430474934043301
Socs36E,6.900553018735482,6.858467038284546,6.939343833578541,6.898538516061201,6.907564836229011,6.890462748541484,6.870409444668368,6.898596410839115,6.902567726582545,6.86501821807373,6.8644378753358,6.859467069537462,6.7769734450896815,6.774609251265369,6.77900874504943,6.796848683902577,6.8768297770356694,6.8057018230195006,6.836497875837825,6.845814783102003
Max,7.191249924258003,7.178107981955597,7.236314455285418,7.234889398914694,7.217146676054605,7.258863466011631,7.1943337103007075,7.233545314929851,7.230060718856105,7.214216781967802,7.164944347998776,7.1998445803943465,7.201609003066179,7.0979539916925365,7.111430320797207,7.139593449715097,7.1895861856955845,7.138656716528786,7.136324021998469,7.14578210837075
Doc3,4.464212584366889,4.043693082334359,4.516415820336394,4.303756846161626,4.178857127625791,4.399779596135105,4.22731299595763,4.5186913692783275,4.265404407959116,4.134758047115918,3.6250076328000613,3.634427243501698,4.030681043993408,3.15732767920797,3.2441063424415777,3.7875430175369464,4.156140609805201,3.5454713883195637,3.7042746761057663,3.3718714909410967
pho,6.7404844407944955,6.727741982855512,6.761203428982208,6.716301898143092,6.808673789755477,6.739302453993239,6.753209245146803,6.691411292016868,6.7352687467582575,6.769452603804247,6.652840249544549,6.710698856491775,6.687110003492186,6.687881502469366,6.677991035323728,6.691183744195078,6.695793641511002,6.633243699466029,6.620533940787868,6.670416386323167
srp,3.9588799523441764,3.62687977291928,4.065309281392202,3.939424421523079,3.872665278157844,3.8735048018193163,3.812106566660743,3.8666928048319438,4.133877602748191,4.068219229022196,3.361367212036369,3.1709691853627016,3.634057845227642,3.4708632470430194,3.0964351924599427,3.2253653648987894,3.4785398646975723,3.32951569668303,2.693347244646586,3.5881263017454748
Crtc,5.062721047466708,5.189630331677416,5.149097640878529,5.186321052034777,5.183886976447719,5.0357996344830145,5.060100273180287,4.994696912798148,4.976023808959206,5.100877452638249,4.891744762547867,4.9013487196763315,4.9541474998483555,4.805620287080869,4.990927782134113,4.983446310283507,4.8275479491916915,4.884758113637509,4.907977961291472,4.668133185068273
Doc1,5.101285722699675,4.92062943069743,5.149097640878529,5.043831250527394,4.9613402644760765,5.061608414745016,4.837619261890885,5.040029986056138,4.934816469605069,4.933658271249653,4.350646790900903,4.633363624577689,4.66881403104363,4.323450557539511,4.600711762895648,4.8840836879858385,4.460276513542578,4.688584962369328,4.680308133329892,4.507269904608273
sv,3.7825133832232583,3.4971410433526,3.8216755962766427,3.7809941114704237,3.6153350338833494,3.2687669926439065,3.629058226279053,4.000593173323421,3.803793175188078,3.5524048636062564,2.578321336790542,1.506828119701884,2.2384382600376957,1.0047999866175545,2.92311501754009,2.8053708892670564,2.439803544739158,2.7816232917415284,2.5694343180698587,2.0835891227182333
mael,4.539355666147554,4.51464042302257,4.389787377932277,4.3269729295057315,4.287077859488533,4.222722225414217,4.474432193061117,4.427573086490403,4.438495562943142,4.311329949839657,3.973655779846672,3.804547836955683,3.8339497409201524,3.2947404741420594,3.806614374447945,4.029435831836358,3.873667583339524,3.8380669278338675,3.518388806054379,3.309618711347209
corto,6.698208409931751,6.709782584231546,6.6710364216107845,6.684230201223469,6.746572158137112,6.697651184717683,6.668894702071344,6.705478667700641,6.724788005307929,6.704022616482479,6.503009816788972,6.553538541213058,6.663857898027596,6.674854196948228,6.488365211305507,6.413863608540384,6.539689915022759,6.520869640683456,6.597308436229887,6.615428372832067
Dr,5.347028172795307,5.429369271802789,5.41599489621919,5.361204700958847,5.357729417770474,5.361283679674263,5.385196652644116,5.432168617835679,5.464462594466287,5.421485401774912,4.851779376533507,5.183893470678568,5.076390469328735,5.0214327849681615,5.243389756089432,4.816562903507953,5.234999621445904,5.080572249860035,5.174502221116381,5.134609432099393
hth,8.617231726671008,8.68701029811508,8.664087675283833,8.652206391121595,8.66736482274266,8.644528596113105,8.646168955906564,8.631178879351644,8.668160579231746,8.616013459632791,8.4755817128197,8.580646272873098,8.58264652605028,8.604248825969261,8.599431562298872,8.500682211247277,8.579914450650406,8.580555678447505,8.576727636017322,8.583825397031514
hkb,6.4104730490137944,6.514094345676824,6.581497685470264,6.590130720469877,6.557040966853438,6.472865406554334,6.542174732132808,6.566319238540561,6.554434855187615,6.51629684493716,5.844641385427435,6.2688297595625935,5.991026513903182,6.322146574084603,6.230196087215395,5.861811646217969,6.21132749047959,6.209447333622509,6.151788308799661,6.103925326052665
trh,3.8804263545206577,4.03361731432236,3.870617588259427,4.271939088369814,3.9747459932705964,3.942704177993795,4.081224917058608,4.010982582217244,4.133877602748191,3.9087147796195874,3.2327789819609825,3.2420753058681333,3.3839660210362412,3.2947404741420594,3.806614374447945,2.2648374625611907,3.1649139295942863,3.681462532242134,3.223539766186175,3.0955662355971896
Kr,6.589419197682063,6.628504801581588,6.541824261715789,6.638286891758121,6.637664025976337,6.61416112120821,6.594486302764415,6.62326567718436,6.569314734445087,6.639284065081382,6.452206932562111,6.49159435023193,6.553159665652364,6.506240325304577,6.55564908867149,6.455411693481327,6.547226256415046,6.533182209006365,6.490793407274552,6.5060212630230705
sob,3.969601561381089,4.337001324845173,4.10386986586613,4.056297172944298,3.9529448814021797,4.087674472838827,3.8744571550158047,3.9794848189006786,3.879102031749482,4.170882435384438,2.9119626384989434,3.370709388432097,3.9371455114680955,3.4155319970730385,3.6818068692215955,2.6951199577136644,3.5309819542153575,3.7229721742834663,3.46596729452946,3.5881263017454748
vvl,7.4739456336462835,7.592586731818629,7.46564601071782,7.583843560715152,7.554672500893011,7.5367166885665515,7.487712894090496,7.488810529359995,7.680046750193815,7.500868553386843,7.294673519133415,7.0002135154300635,7.07387726987032,7.4592372951700625,7.03694329904843,7.314914497900254,7.184306154368743,7.313470755067497,7.202610264492352,7.237107073004342
EndoB,3.4852293596811976,3.9155163220994127,3.7159607260498353,3.6544682406073443,3.583956009245028,3.732680529769322,3.629058226279053,3.512161670314856,3.8167451210889816,3.704812284819988,3.08518140388663,3.308459263609472,3.126082642622581,3.4155319970730385,3.372750385848523,3.2917053032108896,3.4785398646975723,3.4956956270215307,3.352081999035563,2.922253850745517
CG7903,5.78792819831388,5.900548836110072,5.86890943247683,5.85200493123597,5.891820774179528,5.865353436720323,5.766607826231238,5.843643675789697,5.88816507395778,5.858826741883937,5.638443894684335,5.641877366485118,5.61975017474149,5.64006305736228,5.799407164912417,5.673162404803984,5.690113369554183,5.738619764495628,5.584569339891657,5.611442088005269
bap,3.8686988316195485,3.4253598882102247,4.10386986586613,4.105217891873587,3.351774883495798,3.837022414392859,4.593160123629706,3.8425232420851323,3.854623868057816,4.116194402771479,2.578321336790542,2.0825355735624065,1.7962831681174567,1.0047999866175545,1.0151993004335698,0.0,2.9151354632590842,1.7997942190313938,2.0656638805447316,2.2815209884093672
Wnt4,6.376468068933593,6.363433913273065,6.360286331316122,6.4024998399226725,6.403126939283138,6.340188273463841,6.449020261966851,6.498229184524443,6.4037081614040465,6.346262547785203,6.161388398889898,6.171044348508187,6.156727706416408,6.138317296325756,6.068839349052977,5.886075329082392,6.112007863179707,6.032250912572665,6.304585651608695,6.099989378082302
su(Hw),5.4394559662071975,5.429369271802789,5.487235089718431,5.452122901339009,5.384416022160502,5.449027425398131,5.452280902491314,5.442100351520044,5.416255545307045,5.41639297046882,5.268171331255382,5.203393079121415,5.22214234457644,5.272550339006931,5.205495027486083,5.176392696976194,5.298042096036514,5.261857211125756,5.392601890445011,5.214199010106138
E2f2,7.224715063117651,7.20310121592331,7.234663435587219,7.236141367502892,7.222189250020758,7.217582033863517,7.252081628710452,7.251911283592688,7.255169691678329,7.2230580493109215,7.166288298836677,7.14180403814879,7.159516146293007,7.141373461693155,7.1185827291680015,7.125811142445091,7.209141661603777,7.147964127877018,7.185794025768402,7.103317013437808
sens,4.949293909225349,4.916449676328765,4.807619602400468,4.780413005454289,4.992995730121284,5.158657374635733,4.8649287292904635,5.100925551539676,5.139525530913634,4.993859267168764,3.973655779846672,3.5371187784846554,2.041601845262337,3.356958951908373,1.8373286075716813,2.9046646056554737,4.040314147555371,3.681462532242134,3.7042746761057663,2.446674556378445
Poxm,2.5093062530637065,3.2195029739214798,3.26593076582052,3.1358852170819187,3.4475563406132768,3.224057399974494,3.115320174473151,3.2836967109072126,3.5532589561390986,2.9644938568919033,2.7023197710778266,1.506828119701884,0.9842239442180196,1.8235944376711701,1.5084736720936176,1.0028030003963504,1.8302416906101695,2.4066572633233267,2.263133842373915,2.0835891227182333
CrebA,6.290222481114612,6.256402060011837,6.304277558841736,6.176165763503231,6.234730815752977,6.126310235866134,5.899519928505986,6.169546996244142,6.229623942933388,6.444978910931275,5.8546627671332745,5.972872977968853,5.490200467915044,5.536462598959451,5.631449446521376,5.338064015603253,5.88748369369657,5.831664802974357,5.966954620479241,5.7714811680382505
slp2,5.891422829871174,5.9946130704609555,6.018947871745217,6.024364993279594,5.953308425361108,6.034350683314461,5.924729321237368,6.046490883193051,5.998586534743423,6.0734913293892685,5.803520329898678,5.781176653422107,5.61975017474149,5.793706087731814,5.772388455576054,5.5734406680759765,5.79099794703725,5.907676865205981,5.840071997897962,5.655455327451207
Top1,6.343254447020222,6.257498252232086,6.321926680879675,6.337047454141059,6.279830960724867,6.303022344283041,6.240895673123401,6.366139465694019,6.354080506857027,6.37309670774687,6.221888935204719,6.129850730045313,6.142421144628573,6.130814754743324,6.158369522000153,6.0162574261199895,6.108132986060581,6.222888656021297,6.148112921912838,6.055639559930558
D1,8.658381678061907,8.643622748223004,8.65334744366195,8.641931868166882,8.643367851493963,8.647155459763292,8.646168955906564,8.656214740850896,8.639278691310812,8.642312543134903,8.632031203816478,8.590813396952939,8.608061667784881,8.57395888335028,8.587035659163353,8.620273647711597,8.591970354133375,8.613492288115667,8.615878673230633,8.622861746097474
CG33557,3.990705963452997,4.251177940021315,3.2438283284237763,3.6544682406073443,3.5349602791067594,3.1281539585441713,2.9469394496306553,3.1705889059097254,3.6022807266702457,2.731974695083535,2.074070227187374,1.0138520656305055,1.4705135164461836,1.495758853188519,0.0,1.820951794292428,1.0098288591851814,0.0,0.0,1.507764984066739
cg,6.86817595331813,6.88572396558561,6.872202438659335,6.817605272005489,6.854509565270268,6.810797027790419,6.820855041999838,6.836234020022347,6.821137849297072,6.815230415717769,6.722195890026694,6.67809219197844,6.722014210474952,6.652757638671878,6.628045141042686,6.686888014918926,6.700098676436855,6.726217147885323,6.669807141376424,6.696816567956065
btn,4.483534308670859,4.2264341763894615,3.389174251997445,3.3193532630475873,4.086831512192042,3.824559731144175,4.201497934711661,3.529038929720717,3.9932384400003835,3.392035184017498,2.4367415297228803,1.8355519179835313,2.8767992664779416,1.8235944376711701,1.0151993004335698,2.2648374625611907,1.8302416906101695,2.242198419251376,2.693347244646586,2.2815209884093672
gsb,7.001136418884335,7.141671632549571,7.079461957298087,6.994341370581565,7.114765383732681,7.114688218547443,7.039069050452337,7.115646565392058,7.07596015375711,7.026360562950807,6.679415475370941,6.884942936418091,6.75963520245192,6.883212751951287,6.742312482390387,6.70396130978571,6.5695003791375255,6.52827535856432,6.747564243305954,6.608337296658669
Dsp1,8.475133147626744,8.480678363247252,8.469339674542478,8.463401311933556,8.479450395157478,8.466018593307457,8.4599653925182,8.466893149747508,8.475986710533764,8.492406907428839,8.419650712082888,8.454320760954129,8.42596023346298,8.392590721780259,8.405407639802345,8.424130393196698,8.39854786627703,8.384723619610327,8.410415786797943,8.359823520808897
pnr,3.1367097030599242,3.406579590471942,3.796276025305355,3.7542282705444556,3.599768596913332,3.9863122937357716,3.2815089136418814,3.6093999082137556,3.4473578169401042,3.2466736562576335,2.074070227187374,2.445575373462668,2.6676362117751125,2.8083327367200126,2.2823381982223503,2.067324355199494,2.9151354632590842,2.4066572633233267,1.8193585691218916,1.507764984066739
Poxn,4.145198956680934,4.344450212270127,4.0554322404404655,4.239075596847333,4.221877446838588,4.152971461370242,3.824891573630675,4.099927664658472,3.803793175188078,3.996935393697956,2.9119626384989434,3.5371187784846554,3.634057845227642,3.5232928027778065,2.92311501754009,2.8053708892670564,3.1649139295942863,3.0536997570423914,3.1524897197097905,2.446674556378445
gsb-n,5.437000594258832,5.558581350688215,5.560369469444738,5.469355090936859,5.601356135462996,5.485417960435502,5.510448428463611,5.531835456204986,5.459496225811811,5.504310030119626,5.277093991026668,5.411811668176746,5.3651265375753345,5.236372695649045,5.243389756089432,5.242404962363481,5.381721795066979,5.296167586494197,5.3109775622431705,5.2967626580115095
bnl,5.740069672245359,5.626729219291637,5.720876753344268,5.752311549891711,5.784828056983365,5.804906050478895,5.757453902675519,5.713120256856092,5.699567941415489,5.685563172866914,4.606562333655923,5.363636435704566,4.787301338843473,4.584520551562511,4.701521918271926,4.449331029262042,5.315347604400275,4.98169299132641,5.050093331396564,4.38357615197757
Awh,4.361572825892638,4.267340057244699,4.431533812729975,4.400683829089855,4.196287966832375,4.3783869693257635,4.324384174875966,4.3786986724662045,4.313525482357185,4.349144337459103,3.973655779846672,4.076766338891029,4.000464300987917,3.7507424106863754,4.191422808327448,3.998260658073318,4.0091327703831,3.801154533565902,3.9309698814564853,3.9843319766954037
Kah,3.614922554778059,3.3679265822081836,3.3294499281494585,3.7542282705444556,3.483439731052822,3.7188376736278363,3.8864739764235168,3.4416512838463347,3.5532589561390986,3.102680296201303,1.8274255566885953,2.2804405253013766,1.7962831681174567,1.0047999866175545,1.8373286075716813,2.067324355199494,1.0098288591851814,1.473756047704322,1.0015996592462562,1.507764984066739
scrt,8.229584183706312,8.259186587726052,8.228333155084572,8.240585506847822,8.252207425428928,8.219280335776338,8.229574260230834,8.247156199608218,8.24081498606962,8.243151352032227,8.17495160474225,8.137488462632884,8.104877397171872,8.113964139770204,8.173921024764308,8.11340074595971,8.18319182845402,8.088112497803149,8.107356253859027,8.155493797143508
hb,6.494168846322522,6.579705144149587,6.587038981036941,6.537862261783684,6.608670784172578,6.544768606244446,6.571935938120934,6.539472048189909,6.626714287098169,6.584454260773683,6.298319057850076,6.384922198262861,6.222021288219255,6.35578090929518,6.480302129928335,6.293808136329277,6.279018499669991,6.091069660788403,6.301431875806029,6.352994901970617
mirr,6.764235854970233,6.6757548186071185,6.698244197209392,6.723987651330773,6.731623608343567,6.6286958095947766,6.622751904540645,6.666306920811897,6.578300184660789,6.730436141155916,6.116365312224277,6.49159435023193,6.1460170193230255,6.290556113361359,6.496363799072,6.35263416666329,6.190093243187088,6.071845267937633,6.383275757021999,6.41243562448893
E(spl)m8-HLH,7.161896614067437,7.205226842158572,7.154715243931758,7.167527550167643,7.1594861259721,7.2082668028585966,7.112384729930233,7.134469546730327,7.2077776753135705,7.1954348074678185,6.819868455980208,6.888529937608283,7.1237078964336575,7.092211614813643,6.827840066793727,7.00186468745055,6.906970000445225,6.831457750328115,6.879937290665185,6.9144872544164375
Stat92E,5.314217770405054,5.380547615780504,5.41599489621919,5.510008513293797,5.324736015552202,5.41382496834003,5.21387216153058,5.324240949191655,5.413652797531735,5.4686123980948445,4.673729890046512,4.874881440141748,5.248906537044876,4.998331088897216,5.176100801717563,4.947332352938074,5.017817974715948,5.0486866218540145,5.082676399451063,4.835012685721401
HLH54F,4.197489121124633,4.373702999614915,4.396867268013439,4.539772113951324,3.1018499410101565,4.152971461370242,4.354754489313109,4.061369686817033,4.465762006608851,4.481059692349916,1.007697364723909,1.506828119701884,2.777676447333352,1.495758853188519,1.8373286075716813,1.820951794292428,2.274767327244902,0.9868613594934029,1.0015996592462562,1.014619039205257
E(spl)m5-HLH,6.760970589610171,6.803523386912727,6.835323447395938,6.755503010657672,6.712269174298672,6.808261755394554,6.825290432346479,6.85625589030304,6.842593708018139,6.7641606781378165,5.619702125027001,6.008030708337799,6.468447003107508,6.29376044753557,6.143363700183395,6.157347431103412,6.168398302473019,6.2999500136469075,6.110596401999307,5.93763425696976
E(spl)m3-HLH,5.703081188075505,5.641037110490245,5.517593824933086,5.6395109097782345,5.496405852571668,5.53196606869041,5.596140867746932,5.636800021848327,5.675790770506623,5.569908713862133,4.280972568885019,5.0469376048257315,5.055247307044186,5.009948646494457,5.09321037595147,5.018301381046031,4.841422988752405,4.703947605121297,4.52503961867497,4.90254321044763
CG12744,6.1618801204433895,6.0948663138999555,6.069213413611308,6.10766515966799,5.998489673318665,6.058817048720206,6.058510076303177,6.086191619926016,6.105874951312661,6.052092716837401,5.1937702730622375,5.550650162175798,5.723531799134701,5.608825662618908,5.510957449988047,5.630752213088579,5.707650190000896,5.514926542531612,5.400409519469438,5.481182462308488
en,5.676350331225922,5.741362359678515,5.590757331295436,5.560278783572001,5.620254650228489,5.687499536152591,5.671063925703893,5.676665571958614,5.567911605758131,5.518239753896761,4.865279422198213,4.939780791474963,5.076390469328735,5.341201118031211,5.10395528684483,5.029654895011557,5.017817974715948,5.0486866218540145,4.920623471166426,4.5819750605153216
fd96Cb,5.738252383623396,5.862251305837456,5.626456981107208,5.6538194529008745,5.7830620273890245,5.749755536501043,5.932478682661018,5.782269782561736,5.9185086828276035,5.673792343255384,4.96718112995996,4.562624549774293,5.147057899186183,5.508794027034322,4.863477600238029,4.649710491525541,4.556369395621647,4.819026467500387,4.467420556466667,4.651485202939243
retn,3.948042143432109,4.102104494549915,4.0353805831183,4.205095289870328,3.9960819397524916,4.077988283454714,3.999310645669472,3.854681042651675,4.152446591057455,3.88538753874212,3.1617008553259836,2.711350161799897,2.8767992664779416,3.6658651450883792,3.172994140366985,3.2917053032108896,2.9151354632590842,2.547850640734723,3.223539766186175,2.922253850745517
ato,4.0612496229503225,4.395094363920882,4.656385364023458,3.983520084590645,4.391852704491075,4.8058545978470795,4.391464565365568,4.512451205822513,4.750565958129987,4.481059692349916,2.7023197710778266,2.445575373462668,2.5439725605296686,4.0325320838737175,2.7133234169637257,3.7476643773807896,2.0770041590887383,2.547850640734723,2.9028675991539674,1.507764984066739
Hand,3.914805627007573,3.6115535339918354,2.7659141345304286,3.8572441881394552,4.480200105921831,3.1281539585441713,3.34506581894422,3.4416512838463347,3.8295314567762815,3.88538753874212,1.499304321732332,1.506828119701884,2.2384382600376957,1.8235944376711701,1.5084736720936176,2.2648374625611907,1.8302416906101695,1.7997942190313938,2.263133842373915,1.8365634714120624
luna,6.61623517029489,6.5717353796234566,6.523486528881039,6.494161991866352,6.47643713584334,6.492202578750626,6.494043805586197,6.597923617795499,6.629808565450219,6.561164535277562,6.335991257805044,6.307977606821152,6.267543282183821,6.206917038103783,6.28743762645801,6.271232314728632,6.2591879259842,6.258946995117033,6.423214831431496,6.22581636140186
mid,5.239205068117855,5.289638247087621,5.104909690789503,5.108900357343544,5.124215680193729,5.194347573456984,5.181685827006088,5.196945453737369,5.196167781730396,5.104371021186385,4.781402068215445,4.730891844009396,4.814852522896168,4.472416153685628,4.821844356836471,4.488877969330827,4.755129155212735,4.641028084870773,4.771862634041465,4.732084672550234
inv,4.857089946805609,4.941270095726976,4.788728458134084,4.8598099252601745,4.711451511051555,4.882731867696372,4.89151217307698,4.9184321188717135,4.860614504707884,4.842781261485486,4.5890410636626005,4.562624549774293,4.440139020637037,4.584520551562511,4.339592351057033,4.449331029262042,4.353958529065837,4.4243344520872485,4.427076651046546,4.44733432834833
odd,4.79365440651717,5.092645072585752,4.8261604780859235,4.949912033040303,4.716599737638531,4.989944679309573,4.828347818310093,4.862684147520758,5.159885261896661,5.118224509504583,4.231671086989257,4.215610570817949,4.379016161266505,4.1753153567787,4.048601252595447,3.7875430175369464,3.9436922771974734,4.272178811406087,3.7458080112899,4.291702612211799
ftz,6.153509573985154,6.024099283434852,6.067887585543577,5.9916091028951834,6.149021972013528,6.153548387179797,6.043425131369134,6.100362499612928,6.117545063651233,6.0761342446369575,5.859636047338061,5.550650162175798,5.866196794733672,5.850108858329254,5.710245512360979,5.752940694525795,5.684198748176412,5.738619764495628,5.772717117793677,5.7714811680382505
slp1,6.447842842662925,6.661958981167459,6.610445628065706,6.570848779984517,6.690394833525177,6.64899358683991,6.623525768002755,6.613358967905395,6.6839282435640825,6.6534608619855975,6.239008247003566,6.1673688117454315,6.304977851291474,6.379550694130911,6.401735390682592,6.2447914335167525,6.084563018974402,6.2621614578386415,6.3139877367839725,6.331326837910543
psq,6.915236156652454,6.983117776481895,6.955311175337621,7.011195170398721,6.93921050605674,6.949478910405334,6.88540476814178,6.9654084061325765,6.970199080496139,6.962629324809369,6.767232416091836,6.76683855317961,6.836294379077918,6.867114459545853,6.818262700990889,6.741342675883553,6.719245222832645,6.807563694178585,6.8026333530491385,6.823110989174482
unpg,5.63687960939184,5.612213637128224,5.5821689011518165,5.55357074904982,5.599234083059698,5.49961130026734,5.554212266665117,5.668818589941479,5.613750189217732,5.5410332538931035,5.154385394198238,5.112485127240412,5.033647437838998,5.066094237589263,5.390118035756182,5.260492006183203,5.206715332777859,5.141446518737163,5.2586006633184175,5.214199010106138
caup,5.308643161253438,5.416750771448717,5.235070580844007,5.279058258276033,5.252291389764,5.09735962778062,5.330345969459838,5.249224404844883,5.068500581597605,5.178294498995201,4.1798123476150835,4.314287010943679,4.244273728655312,4.148343245464679,4.600711762895648,4.698045105733745,4.284281189570873,4.38317150588515,4.771862634041465,4.242393566691907
pnt,5.891422829871174,5.775646347377406,6.046431728197018,5.953240842307821,5.910667267417277,5.894259941152978,5.886672838643417,5.95760652800908,6.0086991655271405,5.762489460447299,5.048550470598668,5.193690803488177,5.341334160362818,5.217780925853004,5.421724179069921,5.304328145526945,5.1577209951275815,5.6597475200873895,5.267522880617017,5.0923058436530475
l(3)neo38,8.128228002180785,8.104017709714103,8.100612650966301,8.119431115702778,8.114622055153578,8.112211308791188,8.065640321481393,8.121828667012466,8.13001946886554,8.119945777410676,7.983929875966838,7.957379464617322,7.950861414677977,7.96743520163948,8.024354737367169,7.944284365976694,7.9064289825176655,7.975523389009189,7.987857603234664,7.9708033210710445
crol,6.8827596747556985,6.949686956982049,6.904901390368238,6.949255088951848,6.923512846972148,6.939510618591643,6.902522230903743,6.946378364407318,6.926389311067254,6.911872310972448,6.696747872415891,6.669214478212762,6.713910385106339,6.670473773370299,6.756743692977619,6.708184472693984,6.744216711032513,6.752110147811448,6.706285571273503,6.739324729523233
grh,6.342260678340674,6.4365736293523685,6.3622650690061135,6.492408722879278,6.3504185528659844,6.3953888046410805,6.275450369378922,6.420529069582499,6.4238390249347805,6.470211372082345,5.949712321876306,5.922419623630589,5.982608840755766,6.056584423582615,6.060661625759917,5.932904879394635,5.975473655171981,5.999406462239643,6.005907010165975,6.0049034622832425
nau,4.7555128625927585,4.886691756827607,4.812287148674815,4.667313666348866,4.928649880253803,4.941885571147106,4.809542997675922,4.939072453687091,5.101087421008504,4.580064339715058,2.578321336790542,1.0138520656305055,1.7962831681174567,2.574101682725219,2.589221150677293,1.493313837840313,2.0770041590887383,2.0452645538298886,2.4279660178816,2.588379388579998
His2Av,10.611640767949336,10.595554343720385,10.59616085218357,10.60229546691662,10.612449640022557,10.604225511283648,10.609711945410742,10.612110766558953,10.601019664437649,10.589244149973027,10.527074743554298,10.515122495270079,10.504659040328956,10.536027450906955,10.50269783354812,10.516227640699084,10.501678629029822,10.518511343738517,10.515868373944127,10.51537277068574
Mef2,5.725438043303625,5.522682844215667,5.491966074876616,5.57794995368996,5.551372029857394,5.625260514299063,5.698749123743445,5.666847185432795,5.679793100759806,5.44656567999379,3.5775490264104475,2.587266432252462,3.0496907120258605,3.6658651450883792,3.0964351924599427,3.2917053032108896,3.0883831956617698,3.32951569668303,3.568198642460104,3.430474934043301
dmrt11E,4.521092595048147,4.757925626809574,4.588847529839242,4.576200138901367,4.736931625560916,4.701924421720531,4.6886215148345185,4.657842357845779,5.049927155637283,4.65386062810828,1.8274255566885953,2.711350161799897,2.966976776357374,2.267662801292322,2.8237107221449533,2.2648374625611907,2.0770041590887383,2.547850640734723,2.5694343180698587,2.2815209884093672
lolal,9.093269084883046,9.081324097663822,9.086366367019851,9.08899767049034,9.083321565163812,9.078426696059468,9.091536730619987,9.102832351663693,9.074205305071287,9.08646951149762,8.927853615498009,8.951048297538456,8.931544240318761,8.948572830961583,8.927105639228866,8.90127164659718,8.913049383139237,8.950043622636178,8.97409004333745,8.925728301868022
jeb,4.735882303108557,5.034814810754403,4.92657379054538,4.990122242492119,4.89914201178447,4.970199966907487,5.0339029038228436,4.979117406134614,5.068500581597605,4.842781261485486,2.9119626384989434,3.308459263609472,3.0496907120258605,3.228392506554706,3.172994140366985,2.9046646056554737,2.705450114914076,2.4066572633233267,3.0760028134899917,3.0955662355971896
ab,6.092867726092679,6.272720092642088,6.2179082904883725,6.205815957752736,6.1453375598586835,6.242314927059193,5.930933607139559,6.15269441087729,6.260266044378093,6.211685962710199,4.766712112443797,4.562624549774293,4.603852708417316,4.619259787222444,5.002823025223126,4.649710491525541,4.770038555176249,4.556366949008061,4.86905270092252,4.634555366577109
tsh,7.024023384248142,7.020588033667734,6.956948510677694,6.960855976874118,6.981150121341501,6.963704363801097,7.026223445364905,7.03056095847534,7.037148897619544,6.929454029118909,5.448137514584246,5.648085889877478,5.678730659665181,5.766977616799941,5.891042500096472,5.599318780703617,5.832763550348522,5.541667131963633,5.804368583497843,5.551848924543655
lmd,5.04832042007822,4.895284762744451,5.08028186600487,5.06599474071883,5.064389666630856,4.941885571147106,5.04521448740528,4.934978327956606,5.015600093287807,4.941897567210634,2.2717578644204486,2.445575373462668,2.8767992664779416,2.8083327367200126,2.447505911284046,2.4296996693683193,2.5814220269740247,2.4066572633233267,3.1524897197097905,2.446674556378445
aop,7.563444999511121,7.545665075313901,7.608408158033495,7.569304222717852,7.525700365595601,7.559130047835641,7.485755127491028,7.52145877498309,7.602830796908452,7.4935395731786585,6.7551495008819735,6.76885847264097,7.085167308866518,7.131732543960893,7.008709150201659,6.8711523083048895,6.894669139248466,6.9702888228054505,6.895752605879391,7.036033977827125
E(spl)m7-HLH,7.463308162983396,7.465162732121222,7.423795337647341,7.460141483033295,7.4401434379017575,7.461022708191652,7.414700543222177,7.484653520050921,7.482625972895161,7.504987383410088,6.785087378186275,6.686891784967737,7.110113282309845,7.076247906348318,6.924091147762475,6.8494351187956175,6.81367901159617,6.9250171731344015,6.745540280959256,6.900416603664291
rib,6.828009200570654,6.893874212601798,6.822306027747655,6.883817010702265,6.750610549631892,6.798696823494035,6.746391274071877,6.793028125256231,6.8268622926757,6.80763900069728,6.036506459415358,6.234993531416794,6.254747069364517,6.337575284642198,6.43616533885698,6.131427676399919,6.363689175871714,6.424715249038381,6.212287648071197,6.168569724790662
chn,5.935686589388979,6.11021681365086,6.018947871745217,6.053363475988908,5.930691284492377,6.08662454968644,6.046184828443528,5.950201859201565,6.061880146992819,5.946693231780268,5.303394006584681,5.472634818714246,5.51748789488857,5.652289824084093,5.525085150467832,5.338064015603253,5.436391726532633,5.514926542531612,5.517690792409132,5.364834237207202
cdi,6.522795860199387,6.492675643408429,6.526845771490045,6.462122988336657,6.519668715520969,6.4913316810660655,6.443478636989782,6.553392405592895,6.567672306296777,6.484349123319793,6.301513183905029,6.210607976612333,6.292654713182239,6.261245460603944,6.313281511628592,6.349622836409011,6.252489372111237,6.2999500136469075,6.236173005983307,6.27666292763102
cato,5.7931071377370795,5.940446794695445,5.852589086822165,5.828423960607812,5.450641424568952,5.760669883686013,5.935561690318751,5.985254596050352,6.284557586494968,5.968974451087931,3.5775490264104475,3.5371187784846554,3.5413850648110365,3.93592440507558,3.0964351924599427,5.006817483067789,3.909292737299523,3.5454713883195637,3.6156447314722935,4.016521462298569
Reph,3.688193418124332,3.5311875471902137,3.613300123837155,3.740571812444138,3.465658979412265,3.646594281448724,3.6443917914764574,3.404439579673638,3.369964066435249,3.153017339585129,2.9119626384989434,3.0944172867486937,3.0496907120258605,2.997978249659793,2.92311501754009,2.4296996693683193,3.0883831956617698,2.9709686639726396,2.9028675991539674,3.0955662355971896
ttk,5.976641726564177,5.91299553778993,5.960128120031003,6.1368837318714045,5.960735208648478,5.961590350859765,5.873658550724915,5.933715978216961,5.941830288902806,5.964557746529695,5.638443894684335,5.564203313791463,5.569925662359138,5.4803380676919415,5.612348883705057,5.484389169112649,5.564614442952408,5.716712393184271,5.460768533562708,5.6737408571906585
CG17124,5.300222542852624,5.272183200434263,5.2768994686813615,5.330834632956803,5.237150691733129,5.276902532437916,5.155169420464816,5.340781518723519,5.159885261896661,5.200714050143357,4.5157145244942525,4.914324218053865,4.569717810411247,4.669205600682601,4.701521918271926,4.633065468045592,4.8275479491916915,4.9931749320569265,4.486998121542742,4.762589383774421
twi,4.171685782633611,4.314315845958339,4.353615949858478,4.1334612918981755,4.2631231023928065,4.231108681213773,4.426874595692864,4.406918696044119,4.265404407959116,4.205747222357367,2.074070227187374,2.445575373462668,0.0,1.0047999866175545,1.8373286075716813,1.0028030003963504,1.0098288591851814,2.0452645538298886,1.8193585691218916,2.588379388579998
jigr1,7.417555901466538,7.474938781033655,7.4461105550591045,7.493256803335282,7.441827369712376,7.4386380064497635,7.478872602191868,7.459998980342489,7.413461659503626,7.434587430869657,7.354284900080322,7.361726759518177,7.310386526696268,7.362986853951447,7.340137658374648,7.298702547304941,7.367603751186976,7.370155856650891,7.3413264202955,7.384991531942407
Imp,9.739927378704689,9.709957728992451,9.703216087111308,9.710847940608065,9.739024740667388,9.707772847281753,9.702929950551843,9.744931048053274,9.734696060110025,9.71661954139605,9.68883025361007,9.699583206633966,9.654945246175327,9.69113817490032,9.703417884197112,9.68121925904896,9.654513361773386,9.654307005605494,9.696415179434082,9.69115765656195
sd,6.907921536769269,6.86086692108792,6.869230219072557,6.877270251172555,6.849654426931523,6.860800019489531,6.8782350694960765,6.925298708601476,6.910182528631414,6.85960708141824,6.767232416091836,6.7339523059420054,6.745938951435987,6.756647477837377,6.7849959717446575,6.7575183887671555,6.766572047741016,6.716077011655202,6.9078827779323095,6.815427047607655
CG31365,6.100493875346296,6.030993496028147,6.073180383409685,6.073573626406513,6.075266808750305,6.176489587765259,6.039271253134615,6.12437620882777,6.155490222289606,6.034362736721291,5.963221480132418,5.968390060899308,5.995208927274474,5.958666221503224,6.0014647958767355,5.990678338431622,5.979897011917488,5.978317020497616,6.079535654123667,6.047360295276055
cbt,4.470694728759121,4.575357517650211,4.734858737138223,4.495524537948714,4.44039176190992,4.6033443767688915,4.398647591822144,4.549321122463754,4.561860749956477,4.5379504623112155,4.304740799441751,3.8798579409166716,4.116211138678064,4.390027068619829,3.951964390385009,3.932833830165287,4.128417287241436,3.973434664245063,4.447452043798351,4.3386941046429595
wnd,4.557291170907081,4.539371379035826,4.491057196768402,4.58805377556233,4.505885007917263,4.5501531041033205,4.384229569517334,4.4934936194364195,4.6661764590170955,4.500385140355226,4.125116478919887,4.215610570817949,4.143169308174697,4.346138801508075,4.268249349682915,3.998260658073318,3.976947735568138,3.973434664245063,4.385036439577454,4.405283703490846
sim,3.356066515111692,3.2195029739214798,3.1501833357903326,2.7762561082417734,3.2001075232173584,2.964482397837729,2.9469394496306553,3.0430365842508666,3.328898590587797,2.654237182876964,1.499304321732332,0.0,0.0,1.8235944376711701,2.084385994950783,1.0028030003963504,1.0098288591851814,0.9868613594934029,1.8193585691218916,1.8365634714120624
fd96Ca,4.154106076755258,4.092603132254125,4.122606528064472,4.105217891873587,4.0272558622453225,3.849331689088844,4.030820005210229,3.6980151654533313,4.214850113369993,4.125519300436614,3.527725393890768,2.921115212355978,3.5413850648110365,3.6658651450883792,3.8449799801211157,2.994983517405772,3.1649139295942863,3.0536997570423914,3.568198642460104,3.5881263017454748
Sox14,4.354340592468727,4.148302573459701,4.410878425116351,4.279988939747437,4.067364675626445,4.087674472838827,4.119795928120856,4.349659095371777,4.085888149752031,4.2311205879271405,3.7136594267980327,3.679746581780766,4.2199397054914,4.276468839663272,3.9175591535631975,4.172211657180753,4.0091327703831,4.199143444778251,3.8965791957779117,3.635598927397219
CG4768,6.375506780403365,6.346539082293621,6.322955227539081,6.348258030348155,6.304267973476307,6.293510949367467,6.344244716338874,6.364176280145093,6.359155580181731,6.3134975904934025,6.221888935204719,6.282050059104016,6.349882569199254,6.290556113361359,6.329101211684103,6.21072580457413,6.298463456319065,6.333378201445415,6.187817790382349,6.236194609358663
Hr78,3.449996135830694,3.406579590471942,3.783330143551896,3.2544327248827702,3.3911950103109803,3.6905634749743106,3.442765993968713,3.512161670314856,3.736390900626116,3.518923643583866,3.4199492904021773,3.370709388432097,3.491615512599602,3.0808236420391903,3.2441063424415777,3.077816388935926,2.705450114914076,3.4433118570831445,2.5694343180698587,2.588379388579998
tin,4.389989787189316,4.063545076091902,4.122606528064472,4.025753163031,3.9529448814021797,4.17087053957591,4.156934303491435,4.342265495722873,3.9377977427182365,4.106781732275213,3.527725393890768,3.9154876786505666,3.79704076101747,3.93592440507558,3.5391708995435796,3.520233716884213,3.5808103684945007,4.147310648711085,3.352081999035563,3.3718714909410967
CG10654,4.839372374933194,4.6814548170596,4.866661731388887,4.688851536207992,4.761778602841547,4.691438879969577,4.851367218570003,4.689802002966461,4.70926114299286,4.801154937858131,4.372832973059969,4.466524993719054,4.586930901251366,4.636187086413461,4.564716074865195,4.297126185434696,4.128417287241436,4.538539336870729,4.2714857650761795,4.047707016960386
M1BP,7.627052753908216,7.631044865940922,7.6166182785038234,7.613161584495024,7.657964530542606,7.602216910459712,7.634773324873254,7.613457235156484,7.638669635470757,7.655031000107318,7.633985128429201,7.590970676159654,7.586633054915028,7.521118030312116,7.633920478171673,7.571808734181468,7.616080464479426,7.578008297333037,7.591006679519559,7.599243364372007
EcR,4.984692984806116,4.985233419986325,4.975216441690999,5.013494475458187,4.837378219814923,5.0357996344830145,4.900218566977933,4.9830350969239605,4.85607336788709,4.87400027256774,4.781402068215445,4.486497931350699,4.440139020637037,4.390027068619829,4.941879238607312,4.633065468045592,4.660679348474,4.444297487018341,4.7271327962686405,4.732084672550234
CG34159,7.511700562764501,7.51373847863328,7.514908456815412,7.510839102985603,7.508849936928794,7.502442651401018,7.548112803927414,7.521149871078889,7.5242152308386405,7.496732688414595,7.5038823302844975,7.484384494894197,7.424603466164209,7.390071823663955,7.506036975932778,7.464034639009413,7.4691475996690775,7.439742433722169,7.46312354630641,7.501249760801361
gro,7.1088211278428375,7.148436798832527,7.124275583036407,7.118552589029588,7.091631962957351,7.112349846372188,7.13536650943416,7.100234721339142,7.115699656299563,7.144158307937679,7.079347117886269,7.069785881051585,6.9355895706272985,7.082082419409943,7.038488731483401,7.005001554212354,7.054468627088545,7.075239157771934,7.047514293648911,7.127601536934795
kay,2.977520147341293,3.196379945435686,3.3087219591385435,3.0842296002293015,3.075699241321614,3.1530057734378985,3.2367764195252877,3.239976511980759,3.349642110364766,3.224069001525739,3.1617008553259836,2.8217228046502014,2.5439725605296686,2.997978249659793,3.0135253997985982,2.9046646056554737,2.8157787430184986,2.7816232917415284,2.9028675991539674,3.0126600012759206
Rfx,2.7527249541211534,2.317358611604477,2.9005904503421114,2.577399648319702,2.375694685812112,2.5249617052219255,2.7810943379015423,2.987082209609206,3.465805272539472,2.76868878356368,2.2717578644204486,2.0825355735624065,0.0,1.0047999866175545,2.084385994950783,2.9046646056554737,1.5019111280330364,2.547850640734723,2.263133842373915,1.8365634714120624
GATAd,5.069844333663564,4.977382510289697,5.02160233569163,5.0586613555395,5.023679798664683,5.043241790127705,5.0070007268052885,5.093950873076011,5.061112556091233,4.908525064560604,4.851779376533507,5.012478926679004,4.4977401039993765,4.791350145831381,4.966704200184146,4.909865154197826,4.784728926520107,4.884758113637509,4.895170492254488,4.79219103715908
ss,2.977520147341293,3.3069926163578605,2.835517794840928,2.9420522527722444,2.9025668033511023,3.3920235081271817,3.2367764195252877,3.30486029810832,3.218189563977427,2.654237182876964,2.81262494016025,1.0138520656305055,0.9842239442180196,2.698059612664376,2.8237107221449533,2.9046646056554737,1.8302416906101695,3.0536997570423914,2.4279660178816,1.014619039205257
ara,3.111876339073521,3.387439831596156,2.835517794840928,3.2544327248827702,3.0488462767260334,2.934396418502831,2.9469394496306553,2.797556813731294,3.286074255295283,3.022079360980911,2.9119626384989434,2.0825355735624065,1.7962831681174567,2.574101682725219,3.172994140366985,2.571190076983404,3.1649139295942863,2.880770758071583,2.693347244646586,2.0835891227182333
tgo,5.973771338908843,5.978813793087854,5.939223903130952,5.98288464996938,6.0027556361518695,5.996490772176655,5.930933607139559,5.996671015164629,6.038437573172727,5.999356949762729,5.888967254297928,5.833940017323534,5.678730659665181,5.949680530068564,5.98831064668295,5.871587879266514,5.877754713950287,5.921307600606835,5.893722335306145,5.865511445596093
otp,2.554216297466796,2.0619931879300837,1.4899730393623334,2.209216499950785,1.6130711923085945,1.1933415080326553,1.2025873955046402,2.8648028596456627,2.006120970970867,2.5699432944480196,3.1617008553259836,3.2420753058681333,3.2633143778431393,2.574101682725219,2.447505911284046,2.571190076983404,0.0,2.9709686639726396,4.027568450702791,2.588379388579998
sna,7.062494020158957,7.172858049302561,7.23010902569022,7.193105220273108,7.143289560744418,7.116088621712738,7.14734977865601,7.145775475687331,7.119966664114972,7.2061496217100895,7.060117888045727,7.230832016820448,7.233568586145917,7.272232348060365,7.288577927644254,7.222309129307417,7.201365300769041,7.110203145909888,7.246527566439934,7.245922487958114
Arc1,6.815699614178727,6.831063873551458,6.863857859940159,6.823923503768553,6.7784316654002374,6.811429842847488,6.8391035205273685,6.823901527477306,6.808298308901752,6.825263479790462,6.873478302979958,6.890318624746529,6.869920107975621,6.919797253615467,6.924091147762475,6.8234875281698075,6.834549742612767,6.836891618541815,6.836497875837825,6.851411095062973
mRpL1,6.157105533951003,6.04056623366266,6.007739280894594,6.0972987008907396,6.121682317438071,6.154769029989132,6.081384587560752,6.141708679420279,6.107178376348314,6.157217911526574,6.221888935204719,6.10272458141084,6.241784988709949,6.142047564102551,6.154639123828426,6.10481817017963,6.200766727431753,6.117377646757851,6.262789743004501,6.168569724790662
tup,4.521092595048147,4.489282303700709,4.471607097523059,4.400683829089855,4.3630202314696405,4.474522037071472,4.210177212511038,4.265157646038628,4.417546473929369,4.2311205879271405,4.5890410636626005,4.914324218053865,4.893224915314437,4.452446474128557,4.564716074865195,4.428955178722108,4.660679348474,4.340241159914257,4.945444644026872,4.44733432834833
Xrp1,5.816927085349313,5.903675065421058,5.8343236090522455,5.846998467183284,5.824609031313391,5.928491712008188,5.8006480137936505,5.818527359509498,5.940292322889504,5.906855905841334,5.8546627671332745,5.912966390882604,5.880341518651133,5.936048762345231,6.044102777218798,5.816595852298048,6.014596659760543,5.9347550347906335,6.133274781566633,5.918904375545738
ap,3.5358555891978933,3.9380527773530085,3.658593809674757,3.5926501349684377,3.675285192863571,3.6905634749743106,3.7034777417947824,3.5456360683734163,3.428563646702631,3.6905752557702085,4.0058388198405055,3.1709691853627016,4.244273728655312,3.6658651450883792,3.881927889418797,3.825892151471284,4.040314147555371,3.9412716023139565,3.7856848977799817,3.9166671421667436
lbl,2.855307170639787,3.2642042948286005,3.01926307642765,2.9110194636661473,3.021252285916734,3.2466620439601406,3.189948845553721,3.0154507073912735,2.6296450296991116,2.871376137212196,3.6703156008414917,2.587266432252462,3.3839660210362412,3.15732767920797,3.310495600501767,3.353916720339537,3.1649139295942863,3.32951569668303,3.46596729452946,3.7242751914418903
ovo,5.4779434873844375,5.614300236497028,5.616088729866988,5.566942120036653,5.365810442356273,5.637612943820637,5.366339233519256,5.549742932090868,5.4393803657253335,5.525132521148508,5.638443894684335,5.550650162175798,5.734425345687519,5.912907892684521,5.744619415711407,5.505654591077465,5.79099794703725,5.860850570452519,5.761940019511885,5.81436738072766
ac,5.451643199211045,5.746854375819694,5.616088729866988,5.784880259510488,5.686645090614901,5.567704850612778,5.54287987065497,5.692177191970131,5.517524216288239,5.631467840802402,5.808753890291007,5.330179943457161,6.0868712097750555,5.9763989448090875,6.044102777218798,5.861811646217969,5.858008106433317,5.921307600606835,6.184272699444458,6.325048737147307
sc,4.382960893039604,4.7725422899823196,4.465038744793008,4.667313666348866,4.658456754456646,4.513052407528092,4.440694826867433,4.596457218805673,4.530842731974265,4.519344185139269,4.606562333655923,4.2905156520869605,4.7732357670515535,4.819689653130406,4.929231762046821,4.343027482037961,5.017817974715948,5.070056269733255,4.981558121972219,5.0923058436530475
Elba2,2.6779810080028317,3.348024975232251,3.073704625464711,3.3803148375608782,3.2458380604492887,3.4483864197055043,3.324325796096735,3.194257119128068,3.4839185745006787,3.2009415356365585,3.8334437690434955,3.370709388432097,3.325458699234266,3.4155319970730385,3.6818068692215955,3.7061291397884766,3.1649139295942863,3.5454713883195637,3.352081999035563,3.5881263017454748
mtg,2.5093062530637065,2.5655523926688324,2.260975260526501,1.7287260524154302,2.6121724933952923,2.5249617052219255,2.582167360331434,2.195837849477208,2.7487882648148854,2.263627695130252,2.7023197710778266,2.2804405253013766,2.2384382600376957,2.574101682725219,2.589221150677293,2.6951199577136644,3.1649139295942863,3.0536997570423914,3.0760028134899917,3.0126600012759206
Bap111,5.848372549513333,5.906791551872839,5.870526912686593,5.905482642712362,5.935255820647778,5.86208940976004,5.909048079859341,5.932203696843363,5.973592935595639,5.891101111715436,6.06114078022054,5.9862023966209446,5.847020453228875,5.967571888825655,5.905530733129685,5.932904879394635,6.035687989725944,5.999406462239643,6.039301811682382,5.965087300724971
Skp2,5.888296706201045,5.997459039301147,5.999249613590845,5.922691363424989,5.9783376279572105,6.010680628790754,6.032309547355475,5.932203696843363,6.015860369970767,5.933082241332347,6.065188140631241,6.10272458141084,5.917110915192417,6.048440312659502,5.970498215598928,6.097083563552802,6.084563018974402,6.032250912572665,6.047479123821631,6.059753628499447
CG11696,5.0839404661734005,5.192812525728779,5.122136899666565,5.119345168583502,5.137787076168524,5.194347573456984,5.121003487473034,5.193783423087594,5.215417064179656,5.1619671023936275,5.440622916856249,5.419619973573367,5.257671084441536,5.3976324048294515,5.082348756793046,5.269414311258759,5.206715332777859,5.321149266177151,5.164705953135034,5.124200123481628
exex,3.295159302464835,3.4618943943340827,2.9005904503421114,3.05736544849325,3.371679177627638,3.3526022211613666,3.140820257924182,3.4775278127089395,3.039185198308975,2.76868878356368,3.7950880809006993,4.134637098744535,3.718866063389976,3.620562579942656,3.4867155669280443,3.1543097494733945,3.302369833787163,3.681462532242134,3.223539766186175,3.5382872173682607
l(1)sc,7.251905312082299,7.361029420379934,7.326559915322562,7.244034309073565,7.270065992336586,7.2082668028585966,7.267232083148999,7.271929946415898,7.218123890440477,7.191981676768569,7.1954072559033,7.395718673343952,7.473365230057904,7.393273268907437,7.456451589716417,7.383709825955627,7.409677840405369,7.36909551713924,7.332353530447773,7.465657715165268
nub,6.770086598264886,6.729793617936392,6.788033184730115,6.619919870454137,6.769243694070222,6.789686249338761,6.76804713632738,6.785319733827839,6.748388583230114,6.701907318694816,6.698893450904529,6.884942936418091,6.895690446060563,6.7238964249973945,6.8707516381716776,6.783258337079557,6.8732233950348585,6.893086744722838,6.747564243305954,6.8716670508180515
sqz,4.44451016323683,4.275324204445591,4.269109945974131,4.400683829089855,4.433600198751949,4.392699448410176,4.569309390971947,4.39290822716853,4.297741025338902,4.255866045112563,4.534556362543769,4.616142428775826,4.357782477334718,5.032786533999041,4.527376160369734,4.428955178722108,4.770038555176249,4.608018654315772,4.597038383067287,4.634555366577109
CG16815,1.8055602046516528,1.4885828514872803,1.6113970339630594,1.8265886079382825,2.2012607413197407,2.4284575645826343,2.6252446405341816,1.9845695693833127,1.3672995279145714,1.722091782155557,2.074070227187374,2.2804405253013766,2.777676447333352,3.709204026482699,2.084385994950783,2.2648374625611907,3.2360017904166556,2.671552674093492,2.4279660178816,1.8365634714120624
sbb,7.961379070263378,7.978964017717811,7.9237238390430145,7.952431156478072,7.990459876522924,7.973665061732252,7.929904424515699,7.99499802459494,7.964974915909627,7.95852455113479,8.049891314899945,7.9840708564954594,7.982248451171743,8.066742455821386,8.038656482564251,7.982714161750322,7.9753544372250635,7.998965166123647,8.041383440052442,8.00307249824407
CG10492,4.79365440651717,4.791704657875906,4.699002637825544,4.678140585137469,4.809693778562521,4.829085462776764,4.809542997675922,4.789509570274518,4.8515115150325645,4.865179561492419,4.954996993519216,4.761396236578488,4.867777198356,5.129555509389803,4.916422275619772,4.844120674221554,4.920858141870944,4.9222183671278925,4.945444644026872,4.835012685721401
Ing5,7.13571095553676,7.149784357280158,7.14843084354181,7.144940241279232,7.173226002579706,7.117021135492148,7.163708443419569,7.191052905378062,7.111891414627395,7.154985120454218,7.174314293046595,7.173267394407081,7.16471368511843,7.167082598343741,7.143915923642645,7.201941292460883,7.190901848946631,7.155873535706261,7.21788588964434,7.2620906123385405
mip120,5.773985114904648,5.728429126692275,5.720876753344268,5.811233330449102,5.79535923543866,5.727562838308639,5.751921055356839,5.81342749964238,5.791184895720087,5.8271701229070425,5.808753890291007,5.859313149535424,5.822521042970507,5.958666221503224,5.804724397193495,5.977639176931537,5.858008106433317,5.806675277979995,5.888962246400603,5.875433701080563
cmb,4.953289591600891,5.000752713948557,4.788728458134084,4.916537582048604,4.873137486407516,4.982093514542024,5.003097790606645,5.047389650884981,4.86963537691471,4.974192219685849,4.904719328830623,5.193690803488177,5.0970958386584275,5.0983282056634245,5.002823025223126,5.260492006183203,5.006199801964429,5.160941406537676,5.184203452482858,5.1449115023303955
insv,7.85465592832831,7.8596799992382795,7.8874003282187,7.882604362100948,7.876067012138368,7.835081963844524,7.8809646559247,7.857246640480716,7.857822393318946,7.883670527730614,7.926582231953346,7.864008262360438,7.9049484530525564,7.9437557934740575,7.927635854482599,7.9479505533344845,7.866425563931514,7.927531076643661,7.8908836736728665,7.919719970056202
REPTOR-BP,8.394695386555052,8.37176300324106,8.375143506312483,8.365492960533283,8.389179417867005,8.355791837190901,8.38284373797814,8.395787463194809,8.36495768488083,8.36547914805865,8.429572280361512,8.390618958193318,8.38626351798872,8.458609334066683,8.400277537755,8.426022842562498,8.400118604986089,8.410515896798344,8.418814127392652,8.430528022780063
D,7.46363217865749,7.44398215238691,7.438390441852727,7.383613096179716,7.3717942130201966,7.476106244286008,7.4592785728532895,7.4039364082601695,7.4481306665768585,7.428120953458922,7.583956368487737,7.437938209926815,7.5625478736460225,7.569614484847649,7.53933950983999,7.533780629357354,7.39155508784191,7.565010908949225,7.481731822670218,7.511877174461271
CG4282,4.788965516378953,4.786948380487546,4.79821863902042,4.735679842809018,4.873137486407516,4.786873345738013,4.851367218570003,4.755731170949637,4.846928756270477,4.86073985647989,5.00286736495738,4.939780791474963,4.988995545542222,4.925640151117043,4.849791544263837,5.006817483067789,4.755129155212735,5.070056269733255,4.7422661410010285,5.048133307404659
CG17359,4.603603654539177,4.6381460219800275,4.724744652029823,4.667313666348866,4.608234775796079,4.525572871119375,4.650410947153558,4.480652576778388,4.591945525267637,4.519344185139269,4.865279422198213,4.633363624577689,4.787301338843473,4.887212101001858,4.748355571625163,4.844120674221554,5.006199801964429,4.8458397928563315,4.1966014373159375,4.747453340828571
Nap1,7.592627107118858,7.564224321242483,7.569571091119526,7.581779410075994,7.552264849716115,7.545863817260061,7.598381893988002,7.56349380458021,7.588127718053786,7.555541479681982,7.664640140779776,7.583850480724722,7.608490070749266,7.645279384304599,7.579690924492021,7.628790462718322,7.595238652210298,7.648630115316244,7.557392462946335,7.607137666290473
Phf7,5.145023912085256,5.180022536456643,5.2768994686813615,5.1895549296469135,5.106988254845396,5.11130974553562,5.293008663372722,5.158324742581741,5.129188081081259,5.046954205510645,5.440622916856249,5.203393079121415,5.411077570533185,5.281393882655957,5.185995190471681,5.321338337435525,5.365536679467414,5.369314892165465,5.222093766521504,5.233144581166904
cwo,3.6595260350155288,3.0451446109513354,3.445531719958473,3.4921077154379483,3.310736812624426,3.3526022211613666,3.2367764195252877,3.239976511980759,3.1198533670655046,3.022079360980911,3.973655779846672,3.4846667543834178,4.088506044057945,3.7906239514181754,3.5391708995435796,3.5700462896399534,3.7169326800742577,3.8380669278338675,3.568198642460104,3.7242751914418903
CG12253,5.6144877496244705,5.582534651324643,5.772100056854474,5.739353842195187,5.68274448904942,5.766082708780691,5.686977765826494,5.688321785815902,5.732312945449375,5.643744446941266,5.798259235186264,5.72547348294329,5.851849123536056,5.777754885016778,5.799407164912417,5.736372997936188,5.796315043242318,5.711159730709128,5.804368583497843,5.850440988159853
ADD1,6.227551458510887,6.196513996498268,6.173547133380702,6.153028607007136,6.1875001843158834,6.177682562838777,6.161865407652902,6.236488414616762,6.155490222289606,6.125066389790442,6.311034799886886,6.203530040131431,6.308035053079686,6.185758017551139,6.29070487492625,6.227903670416413,6.288788240542327,6.274916966805372,6.236173005983307,6.236194609358663
CG8478,5.919126691316731,5.8783872242130055,5.8071455179174025,5.866875669480183,5.933736622419464,5.971896068968372,5.891509859469809,5.938239148598047,5.875108131087779,5.876706403529243,5.989704331418261,5.9177041776661765,5.991026513903182,5.954183468583259,6.0849968638847995,6.069531378252993,6.084563018974402,6.040296194428305,5.966954620479241,5.965087300724971
Zw10,5.889860989616762,5.883177661277806,5.86890943247683,5.757813863519587,5.91222189240548,5.833906416513912,5.843741958617662,5.8983414273100285,5.7151110005630334,5.804918096422667,6.011249928875017,5.950254683042876,5.903480334985773,5.855082073440785,6.048268266047427,6.007803554486817,6.044001521707235,5.831664802974357,5.85499167211882,5.960563812857481
Cdc5,5.779236579876143,5.7541304576070385,5.788022672129008,5.774141450910227,5.775966554179294,5.86372275497359,5.858812125809924,5.848592117192101,5.726611779255557,5.823778797885471,5.985338940988024,5.854289765516458,5.889661391606376,5.705532400427487,5.956927535112089,5.9420132647527755,5.979897011917488,5.831664802974357,5.907868142836897,5.819601111529958
Xpac,4.545369981122821,4.463264382554914,4.465038744793008,4.667313666348866,4.505885007917263,4.562220301279098,4.405779390163857,4.47416968674339,4.403332558801315,4.597584001744389,4.606562333655923,4.874881440141748,4.66881403104363,4.491994840403835,4.652386638958536,4.788224128505172,4.739994096359947,4.538539336870729,4.664199669014208,4.777499738703269
jumu,7.250703519091594,7.266182433455755,7.30600143435086,7.301130042805846,7.292194792324531,7.26651787828489,7.279751339878002,7.284534727996536,7.230907921814806,7.275718107006783,7.32606871061157,7.353888582838708,7.273877659652958,7.298344186919757,7.3298054249569775,7.343226413900726,7.305088585124603,7.299920324213514,7.310714579075432,7.298433197636704
CG11788,5.1581058063748095,5.320868707670908,5.244182379623697,5.3223892684731355,5.284815343735837,5.2827549416054405,5.175122351067686,5.281651450574499,5.149757210340959,5.111321755045971,5.285937740511303,5.501713098448774,5.316961880656252,5.35765189044395,5.349151601827048,5.402302168857751,5.234999621445904,5.437474438872825,5.35262231162166,5.4130097346334916
knrl,5.174221127021038,5.192812525728779,5.232014770745123,5.3223892684731355,5.064389666630856,5.148698474722125,5.287138684081889,5.237167086041429,5.255894611366624,5.398362423521982,5.5063040305205515,5.564203313791463,5.175879236755252,5.365776891753222,5.599409431875401,5.51958439079784,5.289275725344314,5.593094245903398,5.4158442461824565,5.655455327451207
CG8765,3.969601561381089,4.102104494549915,4.065309281392202,4.025753163031,3.872665278157844,3.824559731144175,4.009924464187723,4.080834503933663,4.09567204889005,3.996935393697956,4.256625626685972,4.106120288520077,4.000464300987917,4.062766344204486,4.108199067355778,4.428955178722108,4.308050508103949,4.361936692036363,4.2714857650761795,4.163547904569212
Dbx,3.0864105403088553,3.4618943943340827,3.26593076582052,3.5926501349684377,3.371679177627638,3.1772549226981557,3.165686223667723,3.239976511980759,3.4094094789768303,3.392035184017498,3.8334437690434955,3.679746581780766,3.197050733979628,3.5232928027778065,3.4313556063680544,3.825892151471284,3.5808103684945007,4.03481444857057,3.518388806054379,3.7658288590598277
TfIIS,7.0335316782316255,7.048790850761498,7.021359357358074,7.040022633310133,7.088762166537681,7.0227701955298665,7.0746757456576725,7.02550214602907,7.0397153580558145,7.028908671886923,7.136295931757737,7.084610423879619,7.046541243545673,7.089328013263378,7.0822978701614385,7.140961290404674,7.030061286142561,7.103307463271621,7.063857427542606,7.026710896691108
btz,5.373571088795652,5.37791082318234,5.336534609745226,5.38803562957738,5.420619812959956,5.468600366702871,5.44727736059657,5.3650904363856675,5.411043257778793,5.403547267141281,5.448137514584246,5.550650162175798,5.469234863729406,5.487528330176872,5.503818040916032,5.599318780703617,5.4210743274228905,5.535048722145187,5.524583544463662,5.34824580744045
CG12708,6.2441397961389855,6.248694883068852,6.278818629914405,6.222043935162562,6.22341517627033,6.2501079789161045,6.2611047842179905,6.18729363355189,6.1992019065028074,6.17411141672269,6.37526233751445,6.311171789363199,6.417782570805904,6.277635101295587,6.455715309388284,6.3675562798130505,6.301667837289285,6.348211120463928,6.397723513772219,6.243054082463271
Tes,4.533304960210599,4.50836092247281,4.491057196768402,4.482514241467912,4.518484228833847,4.580052381266528,4.461073518900257,4.4998528308417685,4.438495562943142,4.406821902598205,4.72130132386704,4.730891844009396,4.714907437905691,4.652832615143503,4.701521918271926,4.713651060769501,4.574527604944438,4.8458397928563315,4.664199669014208,4.405283703490846
Xpc,5.997910964366904,6.014366831051999,5.95716842469196,5.9273337064388745,5.963690546484084,5.920814020064504,5.950835746105051,5.966420357987872,5.975080567208408,5.951189368907325,6.093070067999818,5.963886956753361,6.083055820225965,6.048440312659502,6.124284119021501,6.097083563552802,6.096417443828667,6.015963526085264,6.055590109532371,5.942262422267743
Orc1,6.280751422608634,6.327312563434098,6.313659999470065,6.30581854978064,6.340345357802116,6.262232805551939,6.367496460238434,6.338297822542586,6.36117841962115,6.320757221579709,6.479266694661846,6.3639677023311725,6.352805720917723,6.428260098622395,6.427668346019299,6.482181362978078,6.427744035351081,6.40543591076659,6.3890799321772445,6.3187309726911165
Traf4,7.7908733743666,7.840291120164431,7.858158132226404,7.845206230314264,7.802826227794285,7.791412385439968,7.866115808691877,7.849489943868182,7.853969443721059,7.820210226549893,7.886873509323494,7.835250372340232,7.880543212472874,7.888820429377327,7.921268710590672,7.934441642124476,7.884986683241181,7.84928706452335,7.86410359898966,7.86250774280156
CG15435,4.592225056590751,4.702425567026456,4.559302536413069,4.770643799936261,4.695845869558279,4.732737078616943,4.6559598064530725,4.624827476038176,4.561860749956477,4.637307663902241,4.878599641598033,4.699427576295874,4.880582002938405,4.950462225446666,4.793093613184811,4.802493898418724,4.724626442655692,4.719077803537835,4.757173877575202,4.777499738703269
CG34031,2.306289942626024,2.929905549017112,2.9616861303748907,3.2544327248827702,3.1018499410101565,2.8040911964957407,2.7062025624880373,2.422115843547963,2.494362086211418,3.0765285610776183,3.527725393890768,2.921115212355978,3.2633143778431393,3.228392506554706,3.310495600501767,3.4124835081934246,3.5309819542153575,3.2673616932544256,2.9931775110171728,3.430474934043301
CG6340,6.386030469506232,6.415281434709855,6.384743509893005,6.3899420373543885,6.451385323779368,6.361247159836066,6.421946613151113,6.4334473250799435,6.419082590403956,6.40209151367377,6.492526852311473,6.575812862997563,6.463233182829196,6.4366148877124685,6.45294574781481,6.460823263660675,6.524444672436933,6.448969036975641,6.493403826105375,6.415316900194792
CG5815,4.980821070120298,5.042229148606308,4.951190850402926,4.937526775766448,4.981242046677028,4.899992976215394,5.092804574984791,4.95528336878903,4.900582604884403,4.851800872332735,5.184068518580964,5.17399919961941,4.9541474998483555,5.208353793344798,5.026197255716643,5.006817483067789,5.0955718466572195,4.97007768282995,5.1448207291180195,5.0923058436530475
ebi,5.177413259460724,5.245415712081281,5.191415366034709,5.279058258276033,5.231029636610835,5.244087331323403,5.321852572386371,5.190611362275926,5.125718380004757,5.238015506235925,5.5679357391868916,5.577575231048065,5.283513038384993,5.324475184788073,5.234049847711872,5.402302168857751,5.357344815540063,5.384868000934636,5.336171935158735,5.5029116264723195
CG18004,7.232909242825814,7.180722648654112,7.198062376051209,7.231543132730996,7.212078545611393,7.254405036498767,7.214241602802096,7.190192968680876,7.1603020106717725,7.1889503748410695,7.331776000359575,7.3253826373242035,7.307019885730835,7.290109597845902,7.226567026810169,7.282223432161201,7.252100716194483,7.2462063756339194,7.309562612059571,7.257143589255225
mim,5.599972818180221,5.591104622991815,5.551514872818345,5.510008513293797,5.624406255374432,5.659870230102693,5.686977765826494,5.53409150642386,5.503329834663905,5.5432842874831145,5.9033164218849175,5.839066408897585,5.637812427630707,5.646195127334848,5.710245512360979,5.708135201075998,5.678248935808012,5.694314318877954,5.751045508869379,5.591969643149965
Slip1,6.714100728929689,6.7118713594990185,6.730903094005039,6.717703708675,6.780389581195425,6.781245959337094,6.727747127944338,6.720039479793986,6.710640591852064,6.705430333265403,6.81415497037313,6.764814545384121,6.7635142076924994,6.719726082219355,6.756743692977619,6.804532467875736,6.750363351606713,6.7811766528904025,6.771537559403656,6.7939866034731615
Mlf,6.811355209490879,6.765361897129447,6.791256403503294,6.808052437791846,6.819391045966328,6.813325888831268,6.795776852378833,6.796860152636876,6.788065399224051,6.795500142432312,6.90187040032683,6.827633313049855,6.864685377829756,6.809592966921349,6.820185526284384,6.808352332479153,6.885789237970107,6.910019247821506,6.895752605879391,6.8950886446566075
pdm2,6.495022620135789,6.311868222832827,6.412384171896517,6.3472440644712185,6.435863329394784,6.472865406554334,6.377439690390921,6.368098804695698,6.325174061657801,6.384795705852224,6.424394526160341,6.50744382304274,6.536295727689899,6.352769562504771,6.585239365429762,6.471559333286416,6.534633947742271,6.510909256300623,6.549173691871193,6.5818978166716775
Pym,5.877277666136779,5.803632488644035,5.8721417808784455,5.878290823992968,5.918416335903304,5.92235428145166,5.886672838643417,5.801425697275901,5.893017806923482,5.914641189996537,6.019739846948715,5.9593634828989686,5.986826534455976,5.845110786680786,6.060661625759917,6.085368313257627,6.13871956412685,6.028203868274624,6.039301811682382,6.0800738540849535
msl-2,5.0839404661734005,5.038528851215339,5.108378956527492,5.119345168583502,5.068009683952114,5.145356678874452,4.955034273949542,5.025146141692462,4.992042761599114,4.986038801793778,5.259168340321315,5.203393079121415,5.0970958386584275,5.169730596843691,5.349151601827048,5.105712882549982,5.187404685128744,5.270545797339582,5.164705953135034,5.165202609650017
B-H1,2.5093062530637065,2.6085718930254376,1.988028099589889,2.1435181928191898,1.4915933385411317,2.321635824880137,1.9201228174487188,1.9845695693833127,2.5415193844565627,2.2020339977444574,3.0023179341546493,3.634427243501698,2.2384382600376957,3.4155319970730385,3.310495600501767,3.7061291397884766,2.705450114914076,3.1301063210580224,3.0760028134899917,2.8228546715937277
Mad1,5.429598096726497,5.449233420173529,5.472906339932046,5.395946509004138,5.453103012300568,5.480641724519039,5.44727736059657,5.444567948718659,5.4393803657253335,5.408705366761076,5.527272830111134,5.62934347193696,5.524194974198611,5.733930882601918,5.716057177490215,5.636922048048498,5.428762354530495,5.494391131458753,5.7232783654437265,5.591969643149965
icln,5.19008085758027,5.254418054313421,5.204083957357461,5.221331215744138,5.199849411203549,5.228807755472901,5.263308010262566,5.124960817836168,5.332243008586641,5.2471274478455125,5.354005714985326,5.371828541951554,5.357258475382568,5.373836409116027,5.429472059079893,5.4100493769457225,5.332358719546596,5.226327680379216,5.35262231162166,5.488478104839754
CG12942,4.6478658937463715,4.51464042302257,4.368241896780482,4.514728007972637,4.573295111655477,4.467953462584008,4.474432193061117,4.342265495722873,4.6551088626453385,4.62047608063199,4.736668522796644,4.776306439253773,4.729811564602886,4.791350145831381,4.6354566543017865,4.870939336860399,4.627103951657793,4.688584962369328,4.696161223277377,4.762589383774421
crc,7.889114098052648,7.858354837205814,7.903613166814541,7.869407863509348,7.887984187887691,7.889702407019708,7.888416389670445,7.871929413406044,7.886805344266301,7.835094041409148,7.910121735997999,7.919155922263837,7.931183918588207,7.931391468549668,7.8980053588957535,7.926372474021289,7.928679344363171,7.909772908586473,7.93315911522564,7.910086409414275
CG8565,2.4129412273283215,2.0619931879300837,1.988028099589889,1.915721999509197,2.427675837629537,1.9905733484898878,2.1480734464666646,1.8139839151649673,2.2797476097108356,1.819820401990498,2.7023197710778266,3.0944172867486937,3.126082642622581,2.9076444498326324,2.084385994950783,2.6951199577136644,3.0055064938069043,2.9709686639726396,2.263133842373915,2.2815209884093672
Nup50,6.202713047600868,6.242041121227407,6.237134307934538,6.263705998710727,6.3301696600745725,6.231075577653486,6.296053609223271,6.181413012157821,6.275792419991684,6.283920278187962,6.32046660913101,6.317529708032151,6.447426606844421,6.463970568534968,6.313281511628592,6.331361902645717,6.399135757922463,6.377232794353998,6.406293023652104,6.346851786484294
CG5726,3.7695716490984457,3.641974659547491,3.7159607260498353,3.7677007396144826,3.731843702052332,3.732680529769322,3.6743710968612002,3.6093999082137556,3.8295314567762815,3.568734273774771,3.755202353178755,3.804547836955683,3.8339497409201524,3.969174823492258,3.985225172973675,3.998260658073318,4.156140609805201,4.092643639563103,4.222191038328144,4.190526458449608
Axud1,5.60621931865027,5.694383211680731,5.705746318607699,5.624994656626201,5.686645090614901,5.625260514299063,5.585276336965174,5.680566092441402,5.675790770506623,5.655872164026816,5.715828935996076,5.702293366269297,5.807528015101839,5.793706087731814,5.727580152419374,5.790563480972802,5.832763550348522,5.811723390870284,5.888962246400603,5.760465943919877
ena,6.894847749699152,6.910548463549323,6.940453252495562,6.893263706113474,6.922947633177254,6.927753948125173,6.914158944650702,6.940321920044138,6.922362173234376,6.938965970912048,6.948026526599815,7.025508530972471,6.969241374824306,6.960032150799165,6.941256941200324,6.963434099443602,6.9663020925364085,6.99526693013565,7.007788975111267,6.982015622485068
Lim1,3.431902800089493,4.0830106274021745,3.9172756091785104,3.88142139624785,3.8111013756126284,3.8735048018193163,3.581594240766708,3.639819240529829,3.693655170826517,3.584801312934311,4.152838321419267,4.215610570817949,4.399808334519825,4.148343245464679,4.243290612655816,3.8628247837682865,4.331267938752599,3.973434664245063,4.467420556466667,4.135821279819568
CG9215,4.470694728759121,4.575357517650211,4.5652817804560755,4.50196675643643,4.493125018926676,4.454685440606563,4.461073518900257,4.467644494455209,4.530842731974265,4.392711381329588,4.673729890046512,4.666941056969871,4.552203231967084,4.566687640529434,4.778402203058836,4.633065468045592,4.739994096359947,4.573882296203695,4.664199669014208,4.747453340828571
Alh,6.3302577793191945,6.401146908553078,6.42174100277282,6.394790641876717,6.37711997763262,6.350271640950514,6.371485624259975,6.290805160671023,6.3438524313240965,6.293523009380784,6.465828339660217,6.453605078144949,6.428664167105538,6.428260098622395,6.4445907406885405,6.43346771930728,6.482616493834518,6.432865380771253,6.4562228978666205,6.468540505439243
E(z),6.052511877400083,6.089696666317974,6.024505404329689,6.025765109446963,6.077902752145398,6.061498948096541,6.08669162689239,6.070499951602845,6.083452769849623,6.057485451049855,6.131599352565872,6.203530040131431,6.211991004977226,6.072676326604663,6.1694779410608085,6.2481350302964715,6.228684636524208,6.164471719553337,6.095186619471304,6.146228145282873
roq,5.141726522510982,5.123762658684991,5.076713565091914,5.108900357343544,5.167665603497295,5.046942200842622,5.074767718533306,5.128347749931647,5.149757210340959,5.043253794507761,5.277093991026668,5.388014130519013,5.30870397401445,5.149844794256377,5.340753005090864,5.287023592632321,5.40551865107898,5.353516057368665,5.114231226339044,5.260906476372379
CG11723,5.903830505051614,5.847502956816661,5.841004266197153,5.765103500936176,5.791861151020781,5.803173670110601,5.814641162470621,5.728080721242216,5.703476413568275,5.8538944728445825,5.96768428004086,5.931784328986146,5.991026513903182,5.908214757752517,5.924527524222584,5.9992776051393815,5.979897011917488,5.930292619216901,6.014360842397931,6.0049034622832425
Brf,4.887359848087627,4.8425829511845935,4.764601337295844,4.760778214714568,4.873137486407516,4.732737078616943,4.740793375025801,4.74089797206606,4.671664659183311,4.829097448537642,5.00286736495738,4.927133507218551,4.918041084196228,4.887212101001858,4.849791544263837,4.983446310283507,4.920858141870944,4.884758113637509,4.895170492254488,4.9900238517610855
Noa36,5.0839404661734005,4.996895411544604,5.204083957357461,5.17655619390682,5.131024400853033,5.0395276354994625,5.092804574984791,4.986937499288031,5.169911763666167,5.168530085607234,5.303394006584681,5.371828541951554,5.283513038384993,5.227120016866784,5.243389756089432,5.233237264627101,5.389717166926888,5.548242026279188,5.376801340542942,5.305529358837678
grn,4.700573328327136,4.632598122366378,4.672580424066924,4.72546141699574,4.53092668248024,4.481047746795414,4.138537513264603,4.4411094218593234,4.60373050194488,4.722583295066202,5.134095567599152,5.42736778141521,5.011570694924882,5.0876985804939405,5.060265055614954,5.370698821107341,5.2715090121583685,5.345522042084917,5.1448207291180195,5.251737881199888
REPTOR,5.3169934645248595,5.289638247087621,5.350224237855928,5.426978674905592,5.270162726601365,5.1975298513191035,5.333161146486526,5.346234797674716,5.291857900851627,5.353170876037878,5.51334259811396,5.550650162175798,5.3332758882055655,5.47309573067689,5.474739507029598,5.533322813982772,5.530614450560909,5.580483280882769,5.531429111536156,5.4738332019612885
nerfin-1,7.186986926131719,7.185931561550815,7.153371907449204,7.179515830460805,7.2507007261590415,7.202293427758009,7.143677889888035,7.232308840121582,7.282482550025465,7.26492335874556,7.524744572415925,7.462439996496768,7.338009639418544,7.339654473331874,7.4874829920492365,7.33425351295599,7.491784734649804,7.360572080675571,7.382881502490822,7.528082377788004
chinmo,6.085182971467098,6.197677803822017,6.049139021336596,6.126817291551634,6.1624165176816605,6.13381270390008,6.140778509800656,6.156329664885746,6.123970090391497,6.279622618529422,6.556311788327798,6.414115435732683,6.292654713182239,6.241216590052483,6.310087316820542,6.39386747862174,6.360677787752358,6.206058582517071,6.394850613195606,6.492795961591734
dmrt99B,2.5093062530637065,3.0451446109513354,2.931604803074118,2.878992712836726,2.5691404336617416,2.3764723775878718,2.6252446405341816,3.1705889059097254,2.8209968924503213,2.76868878356368,4.067254991143877,3.679746581780766,3.2633143778431393,3.828975767663279,3.7667179219597138,3.520233716884213,4.099903413276735,3.4956956270215307,3.4106450039738587,3.309618711347209
Trf,6.493314342956612,6.491809279056967,6.484896389978281,6.535343847848688,6.516278140648032,6.479940445255556,6.49843664547566,6.520324784622823,6.541863553287051,6.513744174674129,6.620915970588933,6.618926145554481,6.592968549402823,6.616355038669403,6.540518994247648,6.5411608083278,6.6288899538246815,6.55257232581142,6.5854902169568375,6.603581822368835
CG7101,5.000032445363889,5.031086924758068,4.955235415301092,4.9122863551586216,4.924487406012718,4.97418022088042,4.8827293116374895,4.994696912798148,4.939014460187776,4.925350524917422,5.312009183226118,5.153912034208128,5.213059362147271,5.198836943561868,5.082348756793046,5.1665963231774095,5.2715090121583685,4.9931749320569265,5.154812768078956,5.242484444411696
Phf5a,8.79727190116214,8.773750242639506,8.798894921271618,8.779204739848893,8.796654486340987,8.793858812601586,8.806227759521038,8.804007911015782,8.796387693532976,8.777531436222455,8.849915298988837,8.844766046376028,8.848462931839512,8.849082987481852,8.852935994888048,8.829143382168356,8.80078877159496,8.835437280521962,8.858338846225912,8.830665107042153
tef,6.009072254230563,5.959814285927722,5.966021360245564,6.047904400100305,6.012639342928484,6.053431575284728,5.998201655463654,6.014949133946587,6.056413483431927,5.958638297679603,6.116365312224277,6.174706425158489,6.13881229294163,6.164141597284317,6.116549177540269,6.138902128029437,6.027304763117362,6.139389271404508,6.106766161143663,6.071995245367682
CG15696,0.0,1.7181875463249967,3.046854290484798,2.209216499950785,3.483439731052822,3.8853757045688506,2.6252446405341816,2.471501932122853,2.1522641808296616,3.177266501212186,4.991112888094192,4.914324218053865,4.291234292177172,4.912994173299303,5.002823025223126,5.126421971623,5.244252690424228,4.173562839001023,4.9933118309442,5.26999177157292
GATAe,1.8943458791138177,1.9047934556383186,1.719660802054415,2.0731982024641353,2.3208626231718448,2.066134666885747,2.1480734464666646,2.518563389222563,2.444870441772469,2.136396054485698,2.9119626384989434,3.5869561614750487,3.9693059811686653,2.997978249659793,2.8237107221449533,3.520233716884213,4.0091327703831,3.9080396023029196,3.0760028134899917,3.309618711347209
CG30460,4.127143113591966,3.514309183826653,3.445531719958473,3.7677007396144826,3.823721101767837,3.6761208263170113,3.8744571550158047,3.9358824803900627,3.8167451210889816,4.134758047115918,4.327957192051024,4.360198837892598,4.459710360428425,4.1753153567787,4.108199067355778,4.273360471684507,4.574527604944438,4.703947605121297,4.295250856040787,4.526475880893909
Fer1,3.856832140209205,4.01315600320922,4.065309281392202,3.939424421523079,4.221877446838588,4.028097939485712,4.201497934711661,4.051493329864019,4.09567204889005,4.068219229022196,4.606562333655923,4.730891844009396,4.516226028157426,4.925640151117043,4.748355571625163,4.428955178722108,4.693163962352611,4.703947605121297,4.295250856040787,4.684508544315814
mira,8.360008794210003,8.339095510275644,8.32713047093611,8.331487861068545,8.347072097203823,8.33849423366054,8.353929515874308,8.33565192128824,8.314099572475056,8.334376203787482,8.44277466394621,8.441900903179485,8.416368176172092,8.440080524354872,8.432587781689154,8.463138646034567,8.428740906980272,8.434929056444897,8.385575386618624,8.404104031900092
Droj2,7.463956089379432,7.447987833976956,7.453439656364039,7.418968374978119,7.4371051963607435,7.474803626738139,7.448149426821765,7.460327360315131,7.455937347120235,7.458056858279688,7.525682592838145,7.576679224325446,7.513478928461766,7.564240908892545,7.552356069404928,7.547528699578404,7.522451019662978,7.578868812789485,7.483670595857474,7.5374936032020825
NK7.1,3.0864105403088553,3.0719926848013803,3.0998528312810634,3.1358852170819187,3.267942279639105,3.290393861456888,2.9158981019882257,3.0698818648044535,3.1453587371158256,2.9644938568919033,3.870382480213233,4.076766338891029,4.000464300987917,3.9015302578805797,4.1644438778513,4.273360471684507,4.040314147555371,4.147310648711085,4.027568450702791,3.430474934043301
Six4,4.508729242206424,4.329496534823779,4.3462219668869215,4.247393273978171,4.196287966832375,4.580052381266528,4.50062581139481,4.399937998060409,4.537123782679057,3.996935393697956,4.94266257090834,5.000723684788467,4.988995545542222,5.032786533999041,5.037682630175808,5.195702154914255,5.373661981655668,5.1800634996967965,4.907977961291472,4.8066696226241445
CG15646,6.742485414633976,6.81988883081149,6.7087835851940785,6.743971412484482,6.808039771648742,6.689108630214382,6.71934793845453,6.735069623663039,6.665466765458112,6.761504176440912,6.884220026553774,6.9288813759104,6.910839783398839,6.976330369116767,6.9547805244359635,6.9386426949377915,6.901716719727504,6.938162409443246,6.993661797163244,6.928362665922788
tap,6.7471388414896865,6.680072152123042,6.666671971200923,6.625311854517989,6.732991838996463,6.770100061301896,6.675525939707877,6.666306920811897,6.651204503191023,6.72631168854137,7.029793005808014,6.837101836016317,6.945320480356971,6.945133126603952,6.997510255346293,6.918357317496735,6.905221971409195,6.934892264586714,6.895752605879391,7.0157229606489
ham,3.356066515111692,3.7001738667998643,3.9398128609793246,3.6840008960325483,3.7853738613037997,3.6761208263170113,3.3852983811167126,3.9794848189006786,3.8167451210889816,4.078000161107225,4.5890410636626005,4.776306439253773,4.53437641623639,4.762184028194592,4.821844356836471,4.698045105733745,4.9705127494031744,4.591096129556016,4.696161223277377,4.5819750605153216
Sox21a,0.7559527876337123,0.9989414724312342,1.719660802054415,1.9975567475726514,1.6130711923085945,1.3539272094542947,1.2025873955046402,1.7163715088884934,1.205907985190894,1.3539361718594316,2.7023197710778266,3.2420753058681333,3.2633143778431393,2.9076444498326324,2.92311501754009,2.6951199577136644,3.302369833787163,3.1301063210580224,2.8035847615522744,3.172122149665516
cnc,4.375882243606001,4.569449041067119,4.788728458134084,4.735679842809018,4.4538380591312094,4.824482263127117,4.650410947153558,4.934978327956606,4.922115711893443,4.895717543053702,5.829418456502267,5.713950587828775,5.894288956665139,5.646195127334848,5.836047394699209,5.92831938560423,5.822484542598326,5.7600574735734185,5.62264971654335,6.161177853868783
SoxN,6.3006417331297975,6.295127032332271,6.265841907637037,6.243654678247943,6.280905949831958,6.232205214192909,6.2074522788439,6.271589253154608,6.308273016586328,6.200094862874991,6.50561347674854,6.543477320148223,6.678717114843425,6.668276344963317,6.733971597593331,6.669518151930447,6.576816181965852,6.566872098220279,6.521677493355146,6.6248055940301755
Pdp1,5.458884876529524,4.6972239639087165,5.069538536269711,5.1895549296469135,5.1411513406226765,5.076062636198816,4.900218566977933,5.327016780023515,4.878575599969836,5.302984808950696,6.734681097502754,6.551032710164082,6.927407514565345,6.4113381511886685,6.018738753586809,6.642884201829699,6.735961974336311,6.703771543031437,6.162734107138292,6.716169150412351
exd,6.708601565802605,6.769309922992558,6.720595465131576,6.738498419004906,6.79591641621529,6.779941106899099,6.729140159699266,6.693534055382235,6.727593627680183,6.75080703216263,6.980893144547262,6.932314446585173,6.991062799983142,6.883212751951287,7.013470548445796,6.984433792942403,6.944673261608255,6.936528673745308,6.954983508537536,6.924911820680424
hbn,2.8222686760680142,2.5205986950206873,2.4751725094520802,2.8116874314805678,2.933584664681215,3.1772549226981557,3.165686223667723,2.5635092554931265,3.093680408895562,2.4284685815997116,4.5712073156182615,4.266165427378812,4.854806301677539,4.4320698664471685,4.778402203058836,4.56356822497691,4.41909557563789,4.501901342662957,4.907977961291472,4.242393566691907
lola,8.893095947871437,8.887299329177107,8.89027817556048,8.874038925387355,8.909576217101508,8.894409022980522,8.890322708358838,8.899903855463402,8.906702775230995,8.894263496032432,9.100532544334442,9.018164404873302,8.994204214680863,9.051713454269454,9.052115733895302,9.018908927611673,9.031861068477541,8.999451167883887,9.035438464551703,9.010173836554612
Capr,7.2345400521190175,7.188093959396904,7.189023236196917,7.179515830460805,7.235926632829227,7.218424585966483,7.197388856695989,7.227761973726255,7.19161453925327,7.2264056961666405,7.46080491931973,7.4032369452175475,7.396221171664689,7.407028970299121,7.397830933488388,7.377255271556414,7.4295514535042795,7.333458223671713,7.404078155756818,7.37842385795268
fkh,4.941254326699903,4.903804557567321,4.749840610924475,4.9122863551586216,4.837378219814923,4.8957055510680645,4.921658585877396,5.051049270706389,4.837699748367428,5.093853485895517,5.632235584694815,5.479984042072247,5.372933176334428,5.550015000392925,5.421724179069921,5.51958439079784,5.502556811552079,5.711159730709128,5.56497118144437,5.604993312137228
dac,3.1609412851717473,3.2195029739214798,2.99088893426435,3.4921077154379483,3.2232341793124983,2.83829357728441,3.4612106839018217,2.9278104012909827,2.920384953293111,3.177266501212186,4.736668522796644,4.486497931350699,4.603852708417316,4.619259787222444,4.44823379726272,4.909865154197826,4.693163962352611,4.538539336870729,4.614256289126331,4.467714612712061
Hmx,3.0864105403088553,2.799635498867543,2.835517794840928,3.1103909094237605,2.9636692926255668,2.6938498736129737,3.140820257924182,3.0960252770733057,2.951434135326434,2.934407858519759,4.206077845745891,4.106120288520077,4.143169308174697,3.969174823492258,3.9175591535631975,4.273360471684507,4.353958529065837,4.444297487018341,3.9309698814564853,4.047707016960386
Rx,1.8055602046516528,2.0619931879300837,2.260975260526501,1.620237093408099,1.819091915426857,1.9088323962765088,2.275490772579522,1.8139839151649673,1.205907985190894,1.990583780188438,4.372832973059969,4.106120288520077,4.030681043993408,4.276468839663272,3.8449799801211157,4.029435831836358,4.234977366769159,3.9412716023139565,4.506199753640317,3.9166671421667436
oc,5.56381947133291,5.549726815539006,5.506026201439245,5.584496956707844,5.562452670269058,5.534237554949075,5.3878617738188925,5.409454864226697,5.484085035475424,5.597973728884193,6.395786406346186,6.231546077293504,6.211991004977226,6.287341478413686,6.313281511628592,6.271232314728632,6.282285696760104,6.287511819860213,6.177144590320444,6.201173190305016
TfAP-2,2.638403972680551,2.989184167431996,2.6911009421600385,3.05736544849325,2.2012607413197407,2.612966961772364,2.0777094805457113,2.257385386528909,2.5415193844565627,2.6938611389526166,4.640709940954434,4.314287010943679,4.4977401039993765,4.619259787222444,4.546220391145291,4.449331029262042,4.41909557563789,4.483066353704487,4.771862634041465,4.526475880893909
bi,5.186928970142868,4.989135881367931,4.871062261399282,5.258176099574604,5.224870883301621,5.191155136364378,4.955034273949542,5.100925551539676,5.28298760246358,5.072480626907615,6.495157913844947,6.317529708032151,6.398450119041351,6.349749120107951,6.407556667479894,6.6247257955421475,6.501131964540057,6.168004115739849,6.4562228978666205,6.539610187414999
gt,3.969601561381089,4.183783373189683,4.1500692838488575,4.114721266890435,3.884535970527491,4.231108681213773,4.260728044461105,4.127900803915378,4.289754371959601,4.134758047115918,5.4776436308930005,5.775743906890573,6.059852631799333,5.733930882601918,5.599409431875401,5.871587879266514,5.842937974205569,5.521679024936923,5.772717117793677,5.928313166674062
CG7900,2.4129412273283215,2.317358611604477,2.133785434238709,2.435831360400379,1.9898331691747881,2.612966961772364,2.0777094805457113,2.5635092554931265,2.1522641808296616,2.524972820242634,4.096604170636798,4.106120288520077,3.903916278864938,4.148343245464679,3.806614374447945,4.145240872494923,4.0091327703831,3.9412716023139565,4.1966014373159375,3.9166671421667436
cas,6.708601565802605,6.700680466146581,6.662288388832696,6.665957865206734,6.662911478108894,6.646758517142552,6.6879328866347265,6.640556055498703,6.570954469445872,6.570062538573821,7.170309347992906,7.163795953408276,7.169884349156575,7.240467263357989,7.167266445197762,7.123031739259318,7.174998480348744,7.185626307427486,7.2000414856915675,7.166357026203096
Optix,3.969601561381089,3.4437939782609677,3.7702144653771565,3.6084666010051767,3.930657868191816,4.068207353381587,3.581594240766708,3.8177550121871957,3.9603441834369137,3.6161810830065773,6.089134216406589,6.008030708337799,6.083055820225965,6.1604929912649276,5.99271461682576,5.9992776051393815,6.161060786263869,5.943620567147719,6.091296782491581,6.0760427076939845
erm,2.4622840686123655,1.9864791159158317,2.133785434238709,2.1435181928191898,2.26284869378993,2.3764723775878718,2.7062025624880373,2.762158311324562,2.2797476097108356,2.477884382975341,4.736668522796644,4.761396236578488,4.880582002938405,4.900186224255894,4.564716074865195,4.857619907930015,4.855108143248473,4.871952898168298,4.800608295979134,4.5819750605153216
tll,3.394703378162582,3.4437939782609677,3.3497569588915246,3.360404397754044,3.410337254528867,3.552393127491159,3.581594240766708,3.3255852548481064,3.428563646702631,3.5524048636062564,5.686769785400289,5.770281484328422,5.706965689829708,5.6822182752746055,5.8308945558402,5.7799577695014115,5.436391726532633,5.682924300969954,5.653311822253321,5.685748057239111
toy,4.214328720724924,3.9155163220994127,4.065309281392202,3.994246743552716,4.037434888355104,4.017814076471848,4.285076402083315,4.080834503933663,4.055948648572338,4.255866045112563,6.214958298931859,6.1412546879961045,6.09445859304235,6.145763968679093,6.060661625759917,6.21072580457413,6.080580108701136,6.15736927187849,6.151788308799661,5.956019770032193
fd102C,2.051278395715656,1.9047934556383186,2.3737980124594227,2.270863346501717,1.9081021964308655,2.7686774593207892,1.3637670475504595,2.471501932122853,2.3378712226564486,1.1933499269483556,3.755202353178755,4.40409497451999,4.268029646905939,4.276468839663272,4.339592351057033,4.581400556105805,4.755129155212735,4.295384806109392,4.318464253149531,4.216796249498655
Gsc,2.1213818387105534,2.317358611604477,2.425769309847878,2.7762561082417734,1.819091915426857,2.903377120631949,2.4900113387954232,2.6873647454632397,2.7855441978225746,2.32164672179652,4.917527709626354,4.699427576295874,4.828348595734909,4.584520551562511,4.748355571625163,4.844120674221554,4.920858141870944,4.641028084870773,4.467420556466667,4.4265300315178395
croc,3.0864105403088553,3.3679265822081836,3.5495291536150524,3.4921077154379483,2.933584664681215,3.7188376736278363,3.189948845553721,3.365789466539455,3.649011247004772,2.9937010629610117,4.865279422198213,5.250540754228435,4.965898964741779,4.776873416046563,4.876978874176084,5.029654895011557,4.755129155212735,4.858981579874285,5.038992036467565,4.4876878235509166
scro,2.2483714738731684,3.2195029739214798,2.3737980124594227,2.532400852794856,2.6121724933952923,3.3526022211613666,2.7810943379015423,3.0154507073912735,2.7855441978225746,2.2020339977444574,4.606562333655923,4.598619458889867,4.841664947429654,5.009948646494457,4.978889337106214,5.0519823832418975,4.8275479491916915,4.958325871871096,5.004928993613374,4.79219103715908
Vsx1,1.8943458791138177,2.197805284389869,1.3517408499155674,1.3599299457439284,1.1927441886310857,1.819810277658481,1.3637670475504595,2.1302523270053872,1.3672995279145714,1.1933499269483556,3.2991385412014416,3.4846667543834178,3.5887946016119803,3.2947404741420594,3.372750385848523,3.7061291397884766,3.0883831956617698,3.3880316000095827,3.518388806054379,3.9166671421667436
ase,7.13075212717956,7.15381617127922,7.108935333050668,7.149498702423652,7.184170661133805,7.1062443642110615,7.180247219983984,7.134014639975309,7.1470368480618625,7.18416825719871,7.374118623003637,7.40216636086624,7.2831305940966224,7.240467263357989,7.360487271843544,7.376175450438487,7.34193479086429,7.295362401304503,7.325570628315229,7.339228127869102
wor,7.752789585931355,7.787145479123331,7.80424770456849,7.767895395577605,7.75552123765618,7.741514471625098,7.826490591577058,7.757505949657624,7.73677407938274,7.784993175046204,7.9082048943020675,7.908883416540668,7.872273954202175,7.941910862526582,8.006331708418502,7.9944267817296195,7.981933121003989,7.9226636856758805,7.93624348021792,7.9708033210710445
CG5516,6.613206632687683,6.607109506416705,6.59959066863966,6.629145548947363,6.604792531694942,6.618773886218391,6.553024286189022,6.584613604406226,6.558590413273489,6.6210843803335635,6.7449676677203145,6.744345910038491,6.819962945471644,6.8115010819427635,6.682410265865597,6.806444224097034,6.682766207077407,6.736255493064363,6.8026333530491385,6.770060525545929
disco,5.128427148817378,5.454138410033732,5.441137911676237,5.199194284217336,5.319129709525286,5.483032694028251,5.491432728891545,5.278746605939138,5.277030054083986,5.311526015693252,5.874409186925982,5.823607714445019,6.280177818607944,5.8747312346561875,5.881265732078577,6.037084621858591,5.962084962609773,6.032250912572665,6.137005008626596,5.715150054169542
CG15141,6.879859895647405,6.8892250655885805,6.915757115576145,6.864046731744988,6.892524715147071,6.86200357693071,6.9342029358088935,6.878825482803368,6.856235557608601,6.898625104978178,7.042033529874744,7.011358895745635,7.089368426430495,7.076247906348318,6.959805086558718,7.093371874347092,7.0408128718875895,7.065226118025374,7.102875179127955,6.985275243913514
Dll,2.6779810080028317,2.317358611604477,3.2438283284237763,2.8459062154234878,3.075699241321614,2.9936895859655572,2.9469394496306553,2.606521583934512,3.218189563977427,2.6938611389526166,4.096604170636798,3.308459263609472,4.143169308174697,3.709204026482699,3.806614374447945,3.898441840213091,3.976947735568138,4.03481444857057,3.996394348621351,3.8057244879356538
gukh,5.9665591153312,6.022714718890575,6.040995053895186,6.018744842627358,6.076585648972298,5.986436691506645,5.988030367334315,6.074446012911997,6.139223791834761,6.034362736721291,6.291900034508049,6.234993531416794,6.304977851291474,6.237839093689809,6.375111971685438,6.14632112645781,6.272451906318712,6.216190578295376,6.298268122225579,6.201173190305016
